# Rhino

mtllib redhill-peaks.mtl
usemtl Glass
v 2641.166015625 100 -752.0306396484375
v 2641.166015625 100 -1179.3641357421875
v 2641.166015625 100 -1606.697509765625
v 2687.78857421875 100 -752.0306396484375
v 2687.78857421875 100 -1606.697509765625
v 2641.166015625 100 -1464.2530517578125
v 2641.166015625 100 -1321.80859375
v 2641.166015625 100 -1036.919677734375
v 2641.166015625 100 -894.47515869140625
v 2687.78857421875 100 -894.47515869140625
v 2687.78857421875 100 -1036.919677734375
v 2687.78857421875 100 -1179.3641357421875
v 2687.78857421875 100 -1321.80859375
v 2687.78857421875 100 -1464.2530517578125
v 2641.166015625 100 -752.0306396484375
v 2641.166015625 245 -752.0306396484375
v 2641.166015625 100 -1606.697509765625
v 2641.166015625 245 -1606.697509765625
v 2641.166015625 100 -894.47515869140625
v 2641.166015625 100 -1036.919677734375
v 2641.166015625 100 -1179.3641357421875
v 2641.166015625 100 -1321.80859375
v 2641.166015625 100 -1464.2530517578125
v 2641.166015625 172.5 -1606.697509765625
v 2641.166015625 245 -1179.3641357421875
v 2641.166015625 172.5 -752.0306396484375
v 2641.166015625 172.5 -1179.3641357421875
v 2641.166015625 172.5 -1393.0308837890625
v 2641.166015625 136.25 -1179.3641357421875
v 2641.166015625 136.25 -1393.0308837890625
v 2641.166015625 208.75 -1179.3641357421875
v 2641.166015625 208.75 -1393.0308837890625
v 2641.166015625 245 -1464.2530517578125
v 2641.166015625 245 -1321.80859375
v 2641.166015625 245 -1036.919677734375
v 2641.166015625 245 -894.47515869140625
v 2641.166015625 172.5 -965.6973876953125
v 2641.166015625 208.75 -965.6973876953125
v 2641.166015625 136.25 -965.6973876953125
v 2687.78857421875 100 -752.0306396484375
v 2687.78857421875 245 -752.0306396484375
v 2641.166015625 100 -752.0306396484375
v 2641.166015625 245 -752.0306396484375
v 2641.166015625 172.5 -752.0306396484375
v 2687.78857421875 172.5 -752.0306396484375
v 2687.78857421875 100 -1606.697509765625
v 2687.78857421875 245 -1606.697509765625
v 2687.78857421875 100 -752.0306396484375
v 2687.78857421875 245 -752.0306396484375
v 2687.78857421875 100 -1464.2530517578125
v 2687.78857421875 100 -1321.80859375
v 2687.78857421875 100 -1179.3641357421875
v 2687.78857421875 100 -1036.919677734375
v 2687.78857421875 100 -894.47515869140625
v 2687.78857421875 172.5 -752.0306396484375
v 2687.78857421875 172.5 -1606.697509765625
v 2687.78857421875 172.5 -1179.3641357421875
v 2687.78857421875 172.5 -965.6973876953125
v 2687.78857421875 136.25 -1179.3641357421875
v 2687.78857421875 136.25 -965.6973876953125
v 2687.78857421875 208.75 -1179.3641357421875
v 2687.78857421875 208.75 -965.6973876953125
v 2687.78857421875 245 -894.47515869140625
v 2687.78857421875 245 -1036.919677734375
v 2687.78857421875 245 -1179.3641357421875
v 2687.78857421875 245 -1321.80859375
v 2687.78857421875 245 -1464.2530517578125
v 2687.78857421875 172.5 -1393.0308837890625
v 2687.78857421875 208.75 -1393.0308837890625
v 2687.78857421875 136.25 -1393.0308837890625
v 2641.166015625 100 -1606.697509765625
v 2641.166015625 245 -1606.697509765625
v 2687.78857421875 100 -1606.697509765625
v 2687.78857421875 245 -1606.697509765625
v 2641.166015625 172.5 -1606.697509765625
v 2687.78857421875 172.5 -1606.697509765625
v 2641.166015625 245 -752.0306396484375
v 2641.166015625 245 -1179.3641357421875
v 2641.166015625 245 -1606.697509765625
v 2687.78857421875 245 -752.0306396484375
v 2687.78857421875 245 -1606.697509765625
v 2641.166015625 245 -1464.2530517578125
v 2641.166015625 245 -1321.80859375
v 2641.166015625 245 -1036.919677734375
v 2641.166015625 245 -894.47515869140625
v 2687.78857421875 245 -894.47515869140625
v 2687.78857421875 245 -1036.919677734375
v 2687.78857421875 245 -1179.3641357421875
v 2687.78857421875 245 -1321.80859375
v 2687.78857421875 245 -1464.2530517578125
vt 0.04918452724814415 0
vt 0.04918452724814415 0.45008304715156555
vt 0.04918452724814415 0.9001660943031311
vt 0.0969042107462883 0
vt 0.0969042107462883 0.9001660943031311
vt 0.04918452724814415 0.75013840198516846
vt 0.04918452724814415 0.60011076927185059
vt 0.04918452724814415 0.30005538463592529
vt 0.04918452724814415 0.15002769231796265
vt 0.0969042107462883 0.15002769231796265
vt 0.0969042107462883 0.30005538463592529
vt 0.0969042107462883 0.45008304715156555
vt 0.0969042107462883 0.60011076927185059
vt 0.0969042107462883 0.75013840198516846
vt 0.0983690544962883 0.56050080060958862
vt 0.0983690544962883 0.71346861124038696
vt 0.99853515625 0.56050080060958862
vt 0.99853515625 0.71346861124038696
vt 0.24839673936367035 0.56050080060958862
vt 0.39842444658279419 0.56050080060958862
vt 0.54845207929611206 0.56050080060958862
vt 0.69847983121871948 0.56050080060958862
vt 0.84850746393203735 0.56050080060958862
vt 0.99853515625 0.63698470592498779
vt 0.54845207929611206 0.71346861124038696
vt 0.0983690544962883 0.63698470592498779
vt 0.54845207929611206 0.63698470592498779
vt 0.77349364757537842 0.63698470592498779
vt 0.54845207929611206 0.5987427830696106
vt 0.77349364757537842 0.5987427830696106
vt 0.54845207929611206 0.67522662878036499
vt 0.77349364757537842 0.67522662878036499
vt 0.84850746393203735 0.71346861124038696
vt 0.69847983121871948 0.71346861124038696
vt 0.39842444658279419 0.71346861124038696
vt 0.24839673936367035 0.71346861124038696
vt 0.32341057062149048 0.63698470592498779
vt 0.32341057062149048 0.67522662878036499
vt 0.32341057062149048 0.5987427830696106
vt 0.25133681297302246 0.10968535393476486
vt 0.0983690544962883 0.10968535393476486
vt 0.25133681297302246 0.15886987745761871
vt 0.0983690544962883 0.15886987745761871
vt 0.17485293745994568 0.15886987745761871
vt 0.17485293745994568 0.10968535393476486
vt 0.0983690544962883 0.21937070786952972
vt 0.0983690544962883 0.37233847379684448
vt 0.99853515625 0.21937070786952972
vt 0.99853515625 0.37233847379684448
vt 0.24839673936367035 0.21937070786952972
vt 0.39842444658279419 0.21937070786952972
vt 0.54845207929611206 0.21937070786952972
vt 0.69847983121871948 0.21937070786952972
vt 0.84850746393203735 0.21937070786952972
vt 0.99853515625 0.2958545982837677
vt 0.0983690544962883 0.2958545982837677
vt 0.54845207929611206 0.2958545982837677
vt 0.77349364757537842 0.2958545982837677
vt 0.54845207929611206 0.25761264562606812
vt 0.77349364757537842 0.25761264562606812
vt 0.54845207929611206 0.3340965211391449
vt 0.77349364757537842 0.3340965211391449
vt 0.84850746393203735 0.37233847379684448
vt 0.69847983121871948 0.37233847379684448
vt 0.54845207929611206 0.37233847379684448
vt 0.39842444658279419 0.37233847379684448
vt 0.24839673936367035 0.37233847379684448
vt 0.32341057062149048 0.2958545982837677
vt 0.32341057062149048 0.3340965211391449
vt 0.32341057062149048 0.25761264562606812
vt 0.25133681297302246 0
vt 0.0983690544962883 0
vt 0.25133681297302246 0.04918452724814415
vt 0.0983690544962883 0.04918452724814415
vt 0.17485293745994568 0
vt 0.17485293745994568 0.04918452724814415
vt 0 0
vt 0 0.45008304715156555
vt 0 0.9001660943031311
vt 0.04771968349814415 0
vt 0.04771968349814415 0.9001660943031311
vt 0 0.75013840198516846
vt 0 0.60011076927185059
vt 0 0.30005538463592529
vt 0 0.15002769231796265
vt 0.04771968349814415 0.15002769231796265
vt 0.04771968349814415 0.30005538463592529
vt 0.04771968349814415 0.45008304715156555
vt 0.04771968349814415 0.60011076927185059
vt 0.04771968349814415 0.75013840198516846
vn 0 -1 0
vn 0 -1 0
vn 0 -1 0
vn 0 -1 0
vn 0 -1 0
vn 0 -1 0
vn 0 -1 0
vn 0 -1 0
vn 0 -1 0
vn 0 -1 0
vn 0 -1 0
vn 0 -1 0
vn 0 -1 0
vn 0 -1 0
vn -1 0 0
vn -1 0 0
vn -1 0 0
vn -1 0 0
vn -1 0 0
vn -1 0 0
vn -1 0 0
vn -1 0 0
vn -1 0 0
vn -1 0 0
vn -1 0 0
vn -1 0 0
vn -1 0 0
vn -1 0 0
vn -1 0 0
vn -1 0 0
vn -1 0 0
vn -1 0 0
vn -1 0 0
vn -1 0 0
vn -1 0 0
vn -1 0 0
vn -1 0 0
vn -1 0 0
vn -1 0 0
vn 0 0 1
vn 0 0 1
vn 0 0 1
vn 0 0 1
vn 0 0 1
vn 0 0 1
vn 1 0 0
vn 1 0 0
vn 1 0 0
vn 1 0 0
vn 1 0 0
vn 1 0 0
vn 1 0 0
vn 1 0 0
vn 1 0 0
vn 1 0 0
vn 1 0 0
vn 1 0 0
vn 1 0 0
vn 1 0 0
vn 1 0 0
vn 1 0 0
vn 1 0 0
vn 1 0 0
vn 1 0 0
vn 1 0 0
vn 1 0 0
vn 1 0 0
vn 1 0 0
vn 1 0 0
vn 1 0 0
vn 0 0 -1
vn 0 0 -1
vn 0 0 -1
vn 0 0 -1
vn 0 0 -1
vn 0 0 -1
vn 0 1 0
vn 0 1 0
vn 0 1 0
vn 0 1 0
vn 0 1 0
vn 0 1 0
vn 0 1 0
vn 0 1 0
vn 0 1 0
vn 0 1 0
vn 0 1 0
vn 0 1 0
vn 0 1 0
vn 0 1 0
f 9/9/9 10/10/10 4/4/4 1/1/1
f 8/8/8 11/11/11 10/10/10 9/9/9
f 7/7/7 13/13/13 12/12/12 2/2/2
f 3/3/3 5/5/5 14/14/14 6/6/6
f 6/6/6 14/14/14 13/13/13 7/7/7
f 2/2/2 12/12/12 11/11/11 8/8/8
f 32/32/32 28/28/28 27/27/27 31/31/31
f 31/31/31 27/27/27 37/37/37 38/38/38
f 27/27/27 29/29/29 39/39/39 37/37/37
f 28/28/28 30/30/30 29/29/29 27/27/27
f 39/39/39 19/19/19 15/15/15
f 20/20/20 19/19/19 39/39/39
f 26/26/26 39/39/39 15/15/15
f 29/29/29 21/21/21 20/20/20
f 21/21/21 29/29/29 30/30/30 22/22/22
f 39/39/39 29/29/29 20/20/20
f 36/36/36 38/38/38 16/16/16
f 26/26/26 16/16/16 38/38/38
f 38/38/38 35/35/35 25/25/25 31/31/31
f 36/36/36 35/35/35 38/38/38
f 26/26/26 38/38/38 37/37/37
f 37/37/37 39/39/39 26/26/26
f 23/23/23 22/22/22 30/30/30
f 24/24/24 30/30/30 28/28/28
f 30/30/30 24/24/24 17/17/17
f 23/23/23 30/30/30 17/17/17
f 32/32/32 24/24/24 28/28/28
f 34/34/34 32/32/32 31/31/31 25/25/25
f 33/33/33 18/18/18 32/32/32
f 24/24/24 32/32/32 18/18/18
f 34/34/34 33/33/33 32/32/32
f 45/45/45 44/44/44 42/42/42 40/40/40
f 41/41/41 43/43/43 44/44/44 45/45/45
f 62/62/62 58/58/58 57/57/57 61/61/61
f 61/61/61 57/57/57 68/68/68 69/69/69
f 57/57/57 59/59/59 70/70/70 68/68/68
f 58/58/58 60/60/60 59/59/59 57/57/57
f 70/70/70 46/46/46 56/56/56
f 50/50/50 46/46/46 70/70/70
f 59/59/59 52/52/52 51/51/51 70/70/70
f 50/50/50 70/70/70 51/51/51
f 68/68/68 70/70/70 56/56/56
f 69/69/69 47/47/47 67/67/67
f 68/68/68 56/56/56 69/69/69
f 69/69/69 56/56/56 47/47/47
f 65/65/65 61/61/61 66/66/66
f 66/66/66 61/61/61 69/69/69
f 67/67/67 66/66/66 69/69/69
f 60/60/60 53/53/53 52/52/52 59/59/59
f 54/54/54 53/53/53 60/60/60
f 55/55/55 60/60/60 58/58/58
f 54/54/54 60/60/60 48/48/48
f 48/48/48 60/60/60 55/55/55
f 61/61/61 65/65/65 64/64/64 62/62/62
f 63/63/63 62/62/62 64/64/64
f 63/63/63 49/49/49 62/62/62
f 55/55/55 62/62/62 49/49/49
f 62/62/62 55/55/55 58/58/58
f 75/75/75 76/76/76 73/73/73 71/71/71
f 72/72/72 74/74/74 76/76/76 75/75/75
f 85/85/85 77/77/77 80/80/80 86/86/86
f 84/84/84 85/85/85 86/86/86 87/87/87
f 83/83/83 78/78/78 88/88/88 89/89/89
f 79/79/79 82/82/82 90/90/90 81/81/81
f 82/82/82 83/83/83 89/89/89 90/90/90
f 78/78/78 84/84/84 87/87/87 88/88/88
usemtl Glass
v 4860.12158203125 100 -4237.8642578125
v 4860.12158203125 100 -4174.92822265625
v 5073.38671875 100 -4174.92822265625
v 5286.65234375 100 -4174.92822265625
v 5499.91748046875 100 -4174.92822265625
v 5713.18310546875 100 -4174.92822265625
v 5714.29345703125 100 -4237.8642578125
v 5500.75048828125 100 -4237.8642578125
v 5287.20751953125 100 -4237.8642578125
v 5073.66455078125 100 -4237.8642578125
v 4860.12158203125 100 -4174.92822265625
v 4860.12158203125 245 -4174.92822265625
v 4860.12158203125 100 -4237.8642578125
v 4860.12158203125 245 -4237.8642578125
v 4860.12158203125 172.5 -4237.8642578125
v 4860.12158203125 172.5 -4174.92822265625
v 5713.18310546875 100 -4174.92822265625
v 5713.18310546875 245 -4174.92822265625
v 4860.12158203125 100 -4174.92822265625
v 4860.12158203125 245 -4174.92822265625
v 5499.91748046875 100 -4174.92822265625
v 5286.65234375 100 -4174.92822265625
v 5073.38671875 100 -4174.92822265625
v 4860.12158203125 172.5 -4174.92822265625
v 5713.18310546875 172.5 -4174.92822265625
v 5286.65234375 172.5 -4174.92822265625
v 5073.38671875 172.5 -4174.92822265625
v 5286.65234375 136.25 -4174.92822265625
v 5073.38671875 136.25 -4174.92822265625
v 5286.65234375 208.75 -4174.92822265625
v 5073.38671875 208.75 -4174.92822265625
v 5073.38671875 245 -4174.92822265625
v 5286.65234375 245 -4174.92822265625
v 5499.91748046875 245 -4174.92822265625
v 5499.91748046875 172.5 -4174.92822265625
v 5499.91748046875 208.75 -4174.92822265625
v 5499.91748046875 136.25 -4174.92822265625
v 5714.29345703125 100 -4237.8642578125
v 5714.29345703125 245 -4237.8642578125
v 5713.18310546875 100 -4174.92822265625
v 5713.18310546875 245 -4174.92822265625
v 5713.18310546875 172.5 -4174.92822265625
v 5714.29345703125 172.5 -4237.8642578125
v 4860.12158203125 100 -4237.8642578125
v 4860.12158203125 245 -4237.8642578125
v 5714.29345703125 100 -4237.8642578125
v 5714.29345703125 245 -4237.8642578125
v 5073.66455078125 100 -4237.8642578125
v 5287.20751953125 100 -4237.8642578125
v 5500.75048828125 100 -4237.8642578125
v 4860.12158203125 172.5 -4237.8642578125
v 5714.29345703125 172.5 -4237.8642578125
v 5287.20751953125 172.5 -4237.8642578125
v 5287.20751953125 208.75 -4237.8642578125
v 5073.66455078125 172.5 -4237.8642578125
v 5073.66455078125 208.75 -4237.8642578125
v 5287.20751953125 136.25 -4237.8642578125
v 5073.66455078125 136.25 -4237.8642578125
v 5500.75048828125 172.5 -4237.8642578125
v 5500.75048828125 136.25 -4237.8642578125
v 5500.75048828125 208.75 -4237.8642578125
v 5500.75048828125 245 -4237.8642578125
v 5287.20751953125 245 -4237.8642578125
v 5073.66455078125 245 -4237.8642578125
v 4860.12158203125 245 -4237.8642578125
v 4860.12158203125 245 -4174.92822265625
v 5073.38671875 245 -4174.92822265625
v 5286.65234375 245 -4174.92822265625
v 5499.91748046875 245 -4174.92822265625
v 5713.18310546875 245 -4174.92822265625
v 5714.29345703125 245 -4237.8642578125
v 5500.75048828125 245 -4237.8642578125
v 5287.20751953125 245 -4237.8642578125
v 5073.66455078125 245 -4237.8642578125
vt 0.065960295498371124 0.0086789568886160851
vt 0.12857723236083984 0.0086789568886160851
vt 0.12857723236083984 0.22537083923816681
vt 0.12857723236083984 0.44206270575523376
vt 0.12857723236083984 0.65875458717346191
vt 0.12857723236083984 0.87544649839401245
vt 0.065960295498371124 0.87657457590103149
vt 0.065960295498371124 0.65960067510604858
vt 0.065960295498371124 0.44262677431106567
vt 0.065960295498371124 0.22565287351608276
vt 0.27824172377586365 0
vt 0.13066825270652771 0
vt 0.27824172377586365 0.064053066074848175
vt 0.13066825270652771 0.064053066074848175
vt 0.20445498824119568 0.064053066074848175
vt 0.20445498824119568 0
vt 0.13066825270652771 0.26839786767959595
vt 0.13066825270652771 0.41597133874893188
vt 0.99853515625 0.26839786767959595
vt 0.99853515625 0.41597133874893188
vt 0.34763497114181519 0.26839786767959595
vt 0.56460171937942505 0.26839786767959595
vt 0.78156840801239014 0.26839786767959595
vt 0.99853515625 0.34218460321426392
vt 0.13066825270652771 0.34218460321426392
vt 0.56460171937942505 0.34218460321426392
vt 0.78156840801239014 0.34218460321426392
vt 0.56460171937942505 0.30529123544692993
vt 0.78156840801239014 0.30529123544692993
vt 0.56460171937942505 0.3790779709815979
vt 0.78156840801239014 0.3790779709815979
vt 0.78156840801239014 0.41597133874893188
vt 0.56460171937942505 0.41597133874893188
vt 0.34763497114181519 0.41597133874893188
vt 0.34763497114181519 0.34218460321426392
vt 0.34763497114181519 0.3790779709815979
vt 0.34763497114181519 0.30529123544692993
vt 0.27824172377586365 0.13418848812580109
vt 0.13066825270652771 0.13418848812580109
vt 0.27824172377586365 0.19825153052806854
vt 0.13066825270652771 0.19825153052806854
vt 0.20445498824119568 0.19825153052806854
vt 0.20445498824119568 0.13418848812580109
vt 0.13066825270652771 0.57755810022354126
vt 0.13066825270652771 0.7251315712928772
vt 0.99853515625 0.57755810022354126
vt 0.99853515625 0.7251315712928772
vt 0.34763497114181519 0.57755810022354126
vt 0.56460171937942505 0.57755810022354126
vt 0.78156840801239014 0.57755810022354126
vt 0.13066825270652771 0.65134483575820923
vt 0.99853515625 0.65134483575820923
vt 0.56460171937942505 0.65134483575820923
vt 0.56460171937942505 0.68823820352554321
vt 0.34763497114181519 0.65134483575820923
vt 0.34763497114181519 0.68823820352554321
vt 0.56460171937942505 0.61445146799087524
vt 0.34763497114181519 0.61445146799087524
vt 0.78156840801239014 0.65134483575820923
vt 0.78156840801239014 0.61445146799087524
vt 0.78156840801239014 0.68823820352554321
vt 0.78156840801239014 0.7251315712928772
vt 0.56460171937942505 0.7251315712928772
vt 0.34763497114181519 0.7251315712928772
vt 0.00062617129879072309 0.0086789568886160851
vt 0.063243113458156586 0.0086789568886160851
vt 0.063243113458156586 0.22537083923816681
vt 0.063243113458156586 0.44206270575523376
vt 0.063243113458156586 0.65875458717346191
vt 0.063243113458156586 0.87544649839401245
vt 0.00062617129879072309 0.87657457590103149
vt 0.00062617129879072309 0.65960067510604858
vt 0.00062617129879072309 0.44262677431106567
vt 0.00062617129879072309 0.22565287351608276
vn 0 -1 0
vn 0 -1 0
vn 0 -1 0
vn 0 -1 0
vn 0 -1 0
vn 0 -1 0
vn 0 -1 0
vn 0 -1 0
vn 0 -1 0
vn 0 -1 0
vn -1 0 0
vn -1 0 0
vn -1 0 0
vn -1 0 0
vn -1 0 0
vn -1 0 0
vn 0 0 1
vn 0 0 1
vn 0 0 1
vn 0 0 1
vn 0 0 1
vn 0 0 1
vn 0 0 1
vn 0 0 1
vn 0 0 1
vn 0 0 1
vn 0 0 1
vn 0 0 1
vn 0 0 1
vn 0 0 1
vn 0 0 1
vn 0 0 1
vn 0 0 1
vn 0 0 1
vn 0 0 1
vn 0 0 1
vn 0 0 1
vn 0.99984443187713623 0 0.017638444900512695
vn 0.99984443187713623 0 0.017638444900512695
vn 0.99984443187713623 0 0.017638444900512695
vn 0.99984443187713623 0 0.017638444900512695
vn 0.99984443187713623 0 0.017638444900512695
vn 0.99984443187713623 0 0.017638444900512695
vn 0 0 -1
vn 0 0 -1
vn 0 0 -1
vn 0 0 -1
vn 0 0 -1
vn 0 0 -1
vn 0 0 -1
vn 0 0 -1
vn 0 0 -1
vn 0 0 -1
vn 0 0 -1
vn 0 0 -1
vn 0 0 -1
vn 0 0 -1
vn 0 0 -1
vn 0 0 -1
vn 0 0 -1
vn 0 0 -1
vn 0 0 -1
vn 0 0 -1
vn 0 0 -1
vn 0 1 0
vn 0 1 0
vn 0 1 0
vn 0 1 0
vn 0 1 0
vn 0 1 0
vn 0 1 0
vn 0 1 0
vn 0 1 0
vn 0 1 0
f 92/92/92 91/91/91 100/100/100 93/93/93
f 93/93/93 100/100/100 99/99/99 94/94/94
f 95/95/95 98/98/98 97/97/97 96/96/96
f 98/98/98 95/95/95 94/94/94 99/99/99
f 106/106/106 105/105/105 103/103/103 101/101/101
f 102/102/102 104/104/104 105/105/105 106/106/106
f 121/121/121 117/117/117 116/116/116 120/120/120
f 120/120/120 116/116/116 125/125/125 126/126/126
f 116/116/116 118/118/118 127/127/127 125/125/125
f 117/117/117 119/119/119 118/118/118 116/116/116
f 127/127/127 107/107/107 115/115/115
f 118/118/118 112/112/112 111/111/111 127/127/127
f 107/107/107 127/127/127 111/111/111
f 125/125/125 127/127/127 115/115/115
f 108/108/108 126/126/126 115/115/115
f 125/125/125 115/115/115 126/126/126
f 123/123/123 120/120/120 126/126/126 124/124/124
f 108/108/108 124/124/124 126/126/126
f 119/119/119 113/113/113 112/112/112 118/118/118
f 114/114/114 119/119/119 117/117/117
f 113/113/113 119/119/119 109/109/109
f 109/109/109 119/119/119 114/114/114
f 120/120/120 123/123/123 122/122/122 121/121/121
f 122/122/122 110/110/110 121/121/121
f 114/114/114 121/121/121 110/110/110
f 121/121/121 114/114/114 117/117/117
f 133/133/133 132/132/132 130/130/130 128/128/128
f 129/129/129 131/131/131 132/132/132 133/133/133
f 151/151/151 149/149/149 143/143/143 144/144/144
f 144/144/144 143/143/143 145/145/145 146/146/146
f 143/143/143 147/147/147 148/148/148 145/145/145
f 149/149/149 150/150/150 147/147/147 143/143/143
f 148/148/148 134/134/134 141/141/141
f 138/138/138 148/148/148 147/147/147 139/139/139
f 134/134/134 148/148/148 138/138/138
f 145/145/145 148/148/148 141/141/141
f 146/146/146 135/135/135 154/154/154
f 146/146/146 154/154/154 153/153/153 144/144/144
f 141/141/141 135/135/135 146/146/146
f 146/146/146 145/145/145 141/141/141
f 150/150/150 140/140/140 139/139/139 147/147/147
f 142/142/142 150/150/150 149/149/149
f 140/140/140 150/150/150 136/136/136
f 136/136/136 150/150/150 142/142/142
f 152/152/152 151/151/151 144/144/144 153/153/153
f 137/137/137 142/142/142 151/151/151
f 152/152/152 137/137/137 151/151/151
f 151/151/151 142/142/142 149/149/149
f 156/156/156 157/157/157 164/164/164 155/155/155
f 157/157/157 158/158/158 163/163/163 164/164/164
f 159/159/159 160/160/160 161/161/161 162/162/162
f 162/162/162 163/163/163 158/158/158 159/159/159
usemtl Glass
v 3819.289794921875 100 -4237.8642578125
v 3818.16455078125 100 -4173.53857421875
v 4063.220458984375 100 -4173.53857421875
v 4308.2763671875 100 -4173.53857421875
v 4553.33203125 100 -4173.53857421875
v 4553.33203125 100 -4237.8642578125
v 4308.6513671875 100 -4237.8642578125
v 4063.970458984375 100 -4237.8642578125
v 3818.16455078125 100 -4173.53857421875
v 3818.16455078125 245 -4173.53857421875
v 3819.289794921875 100 -4237.8642578125
v 3819.289794921875 245 -4237.8642578125
v 3819.289794921875 172.5 -4237.8642578125
v 3818.16455078125 172.5 -4173.53857421875
v 4553.33203125 100 -4173.53857421875
v 4553.33203125 245 -4173.53857421875
v 3818.16455078125 100 -4173.53857421875
v 3818.16455078125 245 -4173.53857421875
v 4308.2763671875 100 -4173.53857421875
v 4063.220458984375 100 -4173.53857421875
v 3818.16455078125 172.5 -4173.53857421875
v 4553.33203125 172.5 -4173.53857421875
v 4185.748046875 172.5 -4173.53857421875
v 4001.956298828125 172.5 -4173.53857421875
v 4185.748046875 136.25 -4173.53857421875
v 4001.956298828125 136.25 -4173.53857421875
v 4185.748046875 208.75 -4173.53857421875
v 4001.956298828125 208.75 -4173.53857421875
v 4063.220458984375 245 -4173.53857421875
v 4308.2763671875 245 -4173.53857421875
v 4369.5400390625 172.5 -4173.53857421875
v 4369.5400390625 208.75 -4173.53857421875
v 4369.5400390625 136.25 -4173.53857421875
v 4553.33203125 100 -4237.8642578125
v 4553.33203125 245 -4237.8642578125
v 4553.33203125 100 -4173.53857421875
v 4553.33203125 245 -4173.53857421875
v 4553.33203125 172.5 -4173.53857421875
v 4553.33203125 172.5 -4237.8642578125
v 3819.289794921875 100 -4237.8642578125
v 3819.289794921875 245 -4237.8642578125
v 4553.33203125 100 -4237.8642578125
v 4553.33203125 245 -4237.8642578125
v 4063.970458984375 100 -4237.8642578125
v 4308.6513671875 100 -4237.8642578125
v 3819.289794921875 172.5 -4237.8642578125
v 4553.33203125 172.5 -4237.8642578125
v 4186.31103515625 172.5 -4237.8642578125
v 4186.31103515625 208.75 -4237.8642578125
v 4002.80029296875 172.5 -4237.8642578125
v 4002.80029296875 208.75 -4237.8642578125
v 4186.31103515625 136.25 -4237.8642578125
v 4002.80029296875 136.25 -4237.8642578125
v 4369.8212890625 172.5 -4237.8642578125
v 4369.8212890625 136.25 -4237.8642578125
v 4369.8212890625 208.75 -4237.8642578125
v 4308.6513671875 245 -4237.8642578125
v 4063.970458984375 245 -4237.8642578125
v 3819.289794921875 245 -4237.8642578125
v 3818.16455078125 245 -4173.53857421875
v 4063.220458984375 245 -4173.53857421875
v 4308.2763671875 245 -4173.53857421875
v 4553.33203125 245 -4173.53857421875
v 4553.33203125 245 -4237.8642578125
v 4308.6513671875 245 -4237.8642578125
v 4063.970458984375 245 -4237.8642578125
vt 0.076458141207695007 0.009767487645149231
vt 0.14926716685295105 0.0084710381925106049
vt 0.14926716685295105 0.29083895683288574
vt 0.14926716685295105 0.57320690155029297
vt 0.14926716685295105 0.85557478666305542
vt 0.076458141207695007 0.85557478666305542
vt 0.076458141207695007 0.57363903522491455
vt 0.076458141207695007 0.29170325398445129
vt 0.3188210129737854 0.13298188149929047
vt 0.15146009624004364 0.13298188149929047
vt 0.3188210129737854 0.20723839104175568
vt 0.15146009624004364 0.20723839104175568
vt 0.23514056205749512 0.20723839104175568
vt 0.23514056205749512 0.13298188149929047
vt 0.15146009624004364 0.56574738025665283
vt 0.15146009624004364 0.73310834169387817
vt 0.99853515625 0.56574738025665283
vt 0.99853515625 0.73310834169387817
vt 0.43381845951080322 0.56574738025665283
vt 0.71617680788040161 0.56574738025665283
vt 0.99853515625 0.64942789077758789
vt 0.15146009624004364 0.64942789077758789
vt 0.57499760389328003 0.64942789077758789
vt 0.7867664098739624 0.64942789077758789
vt 0.57499760389328003 0.60758763551712036
vt 0.7867664098739624 0.60758763551712036
vt 0.57499760389328003 0.69126808643341064
vt 0.7867664098739624 0.69126808643341064
vt 0.71617680788040161 0.73310834169387817
vt 0.43381845951080322 0.73310834169387817
vt 0.36322885751724243 0.64942789077758789
vt 0.36322885751724243 0.69126808643341064
vt 0.36322885751724243 0.60758763551712036
vt 0.3188210129737854 0
vt 0.15146009624004364 0
vt 0.3188210129737854 0.074245147407054901
vt 0.15146009624004364 0.074245147407054901
vt 0.23514056205749512 0.074245147407054901
vt 0.23514056205749512 0
vt 0.15146009624004364 0.26598411798477173
vt 0.15146009624004364 0.43334501981735229
vt 0.99853515625 0.26598411798477173
vt 0.99853515625 0.43334501981735229
vt 0.43381845951080322 0.26598411798477173
vt 0.71617680788040161 0.26598411798477173
vt 0.15146009624004364 0.34966456890106201
vt 0.99853515625 0.34966456890106201
vt 0.57499760389328003 0.34966456890106201
vt 0.57499760389328003 0.39150479435920715
vt 0.36322885751724243 0.34966456890106201
vt 0.36322885751724243 0.39150479435920715
vt 0.57499760389328003 0.30782434344291687
vt 0.36322885751724243 0.30782434344291687
vt 0.7867664098739624 0.34966456890106201
vt 0.7867664098739624 0.30782434344291687
vt 0.7867664098739624 0.39150479435920715
vt 0.71617680788040161 0.43334501981735229
vt 0.43381845951080322 0.43334501981735229
vt 0.00072809244738891721 0.009767487645149231
vt 0.07353711873292923 0.0084710381925106049
vt 0.07353711873292923 0.29083895683288574
vt 0.07353711873292923 0.57320690155029297
vt 0.07353711873292923 0.85557478666305542
vt 0.00072809244738891721 0.85557478666305542
vt 0.00072809244738891721 0.57363903522491455
vt 0.00072809244738891721 0.29170325398445129
vn 0 -1 0
vn 0 -1 0
vn 0 -1 0
vn 0 -1 0
vn 0 -1 0
vn 0 -1 0
vn 0 -1 0
vn 0 -1 0
vn -0.99984705448150635 0 -0.017488669604063034
vn -0.99984705448150635 0 -0.017488669604063034
vn -0.99984705448150635 0 -0.017488669604063034
vn -0.99984705448150635 0 -0.017488669604063034
vn -0.99984705448150635 0 -0.017488669604063034
vn -0.99984705448150635 0 -0.017488669604063034
vn 0 0 1
vn 0 0 1
vn 0 0 1
vn 0 0 1
vn 0 0 1
vn 0 0 1
vn 0 0 1
vn 0 0 1
vn 0 0 1
vn 0 0 1
vn 0 0 1
vn 0 0 1
vn 0 0 1
vn 0 0 1
vn 0 0 1
vn 0 0 1
vn 0 0 1
vn 0 0 1
vn 0 0 1
vn 1 0 0
vn 1 0 0
vn 1 0 0
vn 1 0 0
vn 1 0 0
vn 1 0 0
vn 0 0 -1
vn 0 0 -1
vn 0 0 -1
vn 0 0 -1
vn 0 0 -1
vn 0 0 -1
vn 0 0 -1
vn 0 0 -1
vn 0 0 -1
vn 0 0 -1
vn 0 0 -1
vn 0 0 -1
vn 0 0 -1
vn 0 0 -1
vn 0 0 -1
vn 0 0 -1
vn 0 0 -1
vn 0 0 -1
vn 0 0 -1
vn 0 1 0
vn 0 1 0
vn 0 1 0
vn 0 1 0
vn 0 1 0
vn 0 1 0
vn 0 1 0
vn 0 1 0
f 166/166/166 165/165/165 172/172/172 167/167/167
f 167/167/167 172/172/172 171/171/171 168/168/168
f 168/168/168 171/171/171 170/170/170 169/169/169
f 178/178/178 177/177/177 175/175/175 173/173/173
f 174/174/174 176/176/176 177/177/177 178/178/178
f 192/192/192 188/188/188 187/187/187 191/191/191
f 191/191/191 187/187/187 195/195/195 196/196/196
f 187/187/187 189/189/189 197/197/197 195/195/195
f 188/188/188 190/190/190 189/189/189 187/187/187
f 186/186/186 197/197/197 179/179/179
f 183/183/183 179/179/179 197/197/197
f 197/197/197 189/189/189 183/183/183
f 184/184/184 183/183/183 189/189/189
f 180/180/180 196/196/196 195/195/195 186/186/186
f 191/191/191 196/196/196 194/194/194
f 180/180/180 194/194/194 196/196/196
f 195/195/195 197/197/197 186/186/186
f 181/181/181 184/184/184 190/190/190
f 181/181/181 190/190/190 185/185/185
f 188/188/188 185/185/185 190/190/190
f 194/194/194 193/193/193 191/191/191
f 192/192/192 191/191/191 193/193/193
f 185/185/185 188/188/188 192/192/192 182/182/182
f 193/193/193 182/182/182 192/192/192
f 184/184/184 189/189/189 190/190/190
f 203/203/203 202/202/202 200/200/200 198/198/198
f 199/199/199 201/201/201 202/202/202 203/203/203
f 220/220/220 218/218/218 212/212/212 213/213/213
f 213/213/213 212/212/212 214/214/214 215/215/215
f 212/212/212 216/216/216 217/217/217 214/214/214
f 218/218/218 219/219/219 216/216/216 212/212/212
f 210/210/210 217/217/217 204/204/204
f 208/208/208 204/204/204 217/217/217
f 217/217/217 216/216/216 208/208/208
f 209/209/209 208/208/208 216/216/216
f 215/215/215 210/210/210 205/205/205
f 213/213/213 215/215/215 222/222/222
f 205/205/205 222/222/222 215/215/215
f 210/210/210 215/215/215 214/214/214
f 214/214/214 217/217/217 210/210/210
f 206/206/206 209/209/209 219/219/219
f 206/206/206 219/219/219 211/211/211
f 218/218/218 211/211/211 219/219/219
f 222/222/222 221/221/221 213/213/213
f 220/220/220 213/213/213 221/221/221
f 207/207/207 211/211/211 220/220/220
f 221/221/221 207/207/207 220/220/220
f 220/220/220 211/211/211 218/218/218
f 209/209/209 216/216/216 219/219/219
f 224/224/224 225/225/225 230/230/230 223/223/223
f 225/225/225 226/226/226 229/229/229 230/230/230
f 226/226/226 227/227/227 228/228/228 229/229/229
usemtl Glass
v 2476.150146484375 100 -4237.8642578125
v 2475.34130859375 100 -4173.55615234375
v 2637.765869140625 100 -4173.55615234375
v 2800.1904296875 100 -4173.55615234375
v 2962.614990234375 100 -4173.55615234375
v 2962.614990234375 100 -4237.8642578125
v 2800.4599609375 100 -4237.8642578125
v 2638.30517578125 100 -4237.8642578125
v 2475.34130859375 100 -4173.55615234375
v 2475.34130859375 245 -4173.55615234375
v 2476.150146484375 100 -4237.8642578125
v 2476.150146484375 245 -4237.8642578125
v 2476.150146484375 172.5 -4237.8642578125
v 2475.34130859375 172.5 -4173.55615234375
v 2962.614990234375 100 -4173.55615234375
v 2962.614990234375 245 -4173.55615234375
v 2475.34130859375 100 -4173.55615234375
v 2475.34130859375 245 -4173.55615234375
v 2800.1904296875 100 -4173.55615234375
v 2637.765869140625 100 -4173.55615234375
v 2475.34130859375 172.5 -4173.55615234375
v 2962.614990234375 172.5 -4173.55615234375
v 2637.765869140625 245 -4173.55615234375
v 2800.1904296875 245 -4173.55615234375
v 2962.614990234375 100 -4237.8642578125
v 2962.614990234375 245 -4237.8642578125
v 2962.614990234375 100 -4173.55615234375
v 2962.614990234375 245 -4173.55615234375
v 2962.614990234375 172.5 -4173.55615234375
v 2962.614990234375 172.5 -4237.8642578125
v 2476.150146484375 100 -4237.8642578125
v 2476.150146484375 245 -4237.8642578125
v 2962.614990234375 100 -4237.8642578125
v 2962.614990234375 245 -4237.8642578125
v 2638.30517578125 100 -4237.8642578125
v 2800.4599609375 100 -4237.8642578125
v 2476.150146484375 172.5 -4237.8642578125
v 2962.614990234375 172.5 -4237.8642578125
v 2800.4599609375 245 -4237.8642578125
v 2638.30517578125 245 -4237.8642578125
v 2476.150146484375 245 -4237.8642578125
v 2475.34130859375 245 -4173.55615234375
v 2637.765869140625 245 -4173.55615234375
v 2800.1904296875 245 -4173.55615234375
v 2962.614990234375 245 -4173.55615234375
v 2962.614990234375 245 -4237.8642578125
v 2800.4599609375 245 -4237.8642578125
v 2638.30517578125 245 -4237.8642578125
vt 0.35439682006835938 0.010316700674593449
vt 0.46992504596710205 0.0088482191786170006
vt 0.46992504596710205 0.30378884077072144
vt 0.46992504596710205 0.59872943162918091
vt 0.46992504596710205 0.89367002248764038
vt 0.35439682006835938 0.89367002248764038
vt 0.35439682006835938 0.59921896457672119
vt 0.35439682006835938 0.30476781725883484
vt 0.11696433275938034 0
vt 0.11696433275938034 0.26372742652893066
vt 0.23247307538986206 0
vt 0.23247307538986206 0.26372742652893066
vt 0.23247307538986206 0.13186371326446533
vt 0.11696433275938034 0.13186371326446533
vt 0.99853515625 0
vt 0.73627257347106934 0
vt 0.99853515625 0.88625794649124146
vt 0.73627257347106934 0.88625794649124146
vt 0.99853515625 0.29541933536529541
vt 0.99853515625 0.59083867073059082
vt 0.86740386486053467 0.88625794649124146
vt 0.86740386486053467 0
vt 0.73627257347106934 0.59083867073059082
vt 0.73627257347106934 0.29541933536529541
vt 0 0
vt 0 0.26372742652893066
vt 0.11549948900938034 0
vt 0.11549948900938034 0.26372742652893066
vt 0.11549948900938034 0.13186371326446533
vt 0 0.13186371326446533
vt 0.73480772972106934 0
vt 0.47254517674446106 0
vt 0.73480772972106934 0.88478708267211914
vt 0.47254517674446106 0.88478708267211914
vt 0.73480772972106934 0.29492902755737305
vt 0.73480772972106934 0.58985805511474609
vt 0.603676438331604 0
vt 0.603676438331604 0.88478708267211914
vt 0.47254517674446106 0.58985805511474609
vt 0.47254517674446106 0.29492902755737305
vt 0.23509320616722107 0.010316700674593449
vt 0.35062140226364136 0.0088482191786170006
vt 0.35062140226364136 0.30378884077072144
vt 0.35062140226364136 0.59872943162918091
vt 0.35062140226364136 0.89367002248764038
vt 0.23509320616722107 0.89367002248764038
vt 0.23509320616722107 0.59921896457672119
vt 0.23509320616722107 0.30476781725883484
vn 0 -1 0
vn 0 -1 0
vn 0 -1 0
vn 0 -1 0
vn 0 -1 0
vn 0 -1 0
vn 0 -1 0
vn 0 -1 0
vn -0.99992096424102783 0 -0.012574342079460621
vn -0.99992096424102783 0 -0.012574342079460621
vn -0.99992096424102783 0 -0.012574342079460621
vn -0.99992096424102783 0 -0.012574342079460621
vn -0.99992096424102783 0 -0.012574342079460621
vn -0.99992096424102783 0 -0.012574342079460621
vn 0 0 1
vn 0 0 1
vn 0 0 1
vn 0 0 1
vn 0 0 1
vn 0 0 1
vn 0 0 1
vn 0 0 1
vn 0 0 1
vn 0 0 1
vn 1 0 0
vn 1 0 0
vn 1 0 0
vn 1 0 0
vn 1 0 0
vn 1 0 0
vn 0 0 -1
vn 0 0 -1
vn 0 0 -1
vn 0 0 -1
vn 0 0 -1
vn 0 0 -1
vn 0 0 -1
vn 0 0 -1
vn 0 0 -1
vn 0 0 -1
vn 0 1 0
vn 0 1 0
vn 0 1 0
vn 0 1 0
vn 0 1 0
vn 0 1 0
vn 0 1 0
vn 0 1 0
f 232/232/232 231/231/231 238/238/238 233/233/233
f 233/233/233 238/238/238 237/237/237 234/234/234
f 234/234/234 237/237/237 236/236/236 235/235/235
f 244/244/244 243/243/243 241/241/241 239/239/239
f 240/240/240 242/242/242 243/243/243 244/244/244
f 252/252/252 249/249/249 245/245/245
f 246/246/246 254/254/254 252/252/252
f 252/252/252 254/254/254 253/253/253
f 250/250/250 249/249/249 252/252/252
f 251/251/251 247/247/247 250/250/250
f 248/248/248 251/251/251 253/253/253
f 251/251/251 252/252/252 253/253/253
f 250/250/250 252/252/252 251/251/251
f 260/260/260 259/259/259 257/257/257 255/255/255
f 256/256/256 258/258/258 259/259/259 260/260/260
f 267/267/267 265/265/265 261/261/261
f 262/262/262 270/270/270 267/267/267
f 267/267/267 270/270/270 269/269/269
f 266/266/266 265/265/265 267/267/267
f 268/268/268 263/263/263 266/266/266
f 264/264/264 268/268/268 269/269/269
f 268/268/268 267/267/267 269/269/269
f 266/266/266 267/267/267 268/268/268
f 272/272/272 273/273/273 278/278/278 271/271/271
f 273/273/273 274/274/274 277/277/277 278/278/278
f 274/274/274 275/275/275 276/276/276 277/277/277
usemtl Glass
v 1435.318359375 100 -4237.8642578125
v 1434.8272705078125 100 -4172.16650390625
v 1648.2662353515625 100 -4172.16650390625
v 1861.7052001953125 100 -4172.16650390625
v 2075.14404296875 100 -4172.16650390625
v 2288.5830078125 100 -4172.16650390625
v 2288.475830078125 100 -4237.8642578125
v 2075.1865234375 100 -4237.8642578125
v 1861.8970947265625 100 -4237.8642578125
v 1648.6077880859375 100 -4237.8642578125
v 1434.8272705078125 100 -4172.16650390625
v 1434.8272705078125 245 -4172.16650390625
v 1435.318359375 100 -4237.8642578125
v 1435.318359375 245 -4237.8642578125
v 1435.318359375 172.5 -4237.8642578125
v 1434.8272705078125 172.5 -4172.16650390625
v 2288.5830078125 100 -4172.16650390625
v 2288.5830078125 245 -4172.16650390625
v 1434.8272705078125 100 -4172.16650390625
v 1434.8272705078125 245 -4172.16650390625
v 2075.14404296875 100 -4172.16650390625
v 1861.7052001953125 100 -4172.16650390625
v 1648.2662353515625 100 -4172.16650390625
v 1434.8272705078125 172.5 -4172.16650390625
v 2288.5830078125 172.5 -4172.16650390625
v 1861.7052001953125 172.5 -4172.16650390625
v 1648.2662353515625 172.5 -4172.16650390625
v 1861.7052001953125 136.25 -4172.16650390625
v 1648.2662353515625 136.25 -4172.16650390625
v 1861.7052001953125 208.75 -4172.16650390625
v 1648.2662353515625 208.75 -4172.16650390625
v 1648.2662353515625 245 -4172.16650390625
v 1861.7052001953125 245 -4172.16650390625
v 2075.14404296875 245 -4172.16650390625
v 2075.14404296875 172.5 -4172.16650390625
v 2075.14404296875 208.75 -4172.16650390625
v 2075.14404296875 136.25 -4172.16650390625
v 2288.475830078125 100 -4237.8642578125
v 2288.475830078125 245 -4237.8642578125
v 2288.5830078125 100 -4172.16650390625
v 2288.5830078125 245 -4172.16650390625
v 2288.5830078125 172.5 -4172.16650390625
v 2288.475830078125 172.5 -4237.8642578125
v 1435.318359375 100 -4237.8642578125
v 1435.318359375 245 -4237.8642578125
v 2288.475830078125 100 -4237.8642578125
v 2288.475830078125 245 -4237.8642578125
v 1648.6077880859375 100 -4237.8642578125
v 1861.8970947265625 100 -4237.8642578125
v 2075.1865234375 100 -4237.8642578125
v 1435.318359375 172.5 -4237.8642578125
v 2288.475830078125 172.5 -4237.8642578125
v 1861.8970947265625 245 -4237.8642578125
v 1861.8970947265625 172.5 -4237.8642578125
v 1861.8970947265625 208.75 -4237.8642578125
v 1648.6077880859375 172.5 -4237.8642578125
v 1648.6077880859375 208.75 -4237.8642578125
v 1861.8970947265625 136.25 -4237.8642578125
v 1648.6077880859375 136.25 -4237.8642578125
v 2075.1865234375 172.5 -4237.8642578125
v 2075.1865234375 136.25 -4237.8642578125
v 2075.1865234375 208.75 -4237.8642578125
v 2075.1865234375 245 -4237.8642578125
v 1648.6077880859375 245 -4237.8642578125
v 1435.318359375 245 -4237.8642578125
v 1434.8272705078125 245 -4172.16650390625
v 1648.2662353515625 245 -4172.16650390625
v 1861.7052001953125 245 -4172.16650390625
v 2075.14404296875 245 -4172.16650390625
v 2288.5830078125 245 -4172.16650390625
v 2288.475830078125 245 -4237.8642578125
v 2075.1865234375 245 -4237.8642578125
v 1861.8970947265625 245 -4237.8642578125
v 1648.6077880859375 245 -4237.8642578125
vt 0.068491436541080475 0.0091252699494361877
vt 0.13356579840183258 0.0086288256570696831
vt 0.13356579840183258 0.22434945404529572
vt 0.13356579840183258 0.44007006287574768
vt 0.13356579840183258 0.65579068660736084
vt 0.13356579840183258 0.87151128053665161
vt 0.068491436541080475 0.87140285968780518
vt 0.068491436541080475 0.65583348274230957
vt 0.068491436541080475 0.44026407599449158
vt 0.068491436541080475 0.22469465434551239
vt 0.28247532248497009 0.13744623959064484
vt 0.1356813907623291 0.13744623959064484
vt 0.28247532248497009 0.20395858585834503
vt 0.1356813907623291 0.20395858585834503
vt 0.2090783566236496 0.20395858585834503
vt 0.2090783566236496 0.13744623959064484
vt 0.1356813907623291 0.57825058698654175
vt 0.1356813907623291 0.72504448890686035
vt 0.99853515625 0.57825058698654175
vt 0.99853515625 0.72504448890686035
vt 0.35139483213424683 0.57825058698654175
vt 0.56710827350616455 0.57825058698654175
vt 0.78282171487808228 0.57825058698654175
vt 0.99853515625 0.65164750814437866
vt 0.1356813907623291 0.65164750814437866
vt 0.56710827350616455 0.65164750814437866
vt 0.78282171487808228 0.65164750814437866
vt 0.56710827350616455 0.61494904756546021
vt 0.78282171487808228 0.61494904756546021
vt 0.56710827350616455 0.68834602832794189
vt 0.78282171487808228 0.68834602832794189
vt 0.78282171487808228 0.72504448890686035
vt 0.56710827350616455 0.72504448890686035
vt 0.35139483213424683 0.72504448890686035
vt 0.35139483213424683 0.65164750814437866
vt 0.35139483213424683 0.68834602832794189
vt 0.35139483213424683 0.61494904756546021
vt 0.28247532248497009 0
vt 0.1356813907623291 0
vt 0.28247532248497009 0.066510573029518127
vt 0.1356813907623291 0.066510573029518127
vt 0.2090783566236496 0.066510573029518127
vt 0.2090783566236496 0
vt 0.1356813907623291 0.27489614486694336
vt 0.1356813907623291 0.42169007658958435
vt 0.99853515625 0.27489614486694336
vt 0.99853515625 0.42169007658958435
vt 0.35139483213424683 0.27489614486694336
vt 0.56710827350616455 0.27489614486694336
vt 0.78282171487808228 0.27489614486694336
vt 0.1356813907623291 0.34829312562942505
vt 0.99853515625 0.34829312562942505
vt 0.56710827350616455 0.42169007658958435
vt 0.56710827350616455 0.34829312562942505
vt 0.56710827350616455 0.38499161601066589
vt 0.35139483213424683 0.34829312562942505
vt 0.35139483213424683 0.38499161601066589
vt 0.56710827350616455 0.3115946352481842
vt 0.35139483213424683 0.3115946352481842
vt 0.78282171487808228 0.34829312562942505
vt 0.78282171487808228 0.3115946352481842
vt 0.78282171487808228 0.38499161601066589
vt 0.78282171487808228 0.42169007658958435
vt 0.35139483213424683 0.42169007658958435
vt 0.0006507455836981535 0.0091252699494361877
vt 0.065725110471248627 0.0086288256570696831
vt 0.065725110471248627 0.22434945404529572
vt 0.065725110471248627 0.44007006287574768
vt 0.065725110471248627 0.65579068660736084
vt 0.065725110471248627 0.87151128053665161
vt 0.0006507455836981535 0.87140285968780518
vt 0.0006507455836981535 0.65583348274230957
vt 0.0006507455836981535 0.44026407599449158
vt 0.0006507455836981535 0.22469465434551239
vn 0 -1 0
vn 0 -1 0
vn 0 -1 0
vn 0 -1 0
vn 0 -1 0
vn 0 -1 0
vn 0 -1 0
vn 0 -1 0
vn 0 -1 0
vn 0 -1 0
vn -0.99997204542160034 0 -0.0074763698503375053
vn -0.99997204542160034 0 -0.0074763698503375053
vn -0.99997204542160034 0 -0.0074763698503375053
vn -0.99997204542160034 0 -0.0074763698503375053
vn -0.99997204542160034 0 -0.0074763698503375053
vn -0.99997204542160034 0 -0.0074763698503375053
vn 0 0 1
vn 0 0 1
vn 0 0 1
vn 0 0 1
vn 0 0 1
vn 0 0 1
vn 0 0 1
vn 0 0 1
vn 0 0 1
vn 0 0 1
vn 0 0 1
vn 0 0 1
vn 0 0 1
vn 0 0 1
vn 0 0 1
vn 0 0 1
vn 0 0 1
vn 0 0 1
vn 0 0 1
vn 0 0 1
vn 0 0 1
vn 0.99999868869781494 0 -0.0016337716951966286
vn 0.99999868869781494 0 -0.0016337716951966286
vn 0.99999868869781494 0 -0.0016337716951966286
vn 0.99999868869781494 0 -0.0016337716951966286
vn 0.99999868869781494 0 -0.0016337716951966286
vn 0.99999868869781494 0 -0.0016337716951966286
vn 0 0 -1
vn 0 0 -1
vn 0 0 -1
vn 0 0 -1
vn 0 0 -1
vn 0 0 -1
vn 0 0 -1
vn 0 0 -1
vn 0 0 -1
vn 0 0 -1
vn 0 0 -1
vn 0 0 -1
vn 0 0 -1
vn 0 0 -1
vn 0 0 -1
vn 0 0 -1
vn 0 0 -1
vn 0 0 -1
vn 0 0 -1
vn 0 0 -1
vn 0 0 -1
vn 0 1 0
vn 0 1 0
vn 0 1 0
vn 0 1 0
vn 0 1 0
vn 0 1 0
vn 0 1 0
vn 0 1 0
vn 0 1 0
vn 0 1 0
f 280/280/280 279/279/279 288/288/288 281/281/281
f 281/281/281 288/288/288 287/287/287 282/282/282
f 283/283/283 286/286/286 285/285/285 284/284/284
f 286/286/286 283/283/283 282/282/282 287/287/287
f 294/294/294 293/293/293 291/291/291 289/289/289
f 290/290/290 292/292/292 293/293/293 294/294/294
f 309/309/309 305/305/305 304/304/304 308/308/308
f 308/308/308 304/304/304 313/313/313 314/314/314
f 304/304/304 306/306/306 315/315/315 313/313/313
f 305/305/305 307/307/307 306/306/306 304/304/304
f 315/315/315 295/295/295 303/303/303
f 299/299/299 315/315/315 306/306/306 300/300/300
f 295/295/295 315/315/315 299/299/299
f 313/313/313 315/315/315 303/303/303
f 296/296/296 312/312/312 314/314/314 303/303/303
f 313/313/313 303/303/303 314/314/314
f 311/311/311 308/308/308 314/314/314 312/312/312
f 307/307/307 301/301/301 300/300/300 306/306/306
f 302/302/302 307/307/307 305/305/305
f 301/301/301 307/307/307 297/297/297
f 297/297/297 307/307/307 302/302/302
f 308/308/308 311/311/311 310/310/310 309/309/309
f 310/310/310 298/298/298 309/309/309
f 302/302/302 309/309/309 298/298/298
f 309/309/309 302/302/302 305/305/305
f 321/321/321 320/320/320 318/318/318 316/316/316
f 317/317/317 319/319/319 320/320/320 321/321/321
f 340/340/340 338/338/338 332/332/332 333/333/333
f 333/333/333 332/332/332 334/334/334 335/335/335
f 332/332/332 336/336/336 337/337/337 334/334/334
f 338/338/338 339/339/339 336/336/336 332/332/332
f 337/337/337 326/326/326 322/322/322
f 327/327/327 326/326/326 337/337/337 336/336/336
f 339/339/339 328/328/328 327/327/327 336/336/336
f 329/329/329 337/337/337 322/322/322
f 335/335/335 329/329/329 323/323/323
f 335/335/335 342/342/342 331/331/331 333/333/333
f 323/323/323 342/342/342 335/335/335
f 329/329/329 335/335/335 334/334/334
f 334/334/334 337/337/337 329/329/329
f 330/330/330 339/339/339 338/338/338
f 339/339/339 330/330/330 324/324/324
f 328/328/328 339/339/339 324/324/324
f 340/340/340 330/330/330 338/338/338
f 333/333/333 331/331/331 341/341/341 340/340/340
f 341/341/341 325/325/325 340/340/340
f 330/330/330 340/340/340 325/325/325
f 344/344/344 345/345/345 352/352/352 343/343/343
f 345/345/345 346/346/346 351/351/351 352/352/352
f 347/347/347 348/348/348 349/349/349 350/350/350
f 350/350/350 351/351/351 346/346/346 347/347/347
usemtl Glass
v 1973.967041015625 100 -1651.267578125
v 1973.967041015625 100 -1606.697509765625
v 1865.938232421875 100 -1606.697509765625
v 1757.909423828125 100 -1606.697509765625
v 1649.8804931640625 100 -1606.697509765625
v 1648.7508544921875 100 -1651.267578125
v 1757.15625 100 -1651.267578125
v 1865.5616455078125 100 -1651.267578125
v 1973.967041015625 100 -1606.697509765625
v 1973.967041015625 245 -1606.697509765625
v 1973.967041015625 100 -1651.267578125
v 1973.967041015625 245 -1651.267578125
v 1973.967041015625 172.5 -1651.267578125
v 1973.967041015625 172.5 -1606.697509765625
v 1649.8804931640625 100 -1606.697509765625
v 1649.8804931640625 245 -1606.697509765625
v 1973.967041015625 100 -1606.697509765625
v 1973.967041015625 245 -1606.697509765625
v 1757.909423828125 100 -1606.697509765625
v 1865.938232421875 100 -1606.697509765625
v 1973.967041015625 172.5 -1606.697509765625
v 1865.938232421875 245 -1606.697509765625
v 1757.909423828125 245 -1606.697509765625
v 1649.8804931640625 196.66667175292969 -1606.697509765625
v 1649.8804931640625 148.33332824707031 -1606.697509765625
v 1648.7508544921875 100 -1651.267578125
v 1648.7508544921875 245 -1651.267578125
v 1649.8804931640625 100 -1606.697509765625
v 1649.8804931640625 245 -1606.697509765625
v 1649.8804931640625 148.33332824707031 -1606.697509765625
v 1649.8804931640625 196.66667175292969 -1606.697509765625
v 1648.7508544921875 196.66667175292969 -1651.267578125
v 1648.7508544921875 148.33332824707031 -1651.267578125
v 1973.967041015625 100 -1651.267578125
v 1973.967041015625 245 -1651.267578125
v 1648.7508544921875 100 -1651.267578125
v 1648.7508544921875 245 -1651.267578125
v 1865.5616455078125 100 -1651.267578125
v 1757.15625 100 -1651.267578125
v 1973.967041015625 172.5 -1651.267578125
v 1648.7508544921875 148.33332824707031 -1651.267578125
v 1648.7508544921875 196.66667175292969 -1651.267578125
v 1757.15625 245 -1651.267578125
v 1865.5616455078125 245 -1651.267578125
v 1973.967041015625 245 -1651.267578125
v 1973.967041015625 245 -1606.697509765625
v 1865.938232421875 245 -1606.697509765625
v 1757.909423828125 245 -1606.697509765625
v 1649.8804931640625 245 -1606.697509765625
v 1648.7508544921875 245 -1651.267578125
v 1757.15625 245 -1651.267578125
v 1865.5616455078125 245 -1651.267578125
vt 0.91926461458206177 0.79485899209976196
vt 0.81284582614898682 0.79485899209976196
vt 0.81284582614898682 0.53344053030014038
vt 0.81284582614898682 0.27202197909355164
vt 0.81284582614898682 0.010603465139865875
vt 0.91926461458206177 0.0078698918223381042
vt 0.91926461458206177 0.27019962668418884
vt 0.91926461458206177 0.53252929449081421
vt 0.3494199812412262 0
vt 0 0
vt 0.3494199812412262 0.10639005154371262
vt 0 0.10639005154371262
vt 0.1747099906206131 0.10639005154371262
vt 0.1747099906206131 0
vt 0.3494199812412262 0.21574442088603973
vt 0 0.21574442088603973
vt 0.3494199812412262 0.99853515625
vt 0 0.99853515625
vt 0.3494199812412262 0.47667467594146729
vt 0.3494199812412262 0.73760491609573364
vt 0.1747099906206131 0.99853515625
vt 0 0.73760491609573364
vt 0 0.47667467594146729
vt 0.11647331714630127 0.21574442088603973
vt 0.23294664919376373 0.21574442088603973
vt 0.3494199812412262 0.10785489529371262
vt 0 0.10785489529371262
vt 0.3494199812412262 0.21427957713603973
vt 0 0.21427957713603973
vt 0.23294664919376373 0.21427957713603973
vt 0.11647331714630127 0.21427957713603973
vt 0.11647331714630127 0.10785489529371262
vt 0.23294664919376373 0.10785489529371262
vt 0.70030480623245239 0
vt 0.3508848249912262 0
vt 0.70030480623245239 0.78698915243148804
vt 0.3508848249912262 0.78698915243148804
vt 0.70030480623245239 0.26232972741127014
vt 0.70030480623245239 0.52465945482254028
vt 0.52559483051300049 0
vt 0.58383148908615112 0.78698915243148804
vt 0.46735814213752747 0.78698915243148804
vt 0.3508848249912262 0.52465945482254028
vt 0.3508848249912262 0.26232972741127014
vt 0.80925261974334717 0.79485899209976196
vt 0.70283383131027222 0.79485899209976196
vt 0.70283383131027222 0.53344053030014038
vt 0.70283383131027222 0.27202197909355164
vt 0.70283383131027222 0.010603465139865875
vt 0.80925261974334717 0.0078698918223381042
vt 0.80925261974334717 0.27019962668418884
vt 0.80925261974334717 0.53252929449081421
vn 0 -1 0
vn 0 -1 0
vn 0 -1 0
vn 0 -1 0
vn 0 -1 0
vn 0 -1 0
vn 0 -1 0
vn 0 -1 0
vn 1 0 0
vn 1 0 0
vn 1 0 0
vn 1 0 0
vn 1 0 0
vn 1 0 0
vn 0 0 1
vn 0 0 1
vn 0 0 1
vn 0 0 1
vn 0 0 1
vn 0 0 1
vn 0 0 1
vn 0 0 1
vn 0 0 1
vn 0 0 1
vn 0 0 1
vn -0.99967896938323975 0 0.025336779654026031
vn -0.99967896938323975 0 0.025336779654026031
vn -0.99967896938323975 0 0.025336779654026031
vn -0.99967896938323975 0 0.025336779654026031
vn -0.99967896938323975 0 0.025336779654026031
vn -0.99967896938323975 0 0.025336779654026031
vn -0.99967896938323975 0 0.025336779654026031
vn -0.99967896938323975 0 0.025336779654026031
vn 0 0 -1
vn 0 0 -1
vn 0 0 -1
vn 0 0 -1
vn 0 0 -1
vn 0 0 -1
vn 0 0 -1
vn 0 0 -1
vn 0 0 -1
vn 0 0 -1
vn 0 0 -1
vn 0 1 0
vn 0 1 0
vn 0 1 0
vn 0 1 0
vn 0 1 0
vn 0 1 0
vn 0 1 0
vn 0 1 0
f 358/358/358 359/359/359 356/356/356 357/357/357
f 359/359/359 360/360/360 355/355/355 356/356/356
f 360/360/360 353/353/353 354/354/354 355/355/355
f 366/366/366 361/361/361 363/363/363 365/365/365
f 362/362/362 366/366/366 365/365/365 364/364/364
f 377/377/377 367/367/367 371/371/371
f 377/377/377 373/373/373 376/376/376
f 376/376/376 375/375/375 368/368/368
f 371/371/371 373/373/373 377/377/377
f 373/373/373 372/372/372 369/369/369
f 376/376/376 373/373/373 375/375/375
f 373/373/373 374/374/374 375/375/375
f 373/373/373 370/370/370 374/374/374
f 372/372/372 373/373/373 371/371/371
f 385/385/385 378/378/378 380/380/380 382/382/382
f 379/379/379 384/384/384 383/383/383 381/381/381
f 384/384/384 385/385/385 382/382/382 383/383/383
f 392/392/392 386/386/386 390/390/390
f 387/387/387 392/392/392 396/396/396
f 392/392/392 395/395/395 396/396/396
f 391/391/391 392/392/392 390/390/390
f 393/393/393 391/391/391 388/388/388
f 392/392/392 393/393/393 394/394/394
f 389/389/389 395/395/395 394/394/394
f 394/394/394 395/395/395 392/392/392
f 393/393/393 392/392/392 391/391/391
f 402/402/402 401/401/401 400/400/400 403/403/403
f 403/403/403 400/400/400 399/399/399 404/404/404
f 404/404/404 399/399/399 398/398/398 397/397/397
usemtl Glass
v 2291.581787109375 100 -1606.697509765625
v 2413.403076171875 100 -1606.697509765625
v 2535.224609375 100 -1606.697509765625
v 2535.224609375 100 -1650.8768310546875
v 2413.254150390625 100 -1650.8768310546875
v 2291.28369140625 100 -1650.8768310546875
v 2535.224609375 100 -1606.697509765625
v 2535.224609375 245 -1606.697509765625
v 2291.581787109375 100 -1606.697509765625
v 2291.581787109375 245 -1606.697509765625
v 2413.403076171875 100 -1606.697509765625
v 2291.581787109375 172.5 -1606.697509765625
v 2413.403076171875 245 -1606.697509765625
v 2535.224609375 172.5 -1606.697509765625
v 2535.224609375 100 -1650.8768310546875
v 2535.224609375 245 -1650.8768310546875
v 2535.224609375 100 -1606.697509765625
v 2535.224609375 245 -1606.697509765625
v 2535.224609375 172.5 -1606.697509765625
v 2535.224609375 172.5 -1650.8768310546875
v 2291.28369140625 100 -1650.8768310546875
v 2291.28369140625 245 -1650.8768310546875
v 2535.224609375 100 -1650.8768310546875
v 2535.224609375 245 -1650.8768310546875
v 2413.254150390625 100 -1650.8768310546875
v 2535.224609375 172.5 -1650.8768310546875
v 2413.254150390625 245 -1650.8768310546875
v 2291.28369140625 172.5 -1650.8768310546875
v 2291.581787109375 100 -1606.697509765625
v 2291.581787109375 245 -1606.697509765625
v 2291.28369140625 100 -1650.8768310546875
v 2291.28369140625 245 -1650.8768310546875
v 2291.581787109375 172.5 -1606.697509765625
v 2291.28369140625 172.5 -1650.8768310546875
v 2291.581787109375 245 -1606.697509765625
v 2413.403076171875 245 -1606.697509765625
v 2535.224609375 245 -1606.697509765625
v 2535.224609375 245 -1650.8768310546875
v 2413.254150390625 245 -1650.8768310546875
v 2291.28369140625 245 -1650.8768310546875
vt 0.23558339476585388 0.0072355242446064949
vt 0.23558339476585388 0.32920780777931213
vt 0.23558339476585388 0.65118008852005005
vt 0.12025406956672668 0.65118008852005005
vt 0.12025406956672668 0.32881370186805725
vt 0.12025406956672668 0.0064473277889192104
vt 0.23820154368877411 0.233533576130867
vt 0.23820154368877411 0.61530196666717529
vt 0.8814694881439209 0.233533576130867
vt 0.8814694881439209 0.61530196666717529
vt 0.55983549356460571 0.233533576130867
vt 0.8814694881439209 0.42441776394844055
vt 0.55983549356460571 0.61530196666717529
vt 0.23820154368877411 0.42441776394844055
vt 0.62143474817276001 0
vt 0.23820154368877411 0
vt 0.62143474817276001 0.11530061811208725
vt 0.23820154368877411 0.11530061811208725
vt 0.42981815338134766 0.11530061811208725
vt 0.42981815338134766 0
vt 0.23820154368877411 0.61676681041717529
vt 0.23820154368877411 0.99853515625
vt 0.8814694881439209 0.61676681041717529
vt 0.8814694881439209 0.99853515625
vt 0.55983549356460571 0.61676681041717529
vt 0.8814694881439209 0.80765098333358765
vt 0.55983549356460571 0.99853515625
vt 0.23820154368877411 0.80765098333358765
vt 0.62143474817276001 0.11676546186208725
vt 0.23820154368877411 0.11676546186208725
vt 0.62143474817276001 0.232068732380867
vt 0.23820154368877411 0.232068732380867
vt 0.42981815338134766 0.11676546186208725
vt 0.42981815338134766 0.232068732380867
vt 0.11648263037204742 0.0072355242446064949
vt 0.11648263037204742 0.32920780777931213
vt 0.11648263037204742 0.65118008852005005
vt 0.0011532967910170555 0.65118008852005005
vt 0.0011532967910170555 0.32881370186805725
vt 0.0011532967910170555 0.0064473277889192104
vn 0 -1 0
vn 0 -1 0
vn 0 -1 0
vn 0 -1 0
vn 0 -1 0
vn 0 -1 0
vn 0 0 1
vn 0 0 1
vn 0 0 1
vn 0 0 1
vn 0 0 1
vn 0 0 1
vn 0 0 1
vn 0 0 1
vn 1 0 0
vn 1 0 0
vn 1 0 0
vn 1 0 0
vn 1 0 0
vn 1 0 0
vn 0 0 -1
vn 0 0 -1
vn 0 0 -1
vn 0 0 -1
vn 0 0 -1
vn 0 0 -1
vn 0 0 -1
vn 0 0 -1
vn -0.9999772310256958 0 0.0067501007579267025
vn -0.9999772310256958 0 0.0067501007579267025
vn -0.9999772310256958 0 0.0067501007579267025
vn -0.9999772310256958 0 0.0067501007579267025
vn -0.9999772310256958 0 0.0067501007579267025
vn -0.9999772310256958 0 0.0067501007579267025
vn 0 1 0
vn 0 1 0
vn 0 1 0
vn 0 1 0
vn 0 1 0
vn 0 1 0
f 409/409/409 406/406/406 405/405/405 410/410/410
f 406/406/406 409/409/409 408/408/408 407/407/407
f 418/418/418 415/415/415 411/411/411
f 418/418/418 412/412/412 417/417/417
f 416/416/416 415/415/415 418/418/418
f 418/418/418 417/417/417 416/416/416
f 416/416/416 417/417/417 414/414/414
f 413/413/413 415/415/415 416/416/416
f 424/424/424 423/423/423 421/421/421 419/419/419
f 420/420/420 422/422/422 423/423/423 424/424/424
f 432/432/432 429/429/429 425/425/425
f 432/432/432 426/426/426 431/431/431
f 430/430/430 429/429/429 432/432/432
f 432/432/432 431/431/431 430/430/430
f 430/430/430 431/431/431 428/428/428
f 427/427/427 429/429/429 430/430/430
f 437/437/437 438/438/438 435/435/435 433/433/433
f 434/434/434 436/436/436 438/438/438 437/437/437
f 443/443/443 444/444/444 439/439/439 440/440/440
f 440/440/440 441/441/441 442/442/442 443/443/443
usemtl Plaster
v 2291.581787109375 0 -1606.697509765625
v 2179.300537109375 0 -1606.697509765625
v 2067.019287109375 0 -1606.697509765625
v 1954.738037109375 0 -1606.697509765625
v 1842.4566650390625 0 -1606.697509765625
v 1730.1754150390625 0 -1606.697509765625
v 1617.8941650390625 0 -1606.697509765625
v 1505.6129150390625 0 -1606.697509765625
v 1393.33154296875 0 -1606.697509765625
v 1281.05029296875 0 -1606.697509765625
v 1168.76904296875 0 -1606.697509765625
v 1168.76904296875 0 -2058.519287109375
v 1168.76904296875 0 -2510.3408203125
v 1168.76904296875 0 -2962.162353515625
v 1168.76904296875 0 -3413.984130859375
v 1168.76904296875 0 -3865.8056640625
v 1168.76904296875 0 -4317.62744140625
v 1315.6126708984375 0 -4317.62744140625
v 1315.6126708984375 0 -4237.8642578125
v 1435.318359375 0 -4237.8642578125
v 1719.7042236328125 0 -4237.8642578125
v 2004.0899658203125 0 -4237.8642578125
v 2288.475830078125 0 -4237.8642578125
v 2476.150146484375 0 -4237.8642578125
v 2720.126708984375 0 -4237.8642578125
v 2964.103271484375 0 -4237.8642578125
v 3086.8525390625 0 -4237.8642578125
v 3086.8525390625 0 -4350.97607421875
v 3086.8525390625 0 -4464.087890625
v 3393.725341796875 0 -4464.087890625
v 3700.598388671875 0 -4464.087890625
v 3700.598388671875 0 -4350.97607421875
v 3700.598388671875 0 -4237.8642578125
v 3819.289794921875 0 -4237.8642578125
v 4063.435302734375 0 -4237.8642578125
v 4307.5810546875 0 -4237.8642578125
v 4551.72705078125 0 -4237.8642578125
v 4705.92431640625 0 -4237.8642578125
v 4860.12158203125 0 -4237.8642578125
v 5144.84521484375 0 -4237.8642578125
v 5429.5693359375 0 -4237.8642578125
v 5714.29345703125 0 -4237.8642578125
v 5838.056640625 0 -4237.8642578125
v 5838.056640625 0 -4319.0205078125
v 5941.53125 0 -4319.0205078125
v 6045.005859375 0 -4319.0205078125
v 6045.005859375 0 -3931.390625
v 6045.005859375 0 -3543.760986328125
v 5959.90771484375 0 -3543.760986328125
v 5959.90771484375 0 -3163.497802734375
v 5959.90771484375 0 -2783.234619140625
v 5959.90771484375 0 -2402.9716796875
v 5999.8818359375 0 -2402.9716796875
v 5999.8818359375 0 -2009.546875
v 5999.8818359375 0 -1616.1221923828125
v 5999.8818359375 0 -1222.697509765625
v 5561.271484375 0 -1222.697509765625
v 5122.6611328125 0 -1222.697509765625
v 5122.6611328125 0 -1364.1956787109375
v 5249.4677734375 0 -1364.1956787109375
v 5249.4677734375 0 -1504.69775390625
v 5249.4677734375 0 -1645.199951171875
v 5134.83447265625 0 -1645.199951171875
v 5134.83447265625 0 -1691.8648681640625
v 5247.43896484375 0 -1691.8648681640625
v 5247.43896484375 0 -1708.09619140625
v 5316.6181640625 0 -1706.880126953125
v 5316.6181640625 0 -1655.220458984375
v 5316.6181640625 0 -1681.05029296875
v 5277.76025390625 0 -1655.220458984375
v 5238.90283203125 0 -1681.05029296875
v 5277.76025390625 0 -1706.880126953125
v 5277.76025390625 0 -1681.05029296875
v 5263.67041015625 0 -1708.09619140625
v 5263.67041015625 0 -1730.4141845703125
v 5368.1591796875 0 -1730.4141845703125
v 5368.1591796875 0 -1537.6676025390625
v 5368.1591796875 0 -1344.9210205078125
v 5622.28076171875 0 -1344.9210205078125
v 5876.40185546875 0 -1344.9210205078125
v 5876.40185546875 0 -1810.5562744140625
v 5876.40185546875 0 -2276.19140625
v 5623.294921875 0 -2276.19140625
v 5370.1884765625 0 -2276.19140625
v 5370.1884765625 0 -2146.341064453125
v 5370.1884765625 0 -2016.4908447265625
v 5265.69921875 0 -2016.4908447265625
v 5265.69921875 0 -2033.736572265625
v 5316.6181640625 0 -2068.497802734375
v 5316.6181640625 0 -2042.66796875
v 5277.76025390625 0 -2068.497802734375
v 5277.76025390625 0 -2042.66796875
v 5245.41015625 0 -2033.736572265625
v 5245.41015625 0 -2219.382080078125
v 5245.41015625 0 -2405.02734375
v 5581.1953125 0 -2405.02734375
v 5916.97998046875 0 -2405.02734375
v 5916.97998046875 0 -2784.017333984375
v 5916.97998046875 0 -3163.00732421875
v 5916.97998046875 0 -3541.9970703125
v 5838.22412109375 0 -3541.9970703125
v 5838.22412109375 0 -3858.462646484375
v 5838.22412109375 0 -4174.92822265625
v 5724.1455078125 0 -4174.92822265625
v 5610.06689453125 0 -4174.92822265625
v 5495.98876953125 0 -4174.92822265625
v 5381.91015625 0 -4174.92822265625
v 5267.83154296875 0 -4174.92822265625
v 5153.7529296875 0 -4174.92822265625
v 5039.67431640625 0 -4174.92822265625
v 4925.595703125 0 -4174.92822265625
v 4811.517578125 0 -4174.92822265625
v 4697.43896484375 0 -4174.92822265625
v 4697.43896484375 0 -3734.02880859375
v 4697.43896484375 0 -3293.129638671875
v 4697.43896484375 0 -2852.230224609375
v 4354.75732421875 0 -2852.230224609375
v 4012.07568359375 0 -2852.230224609375
v 4012.07568359375 0 -2893.31591796875
v 4332.13134765625 0 -2893.31591796875
v 4652.1875 0 -2893.31591796875
v 4652.1875 0 -3320.056884765625
v 4652.1875 0 -3746.7978515625
v 4652.1875 0 -4173.53857421875
v 4553.33203125 0 -4173.53857421875
v 4308.2763671875 0 -4173.53857421875
v 4063.220458984375 0 -4173.53857421875
v 3818.16455078125 0 -4173.53857421875
v 3696.680419921875 0 -4173.53857421875
v 3575.196044921875 0 -4173.53857421875
v 3575.196044921875 0 -3746.852783203125
v 3575.196044921875 0 -3320.166748046875
v 3575.196044921875 0 -2893.48046875
v 3617.22607421875 0 -2893.48046875
v 3617.22607421875 0 -2853.58544921875
v 3494.844970703125 0 -2853.58544921875
v 3494.844970703125 0 -2893.48046875
v 3530.427001953125 0 -2893.48046875
v 3530.427001953125 0 -3320.17236328125
v 3530.427001953125 0 -3746.8642578125
v 3530.427001953125 0 -4173.55615234375
v 3246.52099609375 0 -4173.55615234375
v 2962.614990234375 0 -4173.55615234375
v 2718.978271484375 0 -4173.55615234375
v 2475.34130859375 0 -4173.55615234375
v 2433.434326171875 0 -4173.55615234375
v 2433.434326171875 0 -3746.847900390625
v 2433.434326171875 0 -3320.1396484375
v 2433.434326171875 0 -2893.431640625
v 2776.697265625 0 -2893.431640625
v 3119.96044921875 0 -2893.431640625
v 3119.96044921875 0 -2849.52734375
v 2755.36474609375 0 -2849.52734375
v 2390.769287109375 0 -2849.52734375
v 2390.769287109375 0 -3290.406982421875
v 2390.769287109375 0 -3731.286865234375
v 2390.769287109375 0 -4172.16650390625
v 2288.5830078125 0 -4172.16650390625
v 2003.997802734375 0 -4172.16650390625
v 1719.4124755859375 0 -4172.16650390625
v 1434.8272705078125 0 -4172.16650390625
v 1312.392578125 0 -4172.16650390625
v 1312.392578125 0 -3752.0166015625
v 1312.392578125 0 -3331.866943359375
v 1312.392578125 0 -2911.717041015625
v 1312.392578125 0 -2491.567138671875
v 1312.392578125 0 -2071.41748046875
v 1312.392578125 0 -1651.267578125
v 1480.5716552734375 0 -1651.267578125
v 1648.7508544921875 0 -1651.267578125
v 1811.3590087890625 0 -1651.267578125
v 1973.967041015625 0 -1651.267578125
v 2101.2255859375 0 -1651.267578125
v 2228.484130859375 0 -1651.267578125
v 2228.484130859375 0 -2005.279541015625
v 2228.484130859375 0 -2359.291259765625
v 2116.07470703125 0 -2359.291259765625
v 2003.6651611328125 0 -2359.291259765625
v 2003.6651611328125 0 -2403.927490234375
v 2307.49462890625 0 -2403.927490234375
v 2611.32421875 0 -2403.927490234375
v 2611.32421875 0 -2359.291259765625
v 2442.2998046875 0 -2359.291259765625
v 2273.275634765625 0 -2359.291259765625
v 2273.275634765625 0 -2005.0010986328125
v 2273.275634765625 0 -1650.7108154296875
v 2291.28369140625 0 -1650.7108154296875
v 1168.76904296875 0 -1606.697509765625
v 1168.76904296875 260 -1606.697509765625
v 1329.1708984375 37.142856597900391 -1606.697509765625
v 1329.1708984375 74.285713195800781 -1606.697509765625
v 1329.1708984375 111.42857360839844 -1606.697509765625
v 1329.1708984375 148.57142639160156 -1606.697509765625
v 1329.1708984375 185.71427917480469 -1606.697509765625
v 1329.1708984375 222.85714721679688 -1606.697509765625
v 1489.5726318359375 37.142856597900391 -1606.697509765625
v 1489.5726318359375 74.285713195800781 -1606.697509765625
v 1489.5726318359375 111.42857360839844 -1606.697509765625
v 1489.5726318359375 148.57142639160156 -1606.697509765625
v 1489.5726318359375 185.71427917480469 -1606.697509765625
v 1489.5726318359375 222.85714721679688 -1606.697509765625
v 1649.9744873046875 37.142856597900391 -1606.697509765625
v 1649.9744873046875 74.285713195800781 -1606.697509765625
v 1810.3763427734375 37.142856597900391 -1606.697509765625
v 1810.3763427734375 74.285713195800781 -1606.697509765625
v 1970.7781982421875 37.142856597900391 -1606.697509765625
v 1970.7781982421875 74.285713195800781 -1606.697509765625
v 2131.179931640625 37.142856597900391 -1606.697509765625
v 2131.179931640625 74.285713195800781 -1606.697509765625
v 2291.581787109375 0 -1606.697509765625
v 2291.581787109375 260 -1606.697509765625
v 1281.05029296875 0 -1606.697509765625
v 1393.33154296875 0 -1606.697509765625
v 1505.6129150390625 0 -1606.697509765625
v 1617.8941650390625 0 -1606.697509765625
v 1730.1754150390625 0 -1606.697509765625
v 1842.4566650390625 0 -1606.697509765625
v 1954.738037109375 0 -1606.697509765625
v 2067.019287109375 0 -1606.697509765625
v 2179.300537109375 0 -1606.697509765625
v 2291.581787109375 86.666664123535156 -1606.697509765625
v 2291.581787109375 173.33332824707031 -1606.697509765625
v 2179.300537109375 260 -1606.697509765625
v 2067.019287109375 260 -1606.697509765625
v 1954.738037109375 260 -1606.697509765625
v 1842.4566650390625 260 -1606.697509765625
v 1730.1754150390625 260 -1606.697509765625
v 1617.8941650390625 260 -1606.697509765625
v 1505.6129150390625 260 -1606.697509765625
v 1393.33154296875 260 -1606.697509765625
v 1281.05029296875 260 -1606.697509765625
v 1168.76904296875 173.33332824707031 -1606.697509765625
v 1168.76904296875 86.666664123535156 -1606.697509765625
v 1973.967041015625 100 -1606.697509765625
v 1865.938232421875 100 -1606.697509765625
v 1757.909423828125 100 -1606.697509765625
v 1649.8804931640625 100 -1606.697509765625
v 1973.967041015625 245 -1606.697509765625
v 1973.967041015625 172.5 -1606.697509765625
v 1649.8804931640625 245 -1606.697509765625
v 1757.909423828125 245 -1606.697509765625
v 1865.938232421875 245 -1606.697509765625
v 1649.8804931640625 148.33332824707031 -1606.697509765625
v 1649.8804931640625 196.66667175292969 -1606.697509765625
v 2131.179931640625 148.57142639160156 -1606.697509765625
v 2131.179931640625 185.71427917480469 -1606.697509765625
v 2131.179931640625 222.85714721679688 -1606.697509765625
v 1168.76904296875 0 -4317.62744140625
v 1168.76904296875 260 -4317.62744140625
v 1168.76904296875 0 -2962.162353515625
v 1168.76904296875 260 -2962.162353515625
v 1168.76904296875 0 -1606.697509765625
v 1168.76904296875 260 -1606.697509765625
v 1168.76904296875 0 -3865.8056640625
v 1168.76904296875 0 -3413.984130859375
v 1168.76904296875 0 -2510.3408203125
v 1168.76904296875 0 -2058.519287109375
v 1168.76904296875 86.666664123535156 -1606.697509765625
v 1168.76904296875 173.33332824707031 -1606.697509765625
v 1168.76904296875 130 -2284.429931640625
v 1168.76904296875 130 -1945.563720703125
v 1168.76904296875 65 -2284.429931640625
v 1168.76904296875 65 -1945.563720703125
v 1168.76904296875 195 -2284.429931640625
v 1168.76904296875 195 -1945.563720703125
v 1168.76904296875 260 -2058.519287109375
v 1168.76904296875 260 -2510.3408203125
v 1168.76904296875 260 -3413.984130859375
v 1168.76904296875 260 -3865.8056640625
v 1168.76904296875 130 -4317.62744140625
v 1168.76904296875 130 -3639.894775390625
v 1168.76904296875 195 -3639.894775390625
v 1168.76904296875 130 -3978.76123046875
v 1168.76904296875 195 -3978.76123046875
v 1168.76904296875 65 -3639.894775390625
v 1168.76904296875 65 -3978.76123046875
v 1315.6126708984375 0 -4317.62744140625
v 1315.6126708984375 260 -4317.62744140625
v 1168.76904296875 0 -4317.62744140625
v 1168.76904296875 260 -4317.62744140625
v 1168.76904296875 130 -4317.62744140625
v 1315.6126708984375 130 -4317.62744140625
v 1315.6126708984375 0 -4237.8642578125
v 1315.6126708984375 260 -4237.8642578125
v 1315.6126708984375 0 -4317.62744140625
v 1315.6126708984375 260 -4317.62744140625
v 1315.6126708984375 130 -4317.62744140625
v 1315.6126708984375 130 -4237.8642578125
v 1435.318359375 0 -4237.8642578125
v 1435.318359375 260 -4237.8642578125
v 1315.6126708984375 0 -4237.8642578125
v 1315.6126708984375 260 -4237.8642578125
v 1315.6126708984375 130 -4237.8642578125
v 1435.318359375 245 -4237.8642578125
v 1375.4654541015625 130 -4237.8642578125
v 1375.4654541015625 195 -4237.8642578125
v 1405.3919677734375 130 -4237.8642578125
v 1405.3919677734375 195 -4237.8642578125
v 1405.3919677734375 227.5 -4237.8642578125
v 1420.355224609375 195 -4237.8642578125
v 1420.355224609375 227.5 -4237.8642578125
v 1435.318359375 100 -4237.8642578125
v 1435.318359375 172.5 -4237.8642578125
v 2288.475830078125 245 -4237.8642578125
v 2288.475830078125 260 -4237.8642578125
v 1861.8970947265625 245 -4237.8642578125
v 1861.8970947265625 260 -4237.8642578125
v 1435.318359375 245 -4237.8642578125
v 1435.318359375 260 -4237.8642578125
v 1496.2581787109375 260 -4237.8642578125
v 1557.197998046875 260 -4237.8642578125
v 1618.1378173828125 260 -4237.8642578125
v 1679.07763671875 260 -4237.8642578125
v 1740.0174560546875 260 -4237.8642578125
v 1800.957275390625 260 -4237.8642578125
v 1922.8369140625 260 -4237.8642578125
v 1983.7767333984375 260 -4237.8642578125
v 2044.716552734375 260 -4237.8642578125
v 2105.65625 260 -4237.8642578125
v 2166.59619140625 260 -4237.8642578125
v 2227.535888671875 260 -4237.8642578125
v 2227.535888671875 245 -4237.8642578125
v 2166.59619140625 245 -4237.8642578125
v 2105.65625 245 -4237.8642578125
v 2044.716552734375 245 -4237.8642578125
v 1983.7767333984375 245 -4237.8642578125
v 1922.8369140625 245 -4237.8642578125
v 1800.957275390625 245 -4237.8642578125
v 1740.0174560546875 245 -4237.8642578125
v 1679.07763671875 245 -4237.8642578125
v 1618.1378173828125 245 -4237.8642578125
v 1557.197998046875 245 -4237.8642578125
v 1496.2581787109375 245 -4237.8642578125
v 2476.150146484375 0 -4237.8642578125
v 2476.150146484375 260 -4237.8642578125
v 2288.475830078125 0 -4237.8642578125
v 2288.475830078125 260 -4237.8642578125
v 2288.475830078125 245 -4237.8642578125
v 2382.31298828125 130 -4237.8642578125
v 2382.31298828125 195 -4237.8642578125
v 2335.394287109375 130 -4237.8642578125
v 2335.394287109375 195 -4237.8642578125
v 2335.394287109375 227.5 -4237.8642578125
v 2311.93505859375 195 -4237.8642578125
v 2311.93505859375 227.5 -4237.8642578125
v 2476.150146484375 245 -4237.8642578125
v 2429.2314453125 130 -4237.8642578125
v 2429.2314453125 195 -4237.8642578125
v 2429.2314453125 227.5 -4237.8642578125
v 2452.69091796875 195 -4237.8642578125
v 2452.69091796875 227.5 -4237.8642578125
v 2288.475830078125 100 -4237.8642578125
v 2288.475830078125 172.5 -4237.8642578125
v 2476.150146484375 100 -4237.8642578125
v 2476.150146484375 172.5 -4237.8642578125
v 3086.8525390625 0 -4237.8642578125
v 3086.8525390625 260 -4237.8642578125
v 2964.103271484375 0 -4237.8642578125
v 2964.103271484375 260 -4237.8642578125
v 2964.103271484375 130 -4237.8642578125
v 3086.8525390625 130 -4237.8642578125
v 3086.8525390625 0 -4464.087890625
v 3086.8525390625 260 -4464.087890625
v 3086.8525390625 0 -4237.8642578125
v 3086.8525390625 260 -4237.8642578125
v 3086.8525390625 0 -4350.97607421875
v 3086.8525390625 130 -4237.8642578125
v 3086.8525390625 260 -4350.97607421875
v 3086.8525390625 130 -4464.087890625
v 3700.598388671875 0 -4464.087890625
v 3700.598388671875 260 -4464.087890625
v 3086.8525390625 0 -4464.087890625
v 3086.8525390625 260 -4464.087890625
v 3393.725341796875 0 -4464.087890625
v 3086.8525390625 130 -4464.087890625
v 3700.598388671875 130 -4464.087890625
v 3393.725341796875 260 -4464.087890625
v 3700.598388671875 0 -4237.8642578125
v 3700.598388671875 260 -4237.8642578125
v 3700.598388671875 0 -4464.087890625
v 3700.598388671875 260 -4464.087890625
v 3700.598388671875 0 -4350.97607421875
v 3700.598388671875 130 -4464.087890625
v 3700.598388671875 260 -4350.97607421875
v 3700.598388671875 130 -4237.8642578125
v 3819.289794921875 0 -4237.8642578125
v 3819.289794921875 260 -4237.8642578125
v 3700.598388671875 0 -4237.8642578125
v 3700.598388671875 260 -4237.8642578125
v 3700.598388671875 130 -4237.8642578125
v 3819.289794921875 245 -4237.8642578125
v 3759.944091796875 130 -4237.8642578125
v 3759.944091796875 195 -4237.8642578125
v 3789.616943359375 130 -4237.8642578125
v 3789.616943359375 195 -4237.8642578125
v 3789.616943359375 227.5 -4237.8642578125
v 3804.453369140625 195 -4237.8642578125
v 3804.453369140625 227.5 -4237.8642578125
v 3819.289794921875 100 -4237.8642578125
v 3819.289794921875 172.5 -4237.8642578125
v 4551.72705078125 245 -4237.8642578125
v 4551.72705078125 260 -4237.8642578125
v 3819.289794921875 245 -4237.8642578125
v 3819.289794921875 260 -4237.8642578125
v 3880.326171875 260 -4237.8642578125
v 3941.362548828125 260 -4237.8642578125
v 4002.39892578125 260 -4237.8642578125
v 4063.435302734375 260 -4237.8642578125
v 4124.4716796875 260 -4237.8642578125
v 4185.50830078125 260 -4237.8642578125
v 4246.54443359375 260 -4237.8642578125
v 4307.5810546875 260 -4237.8642578125
v 4368.61767578125 260 -4237.8642578125
v 4429.65380859375 260 -4237.8642578125
v 4490.6904296875 260 -4237.8642578125
v 4490.6904296875 245 -4237.8642578125
v 4429.65380859375 245 -4237.8642578125
v 4368.61767578125 245 -4237.8642578125
v 4307.5810546875 245 -4237.8642578125
v 4246.54443359375 245 -4237.8642578125
v 4185.50830078125 245 -4237.8642578125
v 4124.4716796875 245 -4237.8642578125
v 4063.435302734375 245 -4237.8642578125
v 4002.39892578125 245 -4237.8642578125
v 3941.362548828125 245 -4237.8642578125
v 3880.326171875 245 -4237.8642578125
v 5714.29345703125 245 -4237.8642578125
v 5714.29345703125 260 -4237.8642578125
v 4860.12158203125 245 -4237.8642578125
v 4860.12158203125 260 -4237.8642578125
v 4921.1337890625 260 -4237.8642578125
v 4982.14599609375 260 -4237.8642578125
v 5043.158203125 260 -4237.8642578125
v 5104.17041015625 260 -4237.8642578125
v 5165.1826171875 260 -4237.8642578125
v 5226.19482421875 260 -4237.8642578125
v 5287.20751953125 260 -4237.8642578125
v 5348.2197265625 260 -4237.8642578125
v 5409.23193359375 260 -4237.8642578125
v 5470.244140625 260 -4237.8642578125
v 5531.25634765625 260 -4237.8642578125
v 5592.2685546875 260 -4237.8642578125
v 5653.28076171875 260 -4237.8642578125
v 5653.28076171875 245 -4237.8642578125
v 5592.2685546875 245 -4237.8642578125
v 5531.25634765625 245 -4237.8642578125
v 5470.244140625 245 -4237.8642578125
v 5409.23193359375 245 -4237.8642578125
v 5348.2197265625 245 -4237.8642578125
v 5287.20751953125 245 -4237.8642578125
v 5226.19482421875 245 -4237.8642578125
v 5165.1826171875 245 -4237.8642578125
v 5104.17041015625 245 -4237.8642578125
v 5043.158203125 245 -4237.8642578125
v 4982.14599609375 245 -4237.8642578125
v 4921.1337890625 245 -4237.8642578125
v 5838.056640625 0 -4237.8642578125
v 5838.056640625 260 -4237.8642578125
v 5714.29345703125 0 -4237.8642578125
v 5714.29345703125 260 -4237.8642578125
v 5714.29345703125 245 -4237.8642578125
v 5838.056640625 130 -4237.8642578125
v 5776.1748046875 130 -4237.8642578125
v 5776.1748046875 195 -4237.8642578125
v 5745.234375 130 -4237.8642578125
v 5745.234375 195 -4237.8642578125
v 5745.234375 227.5 -4237.8642578125
v 5729.763671875 195 -4237.8642578125
v 5729.763671875 227.5 -4237.8642578125
v 5714.29345703125 100 -4237.8642578125
v 5714.29345703125 172.5 -4237.8642578125
v 5838.056640625 0 -4319.0205078125
v 5838.056640625 260 -4319.0205078125
v 5838.056640625 0 -4237.8642578125
v 5838.056640625 260 -4237.8642578125
v 5838.056640625 130 -4237.8642578125
v 5838.056640625 130 -4319.0205078125
v 6045.005859375 0 -4319.0205078125
v 6045.005859375 260 -4319.0205078125
v 5838.056640625 0 -4319.0205078125
v 5838.056640625 260 -4319.0205078125
v 5941.53125 0 -4319.0205078125
v 5838.056640625 130 -4319.0205078125
v 5941.53125 260 -4319.0205078125
v 6045.005859375 130 -4319.0205078125
v 6045.005859375 0 -3543.760986328125
v 6045.005859375 260 -3543.760986328125
v 6045.005859375 0 -4319.0205078125
v 6045.005859375 260 -4319.0205078125
v 6045.005859375 0 -3931.390625
v 6045.005859375 130 -4319.0205078125
v 6045.005859375 130 -3543.760986328125
v 6045.005859375 260 -3931.390625
v 5959.90771484375 0 -3543.760986328125
v 5959.90771484375 260 -3543.760986328125
v 6045.005859375 0 -3543.760986328125
v 6045.005859375 260 -3543.760986328125
v 6045.005859375 130 -3543.760986328125
v 5959.90771484375 130 -3543.760986328125
v 5959.90771484375 0 -2402.9716796875
v 5959.90771484375 260 -2402.9716796875
v 5959.90771484375 0 -3543.760986328125
v 5959.90771484375 260 -3543.760986328125
v 5959.90771484375 0 -2783.234619140625
v 5959.90771484375 0 -3163.497802734375
v 5959.90771484375 130 -3543.760986328125
v 5959.90771484375 130 -2973.3662109375
v 5959.90771484375 130 -3258.5634765625
v 5959.90771484375 65 -2973.3662109375
v 5959.90771484375 65 -3258.5634765625
v 5959.90771484375 195 -2973.3662109375
v 5959.90771484375 195 -3258.5634765625
v 5959.90771484375 260 -3163.497802734375
v 5959.90771484375 260 -2783.234619140625
v 5959.90771484375 173.33332824707031 -2402.9716796875
v 5959.90771484375 86.666664123535156 -2402.9716796875
v 5959.90771484375 130 -2688.1689453125
v 5959.90771484375 195 -2688.1689453125
v 5959.90771484375 65 -2688.1689453125
v 5999.8818359375 0 -2402.9716796875
v 5999.8818359375 260 -2402.9716796875
v 5959.90771484375 0 -2402.9716796875
v 5959.90771484375 260 -2402.9716796875
v 5959.90771484375 86.666664123535156 -2402.9716796875
v 5959.90771484375 173.33332824707031 -2402.9716796875
v 5999.8818359375 173.33332824707031 -2402.9716796875
v 5999.8818359375 86.666664123535156 -2402.9716796875
v 5999.8818359375 0 -1222.697509765625
v 5999.8818359375 260 -1222.697509765625
v 5999.8818359375 0 -2402.9716796875
v 5999.8818359375 260 -2402.9716796875
v 5999.8818359375 0 -1616.1221923828125
v 5999.8818359375 0 -2009.546875
v 5999.8818359375 86.666664123535156 -2402.9716796875
v 5999.8818359375 173.33332824707031 -2402.9716796875
v 5999.8818359375 130 -1812.83447265625
v 5999.8818359375 130 -2107.903076171875
v 5999.8818359375 65 -1812.83447265625
v 5999.8818359375 65 -2107.903076171875
v 5999.8818359375 195 -1812.83447265625
v 5999.8818359375 195 -2107.903076171875
v 5999.8818359375 260 -2009.546875
v 5999.8818359375 260 -1616.1221923828125
v 5122.6611328125 0 -1222.697509765625
v 5122.6611328125 260 -1222.697509765625
v 5999.8818359375 0 -1222.697509765625
v 5999.8818359375 260 -1222.697509765625
v 5561.271484375 0 -1222.697509765625
v 5561.271484375 260 -1222.697509765625
v 5122.6611328125 130 -1222.697509765625
v 5122.6611328125 0 -1364.1956787109375
v 5122.6611328125 260 -1364.1956787109375
v 5122.6611328125 0 -1222.697509765625
v 5122.6611328125 260 -1222.697509765625
v 5122.6611328125 130 -1222.697509765625
v 5122.6611328125 130 -1364.1956787109375
v 5249.4677734375 0 -1364.1956787109375
v 5249.4677734375 260 -1364.1956787109375
v 5122.6611328125 0 -1364.1956787109375
v 5122.6611328125 260 -1364.1956787109375
v 5122.6611328125 130 -1364.1956787109375
v 5249.4677734375 130 -1364.1956787109375
v 5249.4677734375 0 -1645.199951171875
v 5249.4677734375 260 -1645.199951171875
v 5249.4677734375 0 -1364.1956787109375
v 5249.4677734375 260 -1364.1956787109375
v 5249.4677734375 0 -1504.69775390625
v 5249.4677734375 130 -1364.1956787109375
v 5249.4677734375 260 -1504.69775390625
v 5249.4677734375 130 -1645.199951171875
v 5134.83447265625 0 -1645.199951171875
v 5134.83447265625 260 -1645.199951171875
v 5249.4677734375 0 -1645.199951171875
v 5249.4677734375 260 -1645.199951171875
v 5249.4677734375 130 -1645.199951171875
v 5134.83447265625 130 -1645.199951171875
v 5134.83447265625 0 -1691.8648681640625
v 5134.83447265625 260 -1691.8648681640625
v 5134.83447265625 0 -1645.199951171875
v 5134.83447265625 260 -1645.199951171875
v 5134.83447265625 130 -1645.199951171875
v 5134.83447265625 130 -1691.8648681640625
v 5247.43896484375 0 -1691.8648681640625
v 5247.43896484375 260 -1691.8648681640625
v 5134.83447265625 0 -1691.8648681640625
v 5134.83447265625 260 -1691.8648681640625
v 5134.83447265625 130 -1691.8648681640625
v 5247.43896484375 195 -1691.8648681640625
v 5247.43896484375 130 -1691.8648681640625
v 5247.43896484375 65 -1691.8648681640625
v 5247.43896484375 0 -1708.09619140625
v 5247.43896484375 260 -1708.09619140625
v 5247.43896484375 0 -1691.8648681640625
v 5247.43896484375 260 -1691.8648681640625
v 5247.43896484375 65 -1691.8648681640625
v 5247.43896484375 130 -1691.8648681640625
v 5247.43896484375 195 -1691.8648681640625
v 5247.43896484375 195 -1708.09619140625
v 5247.43896484375 130 -1708.09619140625
v 5247.43896484375 65 -1708.09619140625
v 5263.67041015625 0 -1708.09619140625
v 5263.67041015625 260 -1708.09619140625
v 5247.43896484375 0 -1708.09619140625
v 5247.43896484375 260 -1708.09619140625
v 5247.43896484375 65 -1708.09619140625
v 5247.43896484375 130 -1708.09619140625
v 5247.43896484375 195 -1708.09619140625
v 5263.67041015625 195 -1708.09619140625
v 5263.67041015625 130 -1708.09619140625
v 5263.67041015625 65 -1708.09619140625
v 5263.67041015625 0 -1730.4141845703125
v 5263.67041015625 260 -1730.4141845703125
v 5263.67041015625 0 -1708.09619140625
v 5263.67041015625 130 -1708.09619140625
v 5263.67041015625 260 -1708.09619140625
v 5263.67041015625 65 -1708.09619140625
v 5263.67041015625 195 -1708.09619140625
v 5263.67041015625 173.33332824707031 -1730.4141845703125
v 5263.67041015625 86.666664123535156 -1730.4141845703125
v 5368.1591796875 0 -1730.4141845703125
v 5368.1591796875 260 -1730.4141845703125
v 5263.67041015625 0 -1730.4141845703125
v 5263.67041015625 260 -1730.4141845703125
v 5263.67041015625 86.666664123535156 -1730.4141845703125
v 5263.67041015625 173.33332824707031 -1730.4141845703125
v 5368.1591796875 130 -1730.4141845703125
v 5368.1591796875 0 -1344.9210205078125
v 5368.1591796875 260 -1344.9210205078125
v 5368.1591796875 0 -1730.4141845703125
v 5368.1591796875 260 -1730.4141845703125
v 5368.1591796875 0 -1537.6676025390625
v 5368.1591796875 130 -1730.4141845703125
v 5368.1591796875 260 -1537.6676025390625
v 5876.40185546875 0 -1344.9210205078125
v 5876.40185546875 260 -1344.9210205078125
v 5368.1591796875 0 -1344.9210205078125
v 5368.1591796875 260 -1344.9210205078125
v 5622.28076171875 0 -1344.9210205078125
v 5622.28076171875 260 -1344.9210205078125
v 5876.40185546875 0 -2276.19140625
v 5876.40185546875 260 -2276.19140625
v 5876.40185546875 0 -1344.9210205078125
v 5876.40185546875 260 -1344.9210205078125
v 5876.40185546875 0 -1810.5562744140625
v 5876.40185546875 260 -1810.5562744140625
v 5370.1884765625 0 -2276.19140625
v 5370.1884765625 260 -2276.19140625
v 5876.40185546875 0 -2276.19140625
v 5876.40185546875 260 -2276.19140625
v 5623.294921875 0 -2276.19140625
v 5623.294921875 260 -2276.19140625
v 5370.1884765625 130 -2276.19140625
v 5370.1884765625 0 -2016.4908447265625
v 5370.1884765625 260 -2016.4908447265625
v 5370.1884765625 0 -2276.19140625
v 5370.1884765625 260 -2276.19140625
v 5370.1884765625 0 -2146.341064453125
v 5370.1884765625 130 -2276.19140625
v 5370.1884765625 260 -2146.341064453125
v 5370.1884765625 130 -2016.4908447265625
v 5265.69921875 0 -2016.4908447265625
v 5265.69921875 260 -2016.4908447265625
v 5370.1884765625 0 -2016.4908447265625
v 5370.1884765625 260 -2016.4908447265625
v 5370.1884765625 130 -2016.4908447265625
v 5265.69921875 195 -2016.4908447265625
v 5265.69921875 130 -2016.4908447265625
v 5265.69921875 65 -2016.4908447265625
v 5265.69921875 0 -2033.736572265625
v 5265.69921875 260 -2033.736572265625
v 5265.69921875 0 -2016.4908447265625
v 5265.69921875 260 -2016.4908447265625
v 5265.69921875 65 -2016.4908447265625
v 5265.69921875 130 -2016.4908447265625
v 5265.69921875 195 -2016.4908447265625
v 5265.69921875 195 -2033.736572265625
v 5265.69921875 130 -2033.736572265625
v 5265.69921875 65 -2033.736572265625
v 5245.41015625 0 -2033.736572265625
v 5245.41015625 260 -2033.736572265625
v 5265.69921875 0 -2033.736572265625
v 5265.69921875 260 -2033.736572265625
v 5265.69921875 65 -2033.736572265625
v 5265.69921875 130 -2033.736572265625
v 5265.69921875 195 -2033.736572265625
v 5245.41015625 195 -2033.736572265625
v 5245.41015625 130 -2033.736572265625
v 5245.41015625 65 -2033.736572265625
v 5245.41015625 0 -2405.02734375
v 5245.41015625 260 -2405.02734375
v 5245.41015625 0 -2033.736572265625
v 5245.41015625 260 -2033.736572265625
v 5245.41015625 0 -2219.382080078125
v 5245.41015625 65 -2033.736572265625
v 5245.41015625 130 -2033.736572265625
v 5245.41015625 195 -2033.736572265625
v 5245.41015625 260 -2219.382080078125
v 5916.97998046875 0 -2405.02734375
v 5916.97998046875 260 -2405.02734375
v 5245.41015625 0 -2405.02734375
v 5245.41015625 260 -2405.02734375
v 5581.1953125 0 -2405.02734375
v 5581.1953125 260 -2405.02734375
v 5916.97998046875 0 -3541.9970703125
v 5916.97998046875 260 -3541.9970703125
v 5916.97998046875 0 -2405.02734375
v 5916.97998046875 260 -2405.02734375
v 5916.97998046875 0 -3163.00732421875
v 5916.97998046875 0 -2784.017333984375
v 5916.97998046875 130 -3541.9970703125
v 5916.97998046875 130 -2973.51220703125
v 5916.97998046875 260 -2784.017333984375
v 5916.97998046875 260 -3163.00732421875
v 5916.97998046875 195 -2973.51220703125
v 5916.97998046875 130 -3257.754638671875
v 5916.97998046875 195 -3257.754638671875
v 5916.97998046875 65 -2973.51220703125
v 5916.97998046875 65 -3257.754638671875
v 5838.22412109375 0 -3541.9970703125
v 5838.22412109375 260 -3541.9970703125
v 5916.97998046875 0 -3541.9970703125
v 5916.97998046875 260 -3541.9970703125
v 5916.97998046875 130 -3541.9970703125
v 5838.22412109375 130 -3541.9970703125
v 5838.22412109375 0 -4174.92822265625
v 5838.22412109375 260 -4174.92822265625
v 5838.22412109375 0 -3541.9970703125
v 5838.22412109375 260 -3541.9970703125
v 5838.22412109375 0 -3858.462646484375
v 5838.22412109375 130 -3541.9970703125
v 5838.22412109375 260 -3858.462646484375
v 5838.22412109375 173.33332824707031 -4174.92822265625
v 5838.22412109375 86.666664123535156 -4174.92822265625
v 4697.43896484375 0 -4174.92822265625
v 4697.43896484375 260 -4174.92822265625
v 4860.408203125 37.142856597900391 -4174.92822265625
v 4860.408203125 74.285713195800781 -4174.92822265625
v 5023.37744140625 37.142856597900391 -4174.92822265625
v 5023.37744140625 74.285713195800781 -4174.92822265625
v 5186.3466796875 37.142856597900391 -4174.92822265625
v 5186.3466796875 74.285713195800781 -4174.92822265625
v 5349.31591796875 37.142856597900391 -4174.92822265625
v 5349.31591796875 74.285713195800781 -4174.92822265625
v 5512.28564453125 37.142856597900391 -4174.92822265625
v 5512.28564453125 74.285713195800781 -4174.92822265625
v 5675.2548828125 37.142856597900391 -4174.92822265625
v 5675.2548828125 74.285713195800781 -4174.92822265625
v 5838.22412109375 0 -4174.92822265625
v 5838.22412109375 260 -4174.92822265625
v 4811.517578125 0 -4174.92822265625
v 4925.595703125 0 -4174.92822265625
v 5039.67431640625 0 -4174.92822265625
v 5153.7529296875 0 -4174.92822265625
v 5267.83154296875 0 -4174.92822265625
v 5381.91015625 0 -4174.92822265625
v 5495.98876953125 0 -4174.92822265625
v 5610.06689453125 0 -4174.92822265625
v 5724.1455078125 0 -4174.92822265625
v 5838.22412109375 86.666664123535156 -4174.92822265625
v 5838.22412109375 173.33332824707031 -4174.92822265625
v 5724.1455078125 260 -4174.92822265625
v 5610.06689453125 260 -4174.92822265625
v 5495.98876953125 260 -4174.92822265625
v 5381.91015625 260 -4174.92822265625
v 5267.83154296875 260 -4174.92822265625
v 5153.7529296875 260 -4174.92822265625
v 5039.67431640625 260 -4174.92822265625
v 4925.595703125 260 -4174.92822265625
v 4811.517578125 260 -4174.92822265625
v 4697.43896484375 173.33332824707031 -4174.92822265625
v 4697.43896484375 86.666664123535156 -4174.92822265625
v 5713.18310546875 100 -4174.92822265625
v 5591.31689453125 100 -4174.92822265625
v 5469.451171875 100 -4174.92822265625
v 5347.5849609375 100 -4174.92822265625
v 5225.71923828125 100 -4174.92822265625
v 5103.853515625 100 -4174.92822265625
v 4981.9873046875 100 -4174.92822265625
v 4860.12158203125 100 -4174.92822265625
v 4860.12158203125 172.5 -4174.92822265625
v 4860.12158203125 245 -4174.92822265625
v 4981.9873046875 245 -4174.92822265625
v 5103.853515625 245 -4174.92822265625
v 5225.71923828125 245 -4174.92822265625
v 5347.5849609375 245 -4174.92822265625
v 5469.451171875 245 -4174.92822265625
v 5591.31689453125 245 -4174.92822265625
v 5713.18310546875 245 -4174.92822265625
v 5713.18310546875 172.5 -4174.92822265625
v 4697.43896484375 0 -2852.230224609375
v 4697.43896484375 260 -2852.230224609375
v 4697.43896484375 0 -4174.92822265625
v 4697.43896484375 260 -4174.92822265625
v 4697.43896484375 0 -3293.129638671875
v 4697.43896484375 0 -3734.02880859375
v 4697.43896484375 86.666664123535156 -4174.92822265625
v 4697.43896484375 173.33332824707031 -4174.92822265625
v 4697.43896484375 130 -3513.5791015625
v 4697.43896484375 130 -3844.253662109375
v 4697.43896484375 65 -3513.5791015625
v 4697.43896484375 65 -3844.253662109375
v 4697.43896484375 195 -3513.5791015625
v 4697.43896484375 195 -3844.253662109375
v 4697.43896484375 260 -3734.02880859375
v 4697.43896484375 260 -3293.129638671875
v 4012.07568359375 0 -2852.230224609375
v 4012.07568359375 260 -2852.230224609375
v 4697.43896484375 0 -2852.230224609375
v 4697.43896484375 260 -2852.230224609375
v 4354.75732421875 0 -2852.230224609375
v 4354.75732421875 260 -2852.230224609375
v 4012.07568359375 173.33332824707031 -2852.230224609375
v 4012.07568359375 86.666664123535156 -2852.230224609375
v 4012.07568359375 0 -2893.31591796875
v 4012.07568359375 260 -2893.31591796875
v 4012.07568359375 0 -2852.230224609375
v 4012.07568359375 260 -2852.230224609375
v 4012.07568359375 86.666664123535156 -2852.230224609375
v 4012.07568359375 173.33332824707031 -2852.230224609375
v 4012.07568359375 173.33332824707031 -2893.31591796875
v 4012.07568359375 86.666664123535156 -2893.31591796875
v 4652.1875 0 -2893.31591796875
v 4652.1875 260 -2893.31591796875
v 4012.07568359375 0 -2893.31591796875
v 4012.07568359375 260 -2893.31591796875
v 4332.13134765625 0 -2893.31591796875
v 4012.07568359375 86.666664123535156 -2893.31591796875
v 4012.07568359375 173.33332824707031 -2893.31591796875
v 4332.13134765625 260 -2893.31591796875
v 4652.1875 0 -4173.53857421875
v 4652.1875 260 -4173.53857421875
v 4652.1875 0 -2893.31591796875
v 4652.1875 260 -2893.31591796875
v 4652.1875 0 -3746.7978515625
v 4652.1875 0 -3320.056884765625
v 4652.1875 130 -4173.53857421875
v 4652.1875 130 -3533.42724609375
v 4652.1875 260 -3320.056884765625
v 4652.1875 260 -3746.7978515625
v 4652.1875 195 -3533.42724609375
v 4652.1875 130 -3853.483154296875
v 4652.1875 195 -3853.483154296875
v 4652.1875 65 -3533.42724609375
v 4652.1875 65 -3853.483154296875
v 4553.33203125 0 -4173.53857421875
v 4553.33203125 260 -4173.53857421875
v 4652.1875 0 -4173.53857421875
v 4652.1875 260 -4173.53857421875
v 4652.1875 130 -4173.53857421875
v 4553.33203125 245 -4173.53857421875
v 4602.759765625 130 -4173.53857421875
v 4602.759765625 195 -4173.53857421875
v 4578.0458984375 130 -4173.53857421875
v 4578.0458984375 195 -4173.53857421875
v 4578.0458984375 227.5 -4173.53857421875
v 4565.68896484375 195 -4173.53857421875
v 4565.68896484375 227.5 -4173.53857421875
v 4553.33203125 100 -4173.53857421875
v 4553.33203125 172.5 -4173.53857421875
v 3818.16455078125 245 -4173.53857421875
v 3818.16455078125 260 -4173.53857421875
v 4063.220458984375 260 -4173.53857421875
v 4553.33203125 245 -4173.53857421875
v 4553.33203125 260 -4173.53857421875
v 4492.06787109375 260 -4173.53857421875
v 4430.80419921875 260 -4173.53857421875
v 4369.5400390625 260 -4173.53857421875
v 4308.2763671875 260 -4173.53857421875
v 4247.01220703125 260 -4173.53857421875
v 4185.748046875 260 -4173.53857421875
v 4124.484375 260 -4173.53857421875
v 4001.956298828125 260 -4173.53857421875
v 3940.6923828125 260 -4173.53857421875
v 3879.428466796875 260 -4173.53857421875
v 3879.428466796875 245 -4173.53857421875
v 3940.6923828125 245 -4173.53857421875
v 4001.956298828125 245 -4173.53857421875
v 4063.220458984375 245 -4173.53857421875
v 4124.484375 245 -4173.53857421875
v 4185.748046875 245 -4173.53857421875
v 4247.01220703125 245 -4173.53857421875
v 4308.2763671875 245 -4173.53857421875
v 4369.5400390625 245 -4173.53857421875
v 4430.80419921875 245 -4173.53857421875
v 4492.06787109375 245 -4173.53857421875
v 3575.196044921875 0 -4173.53857421875
v 3575.196044921875 260 -4173.53857421875
v 3818.16455078125 0 -4173.53857421875
v 3818.16455078125 260 -4173.53857421875
v 3696.680419921875 0 -4173.53857421875
v 3818.16455078125 245 -4173.53857421875
v 3575.196044921875 130 -4173.53857421875
v 3696.680419921875 130 -4173.53857421875
v 3696.680419921875 195 -4173.53857421875
v 3757.42236328125 130 -4173.53857421875
v 3757.42236328125 195 -4173.53857421875
v 3757.42236328125 227.5 -4173.53857421875
v 3787.79345703125 195 -4173.53857421875
v 3787.79345703125 227.5 -4173.53857421875
v 3696.680419921875 260 -4173.53857421875
v 3818.16455078125 100 -4173.53857421875
v 3818.16455078125 172.5 -4173.53857421875
v 3575.196044921875 0 -2893.48046875
v 3575.196044921875 260 -2893.48046875
v 3575.196044921875 0 -4173.53857421875
v 3575.196044921875 260 -4173.53857421875
v 3575.196044921875 0 -3320.166748046875
v 3575.196044921875 0 -3746.852783203125
v 3575.196044921875 130 -4173.53857421875
v 3575.196044921875 130 -3533.509765625
v 3575.196044921875 130 -3853.524169921875
v 3575.196044921875 65 -3533.509765625
v 3575.196044921875 65 -3853.524169921875
v 3575.196044921875 195 -3533.509765625
v 3575.196044921875 195 -3853.524169921875
v 3575.196044921875 260 -3746.852783203125
v 3575.196044921875 260 -3320.166748046875
v 3575.196044921875 173.33332824707031 -2893.48046875
v 3575.196044921875 86.666664123535156 -2893.48046875
v 3575.196044921875 130 -3213.4951171875
v 3575.196044921875 195 -3213.4951171875
v 3575.196044921875 65 -3213.4951171875
v 3617.22607421875 0 -2893.48046875
v 3617.22607421875 260 -2893.48046875
v 3575.196044921875 0 -2893.48046875
v 3575.196044921875 260 -2893.48046875
v 3575.196044921875 86.666664123535156 -2893.48046875
v 3575.196044921875 173.33332824707031 -2893.48046875
v 3617.22607421875 173.33332824707031 -2893.48046875
v 3617.22607421875 86.666664123535156 -2893.48046875
v 3617.22607421875 0 -2853.58544921875
v 3617.22607421875 260 -2853.58544921875
v 3617.22607421875 0 -2893.48046875
v 3617.22607421875 260 -2893.48046875
v 3617.22607421875 86.666664123535156 -2893.48046875
v 3617.22607421875 173.33332824707031 -2893.48046875
v 3617.22607421875 173.33332824707031 -2853.58544921875
v 3617.22607421875 86.666664123535156 -2853.58544921875
v 3494.844970703125 0 -2853.58544921875
v 3494.844970703125 260 -2853.58544921875
v 3617.22607421875 0 -2853.58544921875
v 3617.22607421875 260 -2853.58544921875
v 3617.22607421875 86.666664123535156 -2853.58544921875
v 3617.22607421875 173.33332824707031 -2853.58544921875
v 3494.844970703125 173.33332824707031 -2853.58544921875
v 3494.844970703125 86.666664123535156 -2853.58544921875
v 3494.844970703125 0 -2893.48046875
v 3494.844970703125 260 -2893.48046875
v 3494.844970703125 0 -2853.58544921875
v 3494.844970703125 260 -2853.58544921875
v 3494.844970703125 86.666664123535156 -2853.58544921875
v 3494.844970703125 173.33332824707031 -2853.58544921875
v 3494.844970703125 173.33332824707031 -2893.48046875
v 3494.844970703125 86.666664123535156 -2893.48046875
v 3530.427001953125 0 -2893.48046875
v 3530.427001953125 260 -2893.48046875
v 3494.844970703125 0 -2893.48046875
v 3494.844970703125 260 -2893.48046875
v 3494.844970703125 86.666664123535156 -2893.48046875
v 3494.844970703125 173.33332824707031 -2893.48046875
v 3530.427001953125 173.33332824707031 -2893.48046875
v 3530.427001953125 86.666664123535156 -2893.48046875
v 3530.427001953125 0 -4173.55615234375
v 3530.427001953125 260 -4173.55615234375
v 3530.427001953125 0 -2893.48046875
v 3530.427001953125 260 -2893.48046875
v 3530.427001953125 0 -3746.8642578125
v 3530.427001953125 0 -3320.17236328125
v 3530.427001953125 86.666664123535156 -2893.48046875
v 3530.427001953125 173.33332824707031 -2893.48046875
v 3530.427001953125 130 -3533.518310546875
v 3530.427001953125 130 -3213.49951171875
v 3530.427001953125 65 -3533.518310546875
v 3530.427001953125 65 -3213.49951171875
v 3530.427001953125 195 -3533.518310546875
v 3530.427001953125 195 -3213.49951171875
v 3530.427001953125 260 -3320.17236328125
v 3530.427001953125 260 -3746.8642578125
v 2962.614990234375 0 -4173.55615234375
v 2962.614990234375 260 -4173.55615234375
v 3530.427001953125 0 -4173.55615234375
v 3530.427001953125 260 -4173.55615234375
v 3246.52099609375 0 -4173.55615234375
v 3246.52099609375 260 -4173.55615234375
v 2962.614990234375 245 -4173.55615234375
v 3246.52099609375 130 -4173.55615234375
v 3246.52099609375 195 -4173.55615234375
v 3104.568115234375 130 -4173.55615234375
v 3104.568115234375 195 -4173.55615234375
v 3104.568115234375 227.5 -4173.55615234375
v 3033.591552734375 195 -4173.55615234375
v 3033.591552734375 227.5 -4173.55615234375
v 3033.591552734375 243.75 -4173.55615234375
v 2998.103271484375 227.5 -4173.55615234375
v 2998.103271484375 243.75 -4173.55615234375
v 2962.614990234375 100 -4173.55615234375
v 2962.614990234375 172.5 -4173.55615234375
v 3246.52099609375 65 -4173.55615234375
v 3104.568115234375 65 -4173.55615234375
v 2475.34130859375 245 -4173.55615234375
v 2475.34130859375 260 -4173.55615234375
v 2718.978271484375 245 -4173.55615234375
v 2718.978271484375 260 -4173.55615234375
v 2962.614990234375 245 -4173.55615234375
v 2962.614990234375 260 -4173.55615234375
v 2901.705810546875 260 -4173.55615234375
v 2840.796630859375 260 -4173.55615234375
v 2779.887451171875 260 -4173.55615234375
v 2658.069091796875 260 -4173.55615234375
v 2597.159912109375 260 -4173.55615234375
v 2536.250732421875 260 -4173.55615234375
v 2536.250732421875 245 -4173.55615234375
v 2597.159912109375 245 -4173.55615234375
v 2658.069091796875 245 -4173.55615234375
v 2779.887451171875 245 -4173.55615234375
v 2840.796630859375 245 -4173.55615234375
v 2901.705810546875 245 -4173.55615234375
v 2433.434326171875 0 -4173.55615234375
v 2433.434326171875 260 -4173.55615234375
v 2475.34130859375 0 -4173.55615234375
v 2475.34130859375 260 -4173.55615234375
v 2475.34130859375 245 -4173.55615234375
v 2454.387939453125 195 -4173.55615234375
v 2454.387939453125 227.5 -4173.55615234375
v 2464.86474609375 195 -4173.55615234375
v 2464.86474609375 227.5 -4173.55615234375
v 2433.434326171875 173.33332824707031 -4173.55615234375
v 2433.434326171875 86.666664123535156 -4173.55615234375
v 2475.34130859375 50 -4173.55615234375
v 2475.34130859375 100 -4173.55615234375
v 2475.34130859375 172.5 -4173.55615234375
v 2433.434326171875 0 -2893.431640625
v 2433.434326171875 260 -2893.431640625
v 2433.434326171875 0 -4173.55615234375
v 2433.434326171875 260 -4173.55615234375
v 2433.434326171875 0 -3320.1396484375
v 2433.434326171875 0 -3746.847900390625
v 2433.434326171875 86.666664123535156 -4173.55615234375
v 2433.434326171875 173.33332824707031 -4173.55615234375
v 2433.434326171875 130 -3533.49365234375
v 2433.434326171875 130 -3853.52490234375
v 2433.434326171875 65 -3533.49365234375
v 2433.434326171875 65 -3853.52490234375
v 2433.434326171875 195 -3533.49365234375
v 2433.434326171875 195 -3853.52490234375
v 2433.434326171875 260 -3746.847900390625
v 2433.434326171875 260 -3320.1396484375
v 3119.96044921875 0 -2893.431640625
v 3119.96044921875 260 -2893.431640625
v 2433.434326171875 0 -2893.431640625
v 2433.434326171875 260 -2893.431640625
v 2776.697265625 0 -2893.431640625
v 2776.697265625 260 -2893.431640625
v 3119.96044921875 130 -2893.431640625
v 3119.96044921875 0 -2849.52734375
v 3119.96044921875 260 -2849.52734375
v 3119.96044921875 0 -2893.431640625
v 3119.96044921875 260 -2893.431640625
v 3119.96044921875 130 -2893.431640625
v 3119.96044921875 130 -2849.52734375
v 2390.769287109375 0 -2849.52734375
v 2390.769287109375 260 -2849.52734375
v 3119.96044921875 0 -2849.52734375
v 3119.96044921875 260 -2849.52734375
v 2755.36474609375 0 -2849.52734375
v 3119.96044921875 130 -2849.52734375
v 2755.36474609375 260 -2849.52734375
v 2390.769287109375 0 -4172.16650390625
v 2390.769287109375 260 -4172.16650390625
v 2390.769287109375 0 -2849.52734375
v 2390.769287109375 260 -2849.52734375
v 2390.769287109375 0 -3731.286865234375
v 2390.769287109375 0 -3290.406982421875
v 2390.769287109375 130 -4172.16650390625
v 2390.769287109375 130 -3510.846923828125
v 2390.769287109375 260 -3290.406982421875
v 2390.769287109375 260 -3731.286865234375
v 2390.769287109375 195 -3510.846923828125
v 2390.769287109375 130 -3841.506591796875
v 2390.769287109375 195 -3841.506591796875
v 2390.769287109375 65 -3510.846923828125
v 2390.769287109375 65 -3841.506591796875
v 2288.5830078125 0 -4172.16650390625
v 2288.5830078125 260 -4172.16650390625
v 2390.769287109375 0 -4172.16650390625
v 2390.769287109375 260 -4172.16650390625
v 2390.769287109375 130 -4172.16650390625
v 2288.5830078125 245 -4172.16650390625
v 2339.67626953125 130 -4172.16650390625
v 2339.67626953125 195 -4172.16650390625
v 2314.129638671875 130 -4172.16650390625
v 2314.129638671875 195 -4172.16650390625
v 2314.129638671875 227.5 -4172.16650390625
v 2301.3564453125 195 -4172.16650390625
v 2301.3564453125 227.5 -4172.16650390625
v 2288.5830078125 100 -4172.16650390625
v 2288.5830078125 172.5 -4172.16650390625
v 1434.8272705078125 245 -4172.16650390625
v 1434.8272705078125 260 -4172.16650390625
v 2288.5830078125 245 -4172.16650390625
v 2288.5830078125 260 -4172.16650390625
v 2227.6005859375 260 -4172.16650390625
v 2166.617919921875 260 -4172.16650390625
v 2105.635498046875 260 -4172.16650390625
v 2044.65283203125 260 -4172.16650390625
v 1983.6702880859375 260 -4172.16650390625
v 1922.687744140625 260 -4172.16650390625
v 1861.7052001953125 260 -4172.16650390625
v 1800.72265625 260 -4172.16650390625
v 1739.739990234375 260 -4172.16650390625
v 1678.7574462890625 260 -4172.16650390625
v 1617.77490234375 260 -4172.16650390625
v 1556.7923583984375 260 -4172.16650390625
v 1495.809814453125 260 -4172.16650390625
v 1495.809814453125 245 -4172.16650390625
v 1556.7923583984375 245 -4172.16650390625
v 1617.77490234375 245 -4172.16650390625
v 1678.7574462890625 245 -4172.16650390625
v 1739.739990234375 245 -4172.16650390625
v 1800.72265625 245 -4172.16650390625
v 1861.7052001953125 245 -4172.16650390625
v 1922.687744140625 245 -4172.16650390625
v 1983.6702880859375 245 -4172.16650390625
v 2044.65283203125 245 -4172.16650390625
v 2105.635498046875 245 -4172.16650390625
v 2166.617919921875 245 -4172.16650390625
v 2227.6005859375 245 -4172.16650390625
v 1312.392578125 0 -4172.16650390625
v 1312.392578125 260 -4172.16650390625
v 1434.8272705078125 0 -4172.16650390625
v 1434.8272705078125 260 -4172.16650390625
v 1434.8272705078125 245 -4172.16650390625
v 1312.392578125 130 -4172.16650390625
v 1373.60986328125 130 -4172.16650390625
v 1373.60986328125 195 -4172.16650390625
v 1404.218505859375 130 -4172.16650390625
v 1404.218505859375 195 -4172.16650390625
v 1404.218505859375 227.5 -4172.16650390625
v 1419.5228271484375 195 -4172.16650390625
v 1419.5228271484375 227.5 -4172.16650390625
v 1434.8272705078125 100 -4172.16650390625
v 1434.8272705078125 172.5 -4172.16650390625
v 1312.392578125 0 -1651.267578125
v 1312.392578125 260 -1651.267578125
v 1312.392578125 0 -4172.16650390625
v 1312.392578125 260 -4172.16650390625
v 1312.392578125 0 -2071.41748046875
v 1312.392578125 0 -2491.567138671875
v 1312.392578125 0 -2911.717041015625
v 1312.392578125 0 -3331.866943359375
v 1312.392578125 0 -3752.0166015625
v 1312.392578125 130 -4172.16650390625
v 1312.392578125 130 -3541.941650390625
v 1312.392578125 130 -3857.05419921875
v 1312.392578125 65 -3541.941650390625
v 1312.392578125 65 -3857.05419921875
v 1312.392578125 195 -3541.941650390625
v 1312.392578125 195 -3857.05419921875
v 1312.392578125 260 -3752.0166015625
v 1312.392578125 260 -3331.866943359375
v 1312.392578125 260 -2911.717041015625
v 1312.392578125 260 -2491.567138671875
v 1312.392578125 260 -2071.41748046875
v 1312.392578125 130 -1651.267578125
v 1312.392578125 130 -2281.492431640625
v 1312.392578125 195 -2281.492431640625
v 1312.392578125 130 -1966.3800048828125
v 1312.392578125 195 -1966.3800048828125
v 1312.392578125 65 -2281.492431640625
v 1312.392578125 65 -1966.3800048828125
v 1648.7508544921875 0 -1651.267578125
v 1648.7508544921875 260 -1651.267578125
v 1312.392578125 0 -1651.267578125
v 1312.392578125 260 -1651.267578125
v 1480.5716552734375 0 -1651.267578125
v 1312.392578125 130 -1651.267578125
v 1480.5716552734375 260 -1651.267578125
v 1648.7508544921875 245 -1651.267578125
v 1480.5716552734375 130 -1651.267578125
v 1480.5716552734375 195 -1651.267578125
v 1564.6612548828125 130 -1651.267578125
v 1564.6612548828125 195 -1651.267578125
v 1564.6612548828125 227.5 -1651.267578125
v 1606.7060546875 195 -1651.267578125
v 1606.7060546875 227.5 -1651.267578125
v 1648.7508544921875 100 -1651.267578125
v 1648.7508544921875 196.66667175292969 -1651.267578125
v 1648.7508544921875 148.33332824707031 -1651.267578125
v 1480.5716552734375 65 -1651.267578125
v 1564.6612548828125 65 -1651.267578125
v 1973.967041015625 0 -1651.267578125
v 1648.7508544921875 0 -1651.267578125
v 1648.7508544921875 100 -1651.267578125
v 1811.3590087890625 0 -1651.267578125
v 1757.15625 100 -1651.267578125
v 1865.5616455078125 100 -1651.267578125
v 1973.967041015625 100 -1651.267578125
v 2228.484130859375 0 -1651.267578125
v 2228.484130859375 260 -1651.267578125
v 1973.967041015625 0 -1651.267578125
v 1973.967041015625 260 -1651.267578125
v 2101.2255859375 0 -1651.267578125
v 1973.967041015625 245 -1651.267578125
v 2228.484130859375 130 -1651.267578125
v 2101.2255859375 130 -1651.267578125
v 2101.2255859375 195 -1651.267578125
v 2037.5963134765625 130 -1651.267578125
v 2037.5963134765625 195 -1651.267578125
v 2037.5963134765625 227.5 -1651.267578125
v 2005.78173828125 195 -1651.267578125
v 2005.78173828125 227.5 -1651.267578125
v 2101.2255859375 260 -1651.267578125
v 1973.967041015625 100 -1651.267578125
v 1973.967041015625 172.5 -1651.267578125
v 2228.484130859375 0 -2359.291259765625
v 2228.484130859375 260 -2359.291259765625
v 2228.484130859375 0 -1651.267578125
v 2228.484130859375 260 -1651.267578125
v 2228.484130859375 0 -2005.279541015625
v 2228.484130859375 130 -1651.267578125
v 2228.484130859375 260 -2005.279541015625
v 2228.484130859375 130 -2359.291259765625
v 2003.6651611328125 0 -2359.291259765625
v 2003.6651611328125 260 -2359.291259765625
v 2228.484130859375 0 -2359.291259765625
v 2228.484130859375 260 -2359.291259765625
v 2116.07470703125 0 -2359.291259765625
v 2228.484130859375 130 -2359.291259765625
v 2116.07470703125 260 -2359.291259765625
v 2003.6651611328125 130 -2359.291259765625
v 2003.6651611328125 0 -2403.927490234375
v 2003.6651611328125 260 -2403.927490234375
v 2003.6651611328125 0 -2359.291259765625
v 2003.6651611328125 260 -2359.291259765625
v 2003.6651611328125 130 -2359.291259765625
v 2003.6651611328125 130 -2403.927490234375
v 2611.32421875 0 -2403.927490234375
v 2611.32421875 260 -2403.927490234375
v 2003.6651611328125 0 -2403.927490234375
v 2003.6651611328125 260 -2403.927490234375
v 2307.49462890625 0 -2403.927490234375
v 2003.6651611328125 130 -2403.927490234375
v 2307.49462890625 260 -2403.927490234375
v 2611.32421875 130 -2403.927490234375
v 2611.32421875 0 -2359.291259765625
v 2611.32421875 260 -2359.291259765625
v 2611.32421875 0 -2403.927490234375
v 2611.32421875 260 -2403.927490234375
v 2611.32421875 130 -2403.927490234375
v 2611.32421875 130 -2359.291259765625
v 2273.275634765625 0 -2359.291259765625
v 2273.275634765625 260 -2359.291259765625
v 2611.32421875 0 -2359.291259765625
v 2611.32421875 260 -2359.291259765625
v 2442.2998046875 0 -2359.291259765625
v 2611.32421875 130 -2359.291259765625
v 2442.2998046875 260 -2359.291259765625
v 2273.275634765625 130 -2359.291259765625
v 2273.275634765625 0 -1650.7108154296875
v 2273.275634765625 260 -1650.7108154296875
v 2273.275634765625 0 -2359.291259765625
v 2273.275634765625 260 -2359.291259765625
v 2273.275634765625 0 -2005.0010986328125
v 2273.275634765625 130 -2359.291259765625
v 2273.275634765625 130 -1650.7108154296875
v 2273.275634765625 130 -2005.0010986328125
v 2273.275634765625 260 -2005.0010986328125
v 2273.275634765625 195 -1650.7108154296875
v 2273.275634765625 65 -1650.7108154296875
v 2273.275634765625 195 -2005.0010986328125
v 2273.275634765625 130 -1827.85595703125
v 2273.275634765625 195 -1827.85595703125
v 2273.275634765625 65 -2005.0010986328125
v 2273.275634765625 65 -1827.85595703125
v 2291.28369140625 0 -1650.7108154296875
v 2291.28369140625 260 -1650.7108154296875
v 2273.275634765625 0 -1650.7108154296875
v 2273.275634765625 260 -1650.7108154296875
v 2273.275634765625 65 -1650.7108154296875
v 2273.275634765625 130 -1650.7108154296875
v 2273.275634765625 195 -1650.7108154296875
v 2291.28369140625 195 -1650.7108154296875
v 2291.28369140625 130 -1650.7108154296875
v 2291.28369140625 65 -1650.7108154296875
v 2291.581787109375 0 -1606.697509765625
v 2291.581787109375 260 -1606.697509765625
v 2291.28369140625 0 -1650.7108154296875
v 2291.28369140625 260 -1650.7108154296875
v 2291.28369140625 130 -1650.7108154296875
v 2291.581787109375 173.33332824707031 -1606.697509765625
v 2291.581787109375 86.666664123535156 -1606.697509765625
v 2291.28369140625 65 -1650.7108154296875
v 2291.28369140625 195 -1650.7108154296875
v 2291.581787109375 260 -1606.697509765625
v 2179.300537109375 260 -1606.697509765625
v 2067.019287109375 260 -1606.697509765625
v 1954.738037109375 260 -1606.697509765625
v 1842.4566650390625 260 -1606.697509765625
v 1730.1754150390625 260 -1606.697509765625
v 1617.8941650390625 260 -1606.697509765625
v 1505.6129150390625 260 -1606.697509765625
v 1393.33154296875 260 -1606.697509765625
v 1281.05029296875 260 -1606.697509765625
v 1168.76904296875 260 -1606.697509765625
v 1168.76904296875 260 -2058.519287109375
v 1168.76904296875 260 -2510.3408203125
v 1168.76904296875 260 -2962.162353515625
v 1168.76904296875 260 -3413.984130859375
v 1168.76904296875 260 -3865.8056640625
v 1168.76904296875 260 -4317.62744140625
v 1315.6126708984375 260 -4317.62744140625
v 1315.6126708984375 260 -4237.8642578125
v 1435.318359375 260 -4237.8642578125
v 1496.2581787109375 260 -4237.8642578125
v 1557.197998046875 260 -4237.8642578125
v 1618.1378173828125 260 -4237.8642578125
v 1679.07763671875 260 -4237.8642578125
v 1740.0174560546875 260 -4237.8642578125
v 1800.957275390625 260 -4237.8642578125
v 1861.8970947265625 260 -4237.8642578125
v 1922.8369140625 260 -4237.8642578125
v 1983.7767333984375 260 -4237.8642578125
v 2044.716552734375 260 -4237.8642578125
v 2105.65625 260 -4237.8642578125
v 2166.59619140625 260 -4237.8642578125
v 2227.535888671875 260 -4237.8642578125
v 2288.475830078125 260 -4237.8642578125
v 2476.150146484375 260 -4237.8642578125
v 2720.126708984375 260 -4237.8642578125
v 2964.103271484375 260 -4237.8642578125
v 3086.8525390625 260 -4237.8642578125
v 3086.8525390625 260 -4350.97607421875
v 3086.8525390625 260 -4464.087890625
v 3393.725341796875 260 -4464.087890625
v 3700.598388671875 260 -4464.087890625
v 3700.598388671875 260 -4350.97607421875
v 3700.598388671875 260 -4237.8642578125
v 3819.289794921875 260 -4237.8642578125
v 3880.326171875 260 -4237.8642578125
v 3941.362548828125 260 -4237.8642578125
v 4002.39892578125 260 -4237.8642578125
v 4063.435302734375 260 -4237.8642578125
v 4124.4716796875 260 -4237.8642578125
v 4185.50830078125 260 -4237.8642578125
v 4246.54443359375 260 -4237.8642578125
v 4307.5810546875 260 -4237.8642578125
v 4368.61767578125 260 -4237.8642578125
v 4429.65380859375 260 -4237.8642578125
v 4490.6904296875 260 -4237.8642578125
v 4551.72705078125 260 -4237.8642578125
v 4705.92431640625 260 -4237.8642578125
v 4860.12158203125 260 -4237.8642578125
v 4921.1337890625 260 -4237.8642578125
v 4982.14599609375 260 -4237.8642578125
v 5043.158203125 260 -4237.8642578125
v 5104.17041015625 260 -4237.8642578125
v 5165.1826171875 260 -4237.8642578125
v 5226.19482421875 260 -4237.8642578125
v 5287.20751953125 260 -4237.8642578125
v 5348.2197265625 260 -4237.8642578125
v 5409.23193359375 260 -4237.8642578125
v 5470.244140625 260 -4237.8642578125
v 5531.25634765625 260 -4237.8642578125
v 5592.2685546875 260 -4237.8642578125
v 5653.28076171875 260 -4237.8642578125
v 5714.29345703125 260 -4237.8642578125
v 5838.056640625 260 -4237.8642578125
v 5838.056640625 260 -4319.0205078125
v 5941.53125 260 -4319.0205078125
v 6045.005859375 260 -4319.0205078125
v 6045.005859375 260 -3931.390625
v 6045.005859375 260 -3543.760986328125
v 5959.90771484375 260 -3543.760986328125
v 5959.90771484375 260 -3163.497802734375
v 5959.90771484375 260 -2783.234619140625
v 5959.90771484375 260 -2402.9716796875
v 5999.8818359375 260 -2402.9716796875
v 5999.8818359375 260 -2009.546875
v 5999.8818359375 260 -1616.1221923828125
v 5999.8818359375 260 -1222.697509765625
v 5561.271484375 260 -1222.697509765625
v 5122.6611328125 260 -1222.697509765625
v 5122.6611328125 260 -1364.1956787109375
v 5249.4677734375 260 -1364.1956787109375
v 5249.4677734375 260 -1504.69775390625
v 5249.4677734375 260 -1645.199951171875
v 5134.83447265625 260 -1645.199951171875
v 5134.83447265625 260 -1691.8648681640625
v 5247.43896484375 260 -1691.8648681640625
v 5247.43896484375 260 -1708.09619140625
v 5316.6181640625 260 -1706.880126953125
v 5316.6181640625 260 -1655.220458984375
v 5316.6181640625 260 -1681.05029296875
v 5277.76025390625 260 -1655.220458984375
v 5238.90283203125 260 -1681.05029296875
v 5277.76025390625 260 -1706.880126953125
v 5277.76025390625 260 -1681.05029296875
v 5263.67041015625 260 -1708.09619140625
v 5263.67041015625 260 -1730.4141845703125
v 5368.1591796875 260 -1730.4141845703125
v 5368.1591796875 260 -1537.6676025390625
v 5368.1591796875 260 -1344.9210205078125
v 5622.28076171875 260 -1344.9210205078125
v 5876.40185546875 260 -1344.9210205078125
v 5876.40185546875 260 -1810.5562744140625
v 5876.40185546875 260 -2276.19140625
v 5623.294921875 260 -2276.19140625
v 5370.1884765625 260 -2276.19140625
v 5370.1884765625 260 -2146.341064453125
v 5370.1884765625 260 -2016.4908447265625
v 5265.69921875 260 -2016.4908447265625
v 5265.69921875 260 -2033.736572265625
v 5316.6181640625 260 -2068.497802734375
v 5316.6181640625 260 -2042.66796875
v 5277.76025390625 260 -2068.497802734375
v 5277.76025390625 260 -2042.66796875
v 5245.41015625 260 -2033.736572265625
v 5245.41015625 260 -2219.382080078125
v 5245.41015625 260 -2405.02734375
v 5581.1953125 260 -2405.02734375
v 5916.97998046875 260 -2405.02734375
v 5916.97998046875 260 -2784.017333984375
v 5916.97998046875 260 -3163.00732421875
v 5916.97998046875 260 -3541.9970703125
v 5838.22412109375 260 -3541.9970703125
v 5838.22412109375 260 -3858.462646484375
v 5838.22412109375 260 -4174.92822265625
v 5724.1455078125 260 -4174.92822265625
v 5610.06689453125 260 -4174.92822265625
v 5495.98876953125 260 -4174.92822265625
v 5381.91015625 260 -4174.92822265625
v 5267.83154296875 260 -4174.92822265625
v 5153.7529296875 260 -4174.92822265625
v 5039.67431640625 260 -4174.92822265625
v 4925.595703125 260 -4174.92822265625
v 4811.517578125 260 -4174.92822265625
v 4697.43896484375 260 -4174.92822265625
v 4697.43896484375 260 -3734.02880859375
v 4697.43896484375 260 -3293.129638671875
v 4697.43896484375 260 -2852.230224609375
v 4354.75732421875 260 -2852.230224609375
v 4012.07568359375 260 -2852.230224609375
v 4012.07568359375 260 -2893.31591796875
v 4332.13134765625 260 -2893.31591796875
v 4652.1875 260 -2893.31591796875
v 4652.1875 260 -3320.056884765625
v 4652.1875 260 -3746.7978515625
v 4652.1875 260 -4173.53857421875
v 4553.33203125 260 -4173.53857421875
v 4492.06787109375 260 -4173.53857421875
v 4430.80419921875 260 -4173.53857421875
v 4369.5400390625 260 -4173.53857421875
v 4308.2763671875 260 -4173.53857421875
v 4247.01220703125 260 -4173.53857421875
v 4185.748046875 260 -4173.53857421875
v 4124.484375 260 -4173.53857421875
v 4063.220458984375 260 -4173.53857421875
v 4001.956298828125 260 -4173.53857421875
v 3940.6923828125 260 -4173.53857421875
v 3879.428466796875 260 -4173.53857421875
v 3818.16455078125 260 -4173.53857421875
v 3696.680419921875 260 -4173.53857421875
v 3575.196044921875 260 -4173.53857421875
v 3575.196044921875 260 -3746.852783203125
v 3575.196044921875 260 -3320.166748046875
v 3575.196044921875 260 -2893.48046875
v 3617.22607421875 260 -2893.48046875
v 3617.22607421875 260 -2853.58544921875
v 3494.844970703125 260 -2853.58544921875
v 3494.844970703125 260 -2893.48046875
v 3530.427001953125 260 -2893.48046875
v 3530.427001953125 260 -3320.17236328125
v 3530.427001953125 260 -3746.8642578125
v 3530.427001953125 260 -4173.55615234375
v 3246.52099609375 260 -4173.55615234375
v 2962.614990234375 260 -4173.55615234375
v 2901.705810546875 260 -4173.55615234375
v 2840.796630859375 260 -4173.55615234375
v 2779.887451171875 260 -4173.55615234375
v 2718.978271484375 260 -4173.55615234375
v 2658.069091796875 260 -4173.55615234375
v 2597.159912109375 260 -4173.55615234375
v 2536.250732421875 260 -4173.55615234375
v 2475.34130859375 260 -4173.55615234375
v 2433.434326171875 260 -4173.55615234375
v 2433.434326171875 260 -3746.847900390625
v 2433.434326171875 260 -3320.1396484375
v 2433.434326171875 260 -2893.431640625
v 2776.697265625 260 -2893.431640625
v 3119.96044921875 260 -2893.431640625
v 3119.96044921875 260 -2849.52734375
v 2755.36474609375 260 -2849.52734375
v 2390.769287109375 260 -2849.52734375
v 2390.769287109375 260 -3290.406982421875
v 2390.769287109375 260 -3731.286865234375
v 2390.769287109375 260 -4172.16650390625
v 2288.5830078125 260 -4172.16650390625
v 2227.6005859375 260 -4172.16650390625
v 2166.617919921875 260 -4172.16650390625
v 2105.635498046875 260 -4172.16650390625
v 2044.65283203125 260 -4172.16650390625
v 1983.6702880859375 260 -4172.16650390625
v 1922.687744140625 260 -4172.16650390625
v 1861.7052001953125 260 -4172.16650390625
v 1800.72265625 260 -4172.16650390625
v 1739.739990234375 260 -4172.16650390625
v 1678.7574462890625 260 -4172.16650390625
v 1617.77490234375 260 -4172.16650390625
v 1556.7923583984375 260 -4172.16650390625
v 1495.809814453125 260 -4172.16650390625
v 1434.8272705078125 260 -4172.16650390625
v 1312.392578125 260 -4172.16650390625
v 1312.392578125 260 -3752.0166015625
v 1312.392578125 260 -3331.866943359375
v 1312.392578125 260 -2911.717041015625
v 1312.392578125 260 -2491.567138671875
v 1312.392578125 260 -2071.41748046875
v 1312.392578125 260 -1651.267578125
v 1480.5716552734375 260 -1651.267578125
v 1648.7508544921875 260 -1651.267578125
v 1702.95361328125 260 -1651.267578125
v 1757.15625 260 -1651.267578125
v 1811.3590087890625 260 -1651.267578125
v 1865.5616455078125 260 -1651.267578125
v 1919.764404296875 260 -1651.267578125
v 1973.967041015625 260 -1651.267578125
v 2101.2255859375 260 -1651.267578125
v 2228.484130859375 260 -1651.267578125
v 2228.484130859375 260 -2005.279541015625
v 2228.484130859375 260 -2359.291259765625
v 2116.07470703125 260 -2359.291259765625
v 2003.6651611328125 260 -2359.291259765625
v 2003.6651611328125 260 -2403.927490234375
v 2307.49462890625 260 -2403.927490234375
v 2611.32421875 260 -2403.927490234375
v 2611.32421875 260 -2359.291259765625
v 2442.2998046875 260 -2359.291259765625
v 2273.275634765625 260 -2359.291259765625
v 2273.275634765625 260 -2005.0010986328125
v 2273.275634765625 260 -1650.7108154296875
v 2291.28369140625 260 -1650.7108154296875
v 1973.967041015625 100 -1651.267578125
v 1973.967041015625 100 -1606.697509765625
v 1649.8804931640625 100 -1606.697509765625
v 1648.7508544921875 100 -1651.267578125
v 1865.938232421875 100 -1606.697509765625
v 1757.909423828125 100 -1606.697509765625
v 1757.15625 100 -1651.267578125
v 1865.5616455078125 100 -1651.267578125
v 1973.967041015625 100 -1606.697509765625
v 1973.967041015625 245 -1606.697509765625
v 1973.967041015625 100 -1651.267578125
v 1973.967041015625 245 -1651.267578125
v 1973.967041015625 172.5 -1606.697509765625
v 1973.967041015625 172.5 -1651.267578125
v 1648.7508544921875 100 -1651.267578125
v 1648.7508544921875 245 -1651.267578125
v 1649.8804931640625 100 -1606.697509765625
v 1649.8804931640625 245 -1606.697509765625
v 1649.8804931640625 148.33332824707031 -1606.697509765625
v 1649.8804931640625 196.66667175292969 -1606.697509765625
v 1648.7508544921875 196.66667175292969 -1651.267578125
v 1648.7508544921875 148.33332824707031 -1651.267578125
v 1973.967041015625 245 -1651.267578125
v 1973.967041015625 245 -1606.697509765625
v 1649.8804931640625 245 -1606.697509765625
v 1648.7508544921875 245 -1651.267578125
v 1865.938232421875 245 -1606.697509765625
v 1757.909423828125 245 -1606.697509765625
v 1702.95361328125 245 -1651.267578125
v 1757.15625 245 -1651.267578125
v 1811.3590087890625 245 -1651.267578125
v 1865.5616455078125 245 -1651.267578125
v 1919.764404296875 245 -1651.267578125
v 1973.967041015625 245 -1651.267578125
v 1973.967041015625 260 -1651.267578125
v 1648.7508544921875 245 -1651.267578125
v 1648.7508544921875 260 -1651.267578125
v 1702.95361328125 260 -1651.267578125
v 1757.15625 260 -1651.267578125
v 1811.3590087890625 260 -1651.267578125
v 1865.5616455078125 260 -1651.267578125
v 1919.764404296875 260 -1651.267578125
v 1919.764404296875 245 -1651.267578125
v 1865.5616455078125 245 -1651.267578125
v 1811.3590087890625 245 -1651.267578125
v 1757.15625 245 -1651.267578125
v 1702.95361328125 245 -1651.267578125
v 1435.318359375 100 -4237.8642578125
v 1434.8272705078125 100 -4172.16650390625
v 2288.5830078125 100 -4172.16650390625
v 2288.475830078125 100 -4237.8642578125
v 2075.1865234375 100 -4237.8642578125
v 1861.8970947265625 100 -4237.8642578125
v 1648.6077880859375 100 -4237.8642578125
v 1648.2662353515625 100 -4172.16650390625
v 1861.7052001953125 100 -4172.16650390625
v 2075.14404296875 100 -4172.16650390625
v 1434.8272705078125 100 -4172.16650390625
v 1434.8272705078125 245 -4172.16650390625
v 1435.318359375 100 -4237.8642578125
v 1435.318359375 245 -4237.8642578125
v 1435.318359375 172.5 -4237.8642578125
v 1434.8272705078125 172.5 -4172.16650390625
v 2288.475830078125 100 -4237.8642578125
v 2288.475830078125 245 -4237.8642578125
v 2288.5830078125 100 -4172.16650390625
v 2288.5830078125 245 -4172.16650390625
v 2288.475830078125 172.5 -4237.8642578125
v 2288.5830078125 172.5 -4172.16650390625
v 1435.318359375 245 -4237.8642578125
v 1434.8272705078125 245 -4172.16650390625
v 2288.5830078125 245 -4172.16650390625
v 2288.475830078125 245 -4237.8642578125
v 2227.535888671875 245 -4237.8642578125
v 2166.59619140625 245 -4237.8642578125
v 2105.65625 245 -4237.8642578125
v 2044.716552734375 245 -4237.8642578125
v 1983.7767333984375 245 -4237.8642578125
v 1922.8369140625 245 -4237.8642578125
v 1861.8970947265625 245 -4237.8642578125
v 1800.957275390625 245 -4237.8642578125
v 1740.0174560546875 245 -4237.8642578125
v 1679.07763671875 245 -4237.8642578125
v 1618.1378173828125 245 -4237.8642578125
v 1557.197998046875 245 -4237.8642578125
v 1496.2581787109375 245 -4237.8642578125
v 1495.809814453125 245 -4172.16650390625
v 1556.7923583984375 245 -4172.16650390625
v 1617.77490234375 245 -4172.16650390625
v 1678.7574462890625 245 -4172.16650390625
v 1739.739990234375 245 -4172.16650390625
v 1800.72265625 245 -4172.16650390625
v 1861.7052001953125 245 -4172.16650390625
v 1922.687744140625 245 -4172.16650390625
v 1983.6702880859375 245 -4172.16650390625
v 2044.65283203125 245 -4172.16650390625
v 2105.635498046875 245 -4172.16650390625
v 2166.617919921875 245 -4172.16650390625
v 2227.6005859375 245 -4172.16650390625
v 2288.475830078125 0 -4237.8642578125
v 1435.318359375 0 -4237.8642578125
v 1435.318359375 100 -4237.8642578125
v 2004.0899658203125 0 -4237.8642578125
v 1719.7042236328125 0 -4237.8642578125
v 1648.6077880859375 100 -4237.8642578125
v 1861.8970947265625 100 -4237.8642578125
v 2075.1865234375 100 -4237.8642578125
v 2288.475830078125 100 -4237.8642578125
v 1434.8272705078125 0 -4172.16650390625
v 2288.5830078125 0 -4172.16650390625
v 2288.5830078125 100 -4172.16650390625
v 1719.4124755859375 0 -4172.16650390625
v 2003.997802734375 0 -4172.16650390625
v 2075.14404296875 100 -4172.16650390625
v 1861.7052001953125 100 -4172.16650390625
v 1648.2662353515625 100 -4172.16650390625
v 1434.8272705078125 100 -4172.16650390625
v 2476.150146484375 100 -4237.8642578125
v 2475.34130859375 100 -4173.55615234375
v 2962.614990234375 100 -4173.55615234375
v 2962.614990234375 100 -4237.8642578125
v 2800.4599609375 100 -4237.8642578125
v 2638.30517578125 100 -4237.8642578125
v 2637.765869140625 100 -4173.55615234375
v 2800.1904296875 100 -4173.55615234375
v 2475.34130859375 100 -4173.55615234375
v 2475.34130859375 245 -4173.55615234375
v 2476.150146484375 100 -4237.8642578125
v 2476.150146484375 245 -4237.8642578125
v 2476.150146484375 172.5 -4237.8642578125
v 2475.34130859375 172.5 -4173.55615234375
v 2962.614990234375 100 -4237.8642578125
v 2962.614990234375 245 -4237.8642578125
v 2962.614990234375 100 -4173.55615234375
v 2962.614990234375 245 -4173.55615234375
v 2962.614990234375 172.5 -4237.8642578125
v 2962.614990234375 172.5 -4173.55615234375
v 2476.150146484375 245 -4237.8642578125
v 2475.34130859375 245 -4173.55615234375
v 2962.614990234375 245 -4173.55615234375
v 2962.614990234375 245 -4237.8642578125
v 2800.4599609375 245 -4237.8642578125
v 2638.30517578125 245 -4237.8642578125
v 2536.250732421875 245 -4173.55615234375
v 2597.159912109375 245 -4173.55615234375
v 2658.069091796875 245 -4173.55615234375
v 2718.978271484375 245 -4173.55615234375
v 2779.887451171875 245 -4173.55615234375
v 2840.796630859375 245 -4173.55615234375
v 2901.705810546875 245 -4173.55615234375
v 2964.103271484375 0 -4237.8642578125
v 2964.103271484375 260 -4237.8642578125
v 2476.150146484375 0 -4237.8642578125
v 2476.150146484375 260 -4237.8642578125
v 2720.126708984375 0 -4237.8642578125
v 2476.150146484375 245 -4237.8642578125
v 2964.103271484375 130 -4237.8642578125
v 2720.126708984375 260 -4237.8642578125
v 2476.150146484375 100 -4237.8642578125
v 2638.30517578125 100 -4237.8642578125
v 2800.4599609375 100 -4237.8642578125
v 2962.614990234375 100 -4237.8642578125
v 2962.614990234375 172.5 -4237.8642578125
v 2962.614990234375 245 -4237.8642578125
v 2800.4599609375 245 -4237.8642578125
v 2638.30517578125 245 -4237.8642578125
v 2475.34130859375 0 -4173.55615234375
v 2962.614990234375 0 -4173.55615234375
v 2962.614990234375 100 -4173.55615234375
v 2718.978271484375 0 -4173.55615234375
v 2800.1904296875 100 -4173.55615234375
v 2637.765869140625 100 -4173.55615234375
v 2718.978271484375 50 -4173.55615234375
v 2475.34130859375 100 -4173.55615234375
v 2475.34130859375 50 -4173.55615234375
v 2718.978271484375 75 -4173.55615234375
v 2597.159912109375 50 -4173.55615234375
v 2597.159912109375 75 -4173.55615234375
v 2718.978271484375 25 -4173.55615234375
v 2597.159912109375 25 -4173.55615234375
v 3819.289794921875 100 -4237.8642578125
v 3818.16455078125 100 -4173.53857421875
v 4553.33203125 100 -4173.53857421875
v 4553.33203125 100 -4237.8642578125
v 4373.2158203125 100 -4205.70166015625
v 4551.72705078125 100 -4237.8642578125
v 4307.5810546875 100 -4237.8642578125
v 4063.435302734375 100 -4237.8642578125
v 4373.2158203125 100 -4222.1044921875
v 4466.94970703125 100 -4205.70166015625
v 4466.94970703125 100 -4222.1044921875
v 4466.94970703125 100 -4230.30615234375
v 4513.81689453125 100 -4222.1044921875
v 4513.81689453125 100 -4230.30615234375
v 4513.81689453125 100 -4234.40673828125
v 4537.25 100 -4230.30615234375
v 4537.25 100 -4234.40673828125
v 4537.25 100 -4236.45703125
v 4548.966796875 100 -4234.40673828125
v 4548.966796875 100 -4236.45703125
v 4063.220458984375 100 -4173.53857421875
v 4308.2763671875 100 -4173.53857421875
v 3818.16455078125 100 -4173.53857421875
v 3818.16455078125 245 -4173.53857421875
v 3819.289794921875 100 -4237.8642578125
v 3819.289794921875 245 -4237.8642578125
v 3819.289794921875 172.5 -4237.8642578125
v 3818.16455078125 172.5 -4173.53857421875
v 4553.33203125 100 -4237.8642578125
v 4553.33203125 245 -4237.8642578125
v 4553.33203125 100 -4173.53857421875
v 4553.33203125 245 -4173.53857421875
v 4553.33203125 172.5 -4237.8642578125
v 4553.33203125 172.5 -4173.53857421875
v 3819.289794921875 245 -4237.8642578125
v 3818.16455078125 245 -4173.53857421875
v 4553.33203125 245 -4173.53857421875
v 4553.33203125 245 -4237.8642578125
v 4373.2158203125 245 -4205.70166015625
v 4551.72705078125 245 -4237.8642578125
v 4490.6904296875 245 -4237.8642578125
v 4429.65380859375 245 -4237.8642578125
v 4368.61767578125 245 -4237.8642578125
v 4307.5810546875 245 -4237.8642578125
v 4246.54443359375 245 -4237.8642578125
v 4185.50830078125 245 -4237.8642578125
v 4124.4716796875 245 -4237.8642578125
v 4063.435302734375 245 -4237.8642578125
v 4002.39892578125 245 -4237.8642578125
v 3941.362548828125 245 -4237.8642578125
v 3880.326171875 245 -4237.8642578125
v 4373.2158203125 245 -4222.1044921875
v 4466.94970703125 245 -4205.70166015625
v 4466.94970703125 245 -4222.1044921875
v 4466.94970703125 245 -4230.30615234375
v 4513.81689453125 245 -4222.1044921875
v 4513.81689453125 245 -4230.30615234375
v 4513.81689453125 245 -4234.40673828125
v 4537.25 245 -4230.30615234375
v 4537.25 245 -4234.40673828125
v 4537.25 245 -4236.45703125
v 4548.966796875 245 -4234.40673828125
v 4548.966796875 245 -4236.45703125
v 3879.428466796875 245 -4173.53857421875
v 3940.6923828125 245 -4173.53857421875
v 4001.956298828125 245 -4173.53857421875
v 4063.220458984375 245 -4173.53857421875
v 4124.484375 245 -4173.53857421875
v 4185.748046875 245 -4173.53857421875
v 4247.01220703125 245 -4173.53857421875
v 4308.2763671875 245 -4173.53857421875
v 4369.5400390625 245 -4173.53857421875
v 4430.80419921875 245 -4173.53857421875
v 4492.06787109375 245 -4173.53857421875
v 4551.72705078125 0 -4237.8642578125
v 3819.289794921875 0 -4237.8642578125
v 3819.289794921875 100 -4237.8642578125
v 4307.5810546875 0 -4237.8642578125
v 4063.435302734375 0 -4237.8642578125
v 4063.435302734375 100 -4237.8642578125
v 4307.5810546875 100 -4237.8642578125
v 4551.72705078125 100 -4237.8642578125
v 4860.12158203125 0 -4237.8642578125
v 4860.12158203125 260 -4237.8642578125
v 4551.72705078125 0 -4237.8642578125
v 4551.72705078125 260 -4237.8642578125
v 4705.92431640625 0 -4237.8642578125
v 4551.72705078125 245 -4237.8642578125
v 4705.92431640625 130 -4237.8642578125
v 4705.92431640625 195 -4237.8642578125
v 4628.82568359375 130 -4237.8642578125
v 4628.82568359375 195 -4237.8642578125
v 4628.82568359375 227.5 -4237.8642578125
v 4590.2763671875 195 -4237.8642578125
v 4590.2763671875 227.5 -4237.8642578125
v 4705.92431640625 260 -4237.8642578125
v 4860.12158203125 245 -4237.8642578125
v 4783.02294921875 130 -4237.8642578125
v 4783.02294921875 195 -4237.8642578125
v 4783.02294921875 227.5 -4237.8642578125
v 4821.572265625 195 -4237.8642578125
v 4821.572265625 227.5 -4237.8642578125
v 4551.72705078125 100 -4237.8642578125
v 4553.33203125 100 -4237.8642578125
v 4705.92431640625 65 -4237.8642578125
v 4628.82568359375 65 -4237.8642578125
v 4590.2763671875 130 -4237.8642578125
v 4628.82568359375 97.5 -4237.8642578125
v 4590.2763671875 65 -4237.8642578125
v 4590.2763671875 97.5 -4237.8642578125
v 4571.00146484375 130 -4237.8642578125
v 4590.2763671875 113.75 -4237.8642578125
v 4571.00146484375 97.5 -4237.8642578125
v 4571.00146484375 113.75 -4237.8642578125
v 4628.82568359375 162.5 -4237.8642578125
v 4590.2763671875 162.5 -4237.8642578125
v 4561.3642578125 113.75 -4237.8642578125
v 4571.00146484375 105.625 -4237.8642578125
v 4561.3642578125 97.5 -4237.8642578125
v 4561.3642578125 105.625 -4237.8642578125
v 4590.2763671875 81.25 -4237.8642578125
v 4571.00146484375 65 -4237.8642578125
v 4571.00146484375 81.25 -4237.8642578125
v 4628.82568359375 32.5 -4237.8642578125
v 4590.2763671875 32.5 -4237.8642578125
v 4556.54541015625 105.625 -4237.8642578125
v 4561.3642578125 101.5625 -4237.8642578125
v 4556.54541015625 97.5 -4237.8642578125
v 4556.54541015625 101.5625 -4237.8642578125
v 4571.00146484375 89.375 -4237.8642578125
v 4561.3642578125 81.25 -4237.8642578125
v 4561.3642578125 89.375 -4237.8642578125
v 4553.33203125 172.5 -4237.8642578125
v 4553.33203125 245 -4237.8642578125
v 4590.2763671875 243.75 -4237.8642578125
v 4571.00146484375 227.5 -4237.8642578125
v 4571.00146484375 243.75 -4237.8642578125
v 4571.00146484375 251.875 -4237.8642578125
v 4561.3642578125 243.75 -4237.8642578125
v 4561.3642578125 251.875 -4237.8642578125
v 4556.54541015625 251.875 -4237.8642578125
v 4561.3642578125 247.8125 -4237.8642578125
v 4556.54541015625 243.75 -4237.8642578125
v 4556.54541015625 247.8125 -4237.8642578125
v 4571.00146484375 235.625 -4237.8642578125
v 4561.3642578125 227.5 -4237.8642578125
v 4561.3642578125 235.625 -4237.8642578125
v 4590.2763671875 211.25 -4237.8642578125
v 4571.00146484375 195 -4237.8642578125
v 4571.00146484375 211.25 -4237.8642578125
v 4860.12158203125 100 -4237.8642578125
v 4860.12158203125 172.5 -4237.8642578125
v 3818.16455078125 0 -4173.53857421875
v 4553.33203125 0 -4173.53857421875
v 4553.33203125 100 -4173.53857421875
v 4063.220458984375 0 -4173.53857421875
v 4308.2763671875 0 -4173.53857421875
v 4308.2763671875 100 -4173.53857421875
v 4063.220458984375 100 -4173.53857421875
v 3818.16455078125 100 -4173.53857421875
v 4860.12158203125 100 -4237.8642578125
v 4860.12158203125 100 -4174.92822265625
v 5713.18310546875 100 -4174.92822265625
v 5714.29345703125 100 -4237.8642578125
v 5500.75048828125 100 -4237.8642578125
v 5287.20751953125 100 -4237.8642578125
v 5073.66455078125 100 -4237.8642578125
v 4981.9873046875 100 -4174.92822265625
v 5103.853515625 100 -4174.92822265625
v 5225.71923828125 100 -4174.92822265625
v 5347.5849609375 100 -4174.92822265625
v 5469.451171875 100 -4174.92822265625
v 5591.31689453125 100 -4174.92822265625
v 4860.12158203125 100 -4174.92822265625
v 4860.12158203125 245 -4174.92822265625
v 4860.12158203125 100 -4237.8642578125
v 4860.12158203125 245 -4237.8642578125
v 4860.12158203125 172.5 -4174.92822265625
v 4860.12158203125 172.5 -4237.8642578125
v 5714.29345703125 100 -4237.8642578125
v 5714.29345703125 245 -4237.8642578125
v 5713.18310546875 100 -4174.92822265625
v 5713.18310546875 245 -4174.92822265625
v 5713.18310546875 172.5 -4174.92822265625
v 5714.29345703125 172.5 -4237.8642578125
v 4860.12158203125 245 -4237.8642578125
v 4860.12158203125 245 -4174.92822265625
v 5713.18310546875 245 -4174.92822265625
v 5714.29345703125 245 -4237.8642578125
v 5653.28076171875 245 -4237.8642578125
v 5592.2685546875 245 -4237.8642578125
v 5531.25634765625 245 -4237.8642578125
v 5470.244140625 245 -4237.8642578125
v 5409.23193359375 245 -4237.8642578125
v 5348.2197265625 245 -4237.8642578125
v 5287.20751953125 245 -4237.8642578125
v 5226.19482421875 245 -4237.8642578125
v 5165.1826171875 245 -4237.8642578125
v 5104.17041015625 245 -4237.8642578125
v 5043.158203125 245 -4237.8642578125
v 4982.14599609375 245 -4237.8642578125
v 4921.1337890625 245 -4237.8642578125
v 4981.9873046875 245 -4174.92822265625
v 5103.853515625 245 -4174.92822265625
v 5225.71923828125 245 -4174.92822265625
v 5347.5849609375 245 -4174.92822265625
v 5469.451171875 245 -4174.92822265625
v 5591.31689453125 245 -4174.92822265625
v 5714.29345703125 0 -4237.8642578125
v 4860.12158203125 0 -4237.8642578125
v 4860.12158203125 100 -4237.8642578125
v 5429.5693359375 0 -4237.8642578125
v 5144.84521484375 0 -4237.8642578125
v 5073.66455078125 100 -4237.8642578125
v 5287.20751953125 100 -4237.8642578125
v 5500.75048828125 100 -4237.8642578125
v 5714.29345703125 100 -4237.8642578125
vt 0.67884320020675659 0.13012756407260895
vt 0.67884320020675659 0.117656409740448
vt 0.67884320020675659 0.10518525540828705
vt 0.67884320020675659 0.092714108526706696
vt 0.67884320020675659 0.08024296909570694
vt 0.67884320020675659 0.06777181476354599
vt 0.67884320020675659 0.05530066043138504
vt 0.67884320020675659 0.042829517275094986
vt 0.67884320020675659 0.030358362942934036
vt 0.67884320020675659 0.017887216061353683
vt 0.67884320020675659 0.0054160659201443195
vt 0.72882711887359619 0.0054160659201443195
vt 0.77881103754043579 0.0054160659201443195
vt 0.82879495620727539 0.0054160659201443195
vt 0.87877887487411499 0.0054160659201443195
vt 0.92876279354095459 0.0054160659201443195
vt 0.97874671220779419 0.0054160659201443195
vt 0.97874671220779419 0.021726073697209358
vt 0.96992272138595581 0.021726073697209358
vt 0.96992272138595581 0.035021867603063583
vt 0.96992272138595581 0.066608771681785583
vt 0.96992272138595581 0.098195664584636688
vt 0.96992272138595581 0.12978257238864899
vt 0.96992272138595581 0.15062767267227173
vt 0.96992272138595581 0.17772629857063293
vt 0.96992272138595581 0.20482492446899414
vt 0.96992272138595581 0.21845877170562744
vt 0.98243600130081177 0.21845877170562744
vt 0.99494928121566772 0.21845877170562744
vt 0.99494928121566772 0.25254333019256592
vt 0.99494928121566772 0.28662785887718201
vt 0.98243600130081177 0.28662785887718201
vt 0.96992272138595581 0.28662785887718201
vt 0.96992272138595581 0.2998109757900238
vt 0.96992272138595581 0.32692840695381165
vt 0.96992272138595581 0.3540458083152771
vt 0.96992272138595581 0.38116323947906494
vt 0.96992272138595581 0.3982900083065033
vt 0.96992272138595581 0.41541677713394165
vt 0.96992272138595581 0.44704124331474304
vt 0.96992272138595581 0.47866570949554443
vt 0.96992272138595581 0.51029014587402344
vt 0.96992272138595581 0.524036705493927
vt 0.97890084981918335 0.524036705493927
vt 0.97890084981918335 0.53552967309951782
vt 0.97890084981918335 0.54702258110046387
vt 0.93601828813552856 0.54702258110046387
vt 0.89313578605651855 0.54702258110046387
vt 0.89313578605651855 0.53757071495056152
vt 0.85106819868087769 0.53757071495056152
vt 0.80900061130523682 0.53757071495056152
vt 0.76693302392959595 0.53757071495056152
vt 0.76693302392959595 0.54201066493988037
vt 0.72340947389602661 0.54201066493988037
vt 0.6798858642578125 0.54201066493988037
vt 0.63636225461959839 0.54201066493988037
vt 0.63636225461959839 0.49329394102096558
vt 0.63636225461959839 0.44457721710205078
vt 0.6520158052444458 0.44457721710205078
vt 0.6520158052444458 0.4586617648601532
vt 0.66755920648574829 0.4586617648601532
vt 0.68310260772705078 0.4586617648601532
vt 0.68310260772705078 0.44592934846878052
vt 0.68826508522033691 0.44592934846878052
vt 0.68826508522033691 0.45843642950057983
vt 0.69006073474884033 0.45843642950057983
vt 0.6899261474609375 0.4661201536655426
vt 0.68421119451522827 0.4661201536655426
vt 0.68706870079040527 0.4661201536655426
vt 0.68421119451522827 0.46180421113967896
vt 0.68706870079040527 0.4574882984161377
vt 0.6899261474609375 0.46180421113967896
vt 0.68706870079040527 0.46180421113967896
vt 0.69006073474884033 0.4602392315864563
vt 0.69252967834472656 0.4602392315864563
vt 0.69252967834472656 0.471844881772995
vt 0.67120659351348877 0.471844881772995
vt 0.64988350868225098 0.471844881772995
vt 0.64988350868225098 0.50007027387619019
vt 0.64988350868225098 0.52829569578170776
vt 0.70139563083648682 0.52829569578170776
vt 0.75290769338607788 0.52829569578170776
vt 0.75290769338607788 0.50018292665481567
vt 0.75290769338607788 0.47207021713256836
vt 0.73854267597198486 0.47207021713256836
vt 0.72417765855789185 0.47207021713256836
vt 0.72417765855789185 0.46046456694602966
vt 0.72608548402786255 0.46046456694602966
vt 0.7299310564994812 0.4661201536655426
vt 0.7270735502243042 0.4661201536655426
vt 0.7299310564994812 0.46180421113967896
vt 0.7270735502243042 0.46180421113967896
vt 0.72608548402786255 0.45821106433868408
vt 0.74662297964096069 0.45821106433868408
vt 0.76716047525405884 0.45821106433868408
vt 0.76716047525405884 0.4955068826675415
vt 0.76716047525405884 0.53280270099639893
vt 0.80908721685409546 0.53280270099639893
vt 0.85101395845413208 0.53280270099639893
vt 0.89294064044952393 0.53280270099639893
vt 0.89294064044952393 0.52405524253845215
vt 0.92795044183731079 0.52405524253845215
vt 0.96296024322509766 0.52405524253845215
vt 0.96296024322509766 0.51138448715209961
vt 0.96296024322509766 0.49871370196342468
vt 0.96296024322509766 0.48604294657707214
vt 0.96296024322509766 0.47337216138839722
vt 0.96296024322509766 0.46070140600204468
vt 0.96296024322509766 0.44803062081336975
vt 0.96296024322509766 0.43535986542701721
vt 0.96296024322509766 0.42268908023834229
vt 0.96296024322509766 0.41001832485198975
vt 0.96296024322509766 0.39734756946563721
vt 0.91418462991714478 0.39734756946563721
vt 0.86540907621383667 0.39734756946563721
vt 0.81663346290588379 0.39734756946563721
vt 0.81663346290588379 0.35928571224212646
vt 0.81663346290588379 0.32122385501861572
vt 0.8211786150932312 0.32122385501861572
vt 0.8211786150932312 0.35677263140678406
vt 0.8211786150932312 0.39232140779495239
vt 0.86838793754577637 0.39232140779495239
vt 0.91559725999832153 0.39232140779495239
vt 0.9628065824508667 0.39232140779495239
vt 0.9628065824508667 0.38134151697158813
vt 0.9628065824508667 0.35412299633026123
vt 0.9628065824508667 0.3269045352935791
vt 0.9628065824508667 0.2996860146522522
vt 0.9628065824508667 0.28619268536567688
vt 0.9628065824508667 0.27269935607910156
vt 0.91560333967208862 0.27269935607910156
vt 0.86840009689331055 0.27269935607910156
vt 0.82119685411453247 0.27269935607910156
vt 0.82119685411453247 0.27736765146255493
vt 0.8167833685874939 0.27736765146255493
vt 0.8167833685874939 0.26377472281455994
vt 0.82119685411453247 0.26377472281455994
vt 0.82119685411453247 0.26772686839103699
vt 0.86840075254440308 0.26772686839103699
vt 0.91560459136962891 0.26772686839103699
vt 0.96280848979949951 0.26772686839103699
vt 0.96280848979949951 0.2361932247877121
vt 0.96280848979949951 0.20465961098670959
vt 0.96280848979949951 0.1775987297296524
vt 0.96280848979949951 0.15053784847259521
vt 0.96280848979949951 0.14588318765163422
vt 0.91560280323028564 0.14588318765163422
vt 0.86839711666107178 0.14588318765163422
vt 0.82119143009185791 0.14588318765163422
vt 0.82119143009185791 0.18400962650775909
vt 0.82119143009185791 0.22213606536388397
vt 0.81633442640304565 0.22213606536388397
vt 0.81633442640304565 0.18164022266864777
vt 0.81633442640304565 0.14114436507225037
vt 0.86510789394378662 0.14114436507225037
vt 0.91388130187988281 0.14114436507225037
vt 0.96265476942062378 0.14114436507225037
vt 0.96265476942062378 0.12979449331760406
vt 0.96265476942062378 0.098185434937477112
vt 0.96265476942062378 0.066576369106769562
vt 0.96265476942062378 0.034967310726642609
vt 0.96265476942062378 0.021368416026234627
vt 0.91617459058761597 0.021368416026234627
vt 0.86969447135925293 0.021368416026234627
vt 0.82321435213088989 0.021368416026234627
vt 0.77673417329788208 0.021368416026234627
vt 0.73025405406951904 0.021368416026234627
vt 0.68377387523651123 0.021368416026234627
vt 0.68377387523651123 0.040048178285360336
vt 0.68377387523651123 0.058727938681840897
vt 0.68377387523651123 0.076788917183876038
vt 0.68377387523651123 0.094849906861782074
vt 0.68377387523651123 0.10898458212614059
vt 0.68377387523651123 0.12311925739049911
vt 0.72293734550476074 0.12311925739049911
vt 0.76210081577301025 0.12311925739049911
vt 0.76210081577301025 0.11063387244939804
vt 0.76210081577301025 0.09814848005771637
vt 0.76703882217407227 0.09814848005771637
vt 0.76703882217407227 0.13189502060413361
vt 0.76703882217407227 0.16564154624938965
vt 0.76210081577301025 0.16564154624938965
vt 0.76210081577301025 0.14686790108680725
vt 0.76210081577301025 0.12809427082538605
vt 0.72290658950805664 0.12809427082538605
vt 0.68371230363845825 0.12809427082538605
vt 0.68371230363845825 0.13009443879127502
vt 0 0.30110460519790649
vt 0 0.32998296618461609
vt 0.017815928906202316 0.30523008108139038
vt 0.017815928906202316 0.30935555696487427
vt 0.017815928906202316 0.31348103284835815
vt 0.017815928906202316 0.31760650873184204
vt 0.017815928906202316 0.32173201441764832
vt 0.017815928906202316 0.3258574903011322
vt 0.035631857812404633 0.30523008108139038
vt 0.035631857812404633 0.30935555696487427
vt 0.035631857812404633 0.31348103284835815
vt 0.035631857812404633 0.31760650873184204
vt 0.035631857812404633 0.32173201441764832
vt 0.035631857812404633 0.3258574903011322
vt 0.05344778299331665 0.30523008108139038
vt 0.05344778299331665 0.30935555696487427
vt 0.071263715624809265 0.30523008108139038
vt 0.071263715624809265 0.30935555696487427
vt 0.089079640805721283 0.30523008108139038
vt 0.089079640805721283 0.30935555696487427
vt 0.1068955659866333 0.30523008108139038
vt 0.1068955659866333 0.30935555696487427
vt 0.12471149861812592 0.30110460519790649
vt 0.12471149861812592 0.32998296618461609
vt 0.012471149675548077 0.30110460519790649
vt 0.024942299351096153 0.30110460519790649
vt 0.037413451820611954 0.30110460519790649
vt 0.049884598702192307 0.30110460519790649
vt 0.062355749309062958 0.30110460519790649
vt 0.074826903641223907 0.30110460519790649
vt 0.087298043072223663 0.30110460519790649
vt 0.099769197404384613 0.30110460519790649
vt 0.11224034428596497 0.30110460519790649
vt 0.12471149861812592 0.31073072552680969
vt 0.12471149861812592 0.32035684585571289
vt 0.11224034428596497 0.32998296618461609
vt 0.099769197404384613 0.32998296618461609
vt 0.087298043072223663 0.32998296618461609
vt 0.074826903641223907 0.32998296618461609
vt 0.062355749309062958 0.32998296618461609
vt 0.049884598702192307 0.32998296618461609
vt 0.037413451820611954 0.32998296618461609
vt 0.024942299351096153 0.32998296618461609
vt 0.012471149675548077 0.32998296618461609
vt 0 0.32035684585571289
vt 0 0.31073072552680969
vt 0.089433833956718445 0.31221166253089905
vt 0.077435009181499481 0.31221166253089905
vt 0.065436169505119324 0.31221166253089905
vt 0.05343734472990036 0.31221166253089905
vt 0.089433833956718445 0.32831689715385437
vt 0.089433833956718445 0.32026427984237671
vt 0.05343734472990036 0.32831689715385437
vt 0.065436169505119324 0.32831689715385437
vt 0.077435009181499481 0.32831689715385437
vt 0.05343734472990036 0.31758007407188416
vt 0.05343734472990036 0.32294848561286926
vt 0.1068955659866333 0.31760650873184204
vt 0.1068955659866333 0.32173201441764832
vt 0.1068955659866333 0.3258574903011322
vt 0.33968746662139893 0
vt 0.31080913543701172 0
vt 0.33968746662139893 0.14981988072395325
vt 0.31080913543701172 0.14981988072395325
vt 0.33968746662139893 0.29963976144790649
vt 0.31080913543701172 0.29963976144790649
vt 0.33968746662139893 0.049939960241317749
vt 0.33968746662139893 0.099879920482635498
vt 0.33968746662139893 0.199759840965271
vt 0.33968746662139893 0.24969978630542755
vt 0.33006134629249573 0.29963976144790649
vt 0.32043525576591492 0.29963976144790649
vt 0.32524830102920532 0.22472982108592987
vt 0.32524830102920532 0.26218479871749878
vt 0.33246788382530212 0.22472982108592987
vt 0.33246788382530212 0.26218479871749878
vt 0.31802871823310852 0.22472982108592987
vt 0.31802871823310852 0.26218479871749878
vt 0.31080913543701172 0.24969978630542755
vt 0.31080913543701172 0.199759840965271
vt 0.31080913543701172 0.099879920482635498
vt 0.31080913543701172 0.049939960241317749
vt 0.32524830102920532 0
vt 0.32524830102920532 0.074909940361976624
vt 0.31802871823310852 0.074909940361976624
vt 0.32524830102920532 0.037454970180988312
vt 0.31802871823310852 0.037454970180988312
vt 0.33246788382530212 0.074909940361976624
vt 0.33246788382530212 0.037454970180988312
vt 0.17378820478916168 0
vt 0.14490984380245209 0
vt 0.17378820478916168 0.016310008242726326
vt 0.14490984380245209 0.016310008242726326
vt 0.15934902429580688 0.016310008242726326
vt 0.15934902429580688 0
vt 0.17378820478916168 0.054812900722026825
vt 0.14490984380245209 0.054812900722026825
vt 0.17378820478916168 0.063672244548797607
vt 0.14490984380245209 0.063672244548797607
vt 0.15934902429580688 0.063672244548797607
vt 0.15934902429580688 0.054812900722026825
vt 0.52371037006378174 0.044517543166875839
vt 0.49483200907707214 0.044517543166875839
vt 0.52371037006378174 0.057124868035316467
vt 0.49483200907707214 0.057124868035316467
vt 0.50927120447158813 0.057124868035316467
vt 0.49649807810783386 0.044517543166875839
vt 0.50927120447158813 0.050821207463741302
vt 0.50205159187316895 0.050821207463741302
vt 0.50927120447158813 0.047669373452663422
vt 0.50205159187316895 0.047669373452663422
vt 0.49844181537628174 0.047669373452663422
vt 0.50205159187316895 0.04609346017241478
vt 0.49844181537628174 0.04609346017241478
vt 0.51260334253311157 0.044517543166875839
vt 0.50455069541931152 0.044517543166875839
vt 0.24955664575099945 0.028715556487441063
vt 0.24789059162139893 0.028715556487441063
vt 0.24955664575099945 0.076095908880233765
vt 0.24789059162139893 0.076095908880233765
vt 0.24955664575099945 0.12347625941038132
vt 0.24789059162139893 0.12347625941038132
vt 0.24789059162139893 0.11670763790607452
vt 0.24789059162139893 0.10993901640176773
vt 0.24789059162139893 0.10317039489746094
vt 0.24789059162139893 0.096401773393154144
vt 0.24789059162139893 0.089633151888847351
vt 0.24789059162139893 0.082864530384540558
vt 0.24789059162139893 0.069327287375926971
vt 0.24789059162139893 0.062558665871620178
vt 0.24789059162139893 0.055790044367313385
vt 0.24789059162139893 0.049021422863006592
vt 0.24789059162139893 0.042252801358699799
vt 0.24789059162139893 0.035484179854393005
vt 0.24955664575099945 0.035484179854393005
vt 0.24955664575099945 0.042252801358699799
vt 0.24955664575099945 0.049021422863006592
vt 0.24955664575099945 0.055790044367313385
vt 0.24955664575099945 0.062558665871620178
vt 0.24955664575099945 0.069327287375926971
vt 0.24955664575099945 0.082864530384540558
vt 0.24955664575099945 0.089633151888847351
vt 0.24955664575099945 0.096401773393154144
vt 0.24955664575099945 0.10317039489746094
vt 0.24955664575099945 0.10993901640176773
vt 0.24955664575099945 0.11670763790607452
vt 0.16368328034877777 0.30110460519790649
vt 0.13515324890613556 0.30110460519790649
vt 0.16368328034877777 0.32194969058036804
vt 0.13515324890613556 0.32194969058036804
vt 0.13679921627044678 0.32194969058036804
vt 0.14941826462745667 0.31152716279029846
vt 0.14228576421737671 0.31152716279029846
vt 0.14941826462745667 0.31673842668533325
vt 0.14228576421737671 0.31673842668533325
vt 0.13871951401233673 0.31673842668533325
vt 0.14228576421737671 0.31934407353401184
vt 0.13871951401233673 0.31934407353401184
vt 0.13679921627044678 0.30110460519790649
vt 0.14941826462745667 0.30631586909294128
vt 0.14228576421737671 0.30631586909294128
vt 0.13871951401233673 0.30631586909294128
vt 0.14228576421737671 0.30371025204658508
vt 0.13871951401233673 0.30371025204658508
vt 0.1527101993560791 0.32194969058036804
vt 0.14475470781326294 0.32194969058036804
vt 0.1527101993560791 0.30110460519790649
vt 0.14475470781326294 0.30110460519790649
vt 0.19367815554141998 0.37938091158866882
vt 0.16514812409877777 0.37938091158866882
vt 0.19367815554141998 0.39301472902297974
vt 0.16514812409877777 0.39301472902297974
vt 0.17941313982009888 0.39301472902297974
vt 0.17941313982009888 0.37938091158866882
vt 0.20633116364479065 0.71589875221252441
vt 0.17891764640808105 0.71589875221252441
vt 0.20633116364479065 0.74102556705474854
vt 0.17891764640808105 0.74102556705474854
vt 0.20633116364479065 0.72846215963363647
vt 0.19262440502643585 0.74102556705474854
vt 0.17891764640808105 0.72846215963363647
vt 0.19262440502643585 0.71589875221252441
vt 0.16403160989284515 0.51865440607070923
vt 0.16403160989284515 0.54753273725509644
vt 0.23220072686672211 0.51865440607070923
vt 0.23220072686672211 0.54753273725509644
vt 0.19811616837978363 0.51865440607070923
vt 0.23220072686672211 0.53309357166290283
vt 0.16403160989284515 0.53309357166290283
vt 0.19811616837978363 0.54753273725509644
vt 0.38576602935791016 0.030564632266759872
vt 0.35688769817352295 0.030564632266759872
vt 0.38576602935791016 0.055691428482532501
vt 0.35688769817352295 0.055691428482532501
vt 0.38576602935791016 0.043128032237291336
vt 0.37132686376571655 0.055691428482532501
vt 0.35688769817352295 0.043128032237291336
vt 0.37132686376571655 0.030564632266759872
vt 0.52371037006378174 0.030564632266759872
vt 0.49483200907707214 0.030564632266759872
vt 0.52371037006378174 0.043052699416875839
vt 0.49483200907707214 0.043052699416875839
vt 0.50927120447158813 0.043052699416875839
vt 0.49649807810783386 0.030564632266759872
vt 0.50927120447158813 0.036808665841817856
vt 0.50205159187316895 0.036808665841817856
vt 0.50927120447158813 0.033686649054288864
vt 0.50205159187316895 0.033686649054288864
vt 0.49844181537628174 0.033686649054288864
vt 0.50205159187316895 0.032125640660524368
vt 0.49844181537628174 0.032125640660524368
vt 0.51260334253311157 0.030564632266759872
vt 0.50455069541931152 0.030564632266759872
vt 0.048062201589345932 0.55701428651809692
vt 0.048062201589345932 0.55868029594421387
vt 0.12941443920135498 0.55701428651809692
vt 0.12941443920135498 0.55868029594421387
vt 0.12263508141040802 0.55868029594421387
vt 0.11585573107004166 0.55868029594421387
vt 0.1090763732790947 0.55868029594421387
vt 0.10229702293872833 0.55868029594421387
vt 0.095517672598361969 0.55868029594421387
vt 0.088738314807415009 0.55868029594421387
vt 0.081958964467048645 0.55868029594421387
vt 0.075179614126682281 0.55868029594421387
vt 0.068400263786315918 0.55868029594421387
vt 0.061620905995368958 0.55868029594421387
vt 0.054841555655002594 0.55868029594421387
vt 0.054841555655002594 0.55701428651809692
vt 0.061620905995368958 0.55701428651809692
vt 0.068400263786315918 0.55701428651809692
vt 0.075179614126682281 0.55701428651809692
vt 0.081958964467048645 0.55701428651809692
vt 0.088738314807415009 0.55701428651809692
vt 0.095517672598361969 0.55701428651809692
vt 0.10229702293872833 0.55701428651809692
vt 0.1090763732790947 0.55701428651809692
vt 0.11585573107004166 0.55701428651809692
vt 0.12263508141040802 0.55701428651809692
vt 0.27507513761520386 0.028715556487441063
vt 0.27340906858444214 0.028715556487441063
vt 0.27507513761520386 0.1235889345407486
vt 0.27340906858444214 0.1235889345407486
vt 0.27340906858444214 0.11681226640939713
vt 0.27340906858444214 0.11003559827804565
vt 0.27340906858444214 0.10325892269611359
vt 0.27340906858444214 0.096482254564762115
vt 0.27340906858444214 0.089705586433410645
vt 0.27340906858444214 0.082928918302059174
vt 0.27340906858444214 0.076152250170707703
vt 0.27340906858444214 0.069375574588775635
vt 0.27340906858444214 0.062598906457424164
vt 0.27340906858444214 0.055822238326072693
vt 0.27340906858444214 0.049045566469430923
vt 0.27340906858444214 0.042268898338079453
vt 0.27340906858444214 0.035492226481437683
vt 0.27507513761520386 0.035492226481437683
vt 0.27507513761520386 0.042268898338079453
vt 0.27507513761520386 0.049045566469430923
vt 0.27507513761520386 0.055822238326072693
vt 0.27507513761520386 0.062598906457424164
vt 0.27507513761520386 0.069375574588775635
vt 0.27507513761520386 0.076152250170707703
vt 0.27507513761520386 0.082928918302059174
vt 0.27507513761520386 0.089705586433410645
vt 0.27507513761520386 0.096482254564762115
vt 0.27507513761520386 0.10325892269611359
vt 0.27507513761520386 0.11003559827804565
vt 0.27507513761520386 0.11681226640939713
vt 0.19367815554141998 0.41862818598747253
vt 0.16514812409877777 0.41862818598747253
vt 0.19367815554141998 0.43237468600273132
vt 0.16514812409877777 0.43237468600273132
vt 0.16679409146308899 0.43237468600273132
vt 0.17941313982009888 0.41862818598747253
vt 0.17941313982009888 0.42550143599510193
vt 0.17228063941001892 0.42550143599510193
vt 0.17941313982009888 0.42893806099891663
vt 0.17228063941001892 0.42893806099891663
vt 0.16871438920497894 0.42893806099891663
vt 0.17228063941001892 0.43065637350082397
vt 0.16871438920497894 0.43065637350082397
vt 0.18270507454872131 0.43237468600273132
vt 0.17474958300590515 0.43237468600273132
vt 0.076940558850765228 0.57945168018341064
vt 0.048062201589345932 0.57945168018341064
vt 0.076940558850765228 0.58846575021743774
vt 0.048062201589345932 0.58846575021743774
vt 0.062501378357410431 0.58846575021743774
vt 0.062501378357410431 0.57945168018341064
vt 0.35688769817352295 0.27053996920585632
vt 0.35688769817352295 0.29941833019256592
vt 0.37987363338470459 0.27053996920585632
vt 0.37987363338470459 0.29941833019256592
vt 0.36838066577911377 0.27053996920585632
vt 0.37987363338470459 0.28497913479804993
vt 0.36838066577911377 0.29941833019256592
vt 0.35688769817352295 0.28497913479804993
vt 0.43060043454170227 0.23997533321380615
vt 0.43060043454170227 0.26885369420051575
vt 0.51670897006988525 0.23997533321380615
vt 0.51670897006988525 0.26885369420051575
vt 0.47365471720695496 0.23997533321380615
vt 0.51670897006988525 0.25441452860832214
vt 0.43060043454170227 0.25441452860832214
vt 0.47365471720695496 0.26885369420051575
vt 0.20193462073802948 0.089973084628582001
vt 0.20193462073802948 0.1188514456152916
vt 0.21138653159141541 0.089973084628582001
vt 0.21138653159141541 0.1188514456152916
vt 0.21138653159141541 0.1044122651219368
vt 0.20193462073802948 0.1044122651219368
vt 0.35688769817352295 0.14828144013881683
vt 0.35688769817352295 0.17715980112552643
vt 0.48359584808349609 0.14828144013881683
vt 0.48359584808349609 0.17715980112552643
vt 0.39912372827529907 0.14828144013881683
vt 0.44135978817939758 0.14828144013881683
vt 0.48359584808349609 0.16272062063217163
vt 0.42024177312850952 0.16272062063217163
vt 0.45191881060600281 0.16272062063217163
vt 0.42024177312850952 0.15550102293491364
vt 0.45191881060600281 0.15550102293491364
vt 0.42024177312850952 0.16994020342826843
vt 0.45191881060600281 0.16994020342826843
vt 0.44135978817939758 0.17715980112552643
vt 0.39912372827529907 0.17715980112552643
vt 0.35688769817352295 0.16753368079662323
vt 0.35688769817352295 0.15790756046772003
vt 0.38856473565101624 0.16272062063217163
vt 0.38856473565101624 0.16994020342826843
vt 0.38856473565101624 0.15550102293491364
vt 0.076940558850765228 0.56999742984771729
vt 0.048062201589345932 0.56999742984771729
vt 0.076940558850765228 0.57443737983703613
vt 0.048062201589345932 0.57443737983703613
vt 0.06731443852186203 0.57443737983703613
vt 0.05768832191824913 0.57443737983703613
vt 0.05768832191824913 0.56999742984771729
vt 0.06731443852186203 0.56999742984771729
vt 0.23520952463150024 0.57910895347595215
vt 0.20779600739479065 0.57910895347595215
vt 0.23520952463150024 0.71020269393920898
vt 0.20779600739479065 0.71020269393920898
vt 0.23520952463150024 0.6228068470954895
vt 0.23520952463150024 0.66650474071502686
vt 0.22607168555259705 0.71020269393920898
vt 0.21693384647369385 0.71020269393920898
vt 0.22150276601314545 0.64465582370758057
vt 0.22150276601314545 0.67742925882339478
vt 0.22835613787174225 0.64465582370758057
vt 0.22835613787174225 0.67742925882339478
vt 0.21464939415454865 0.64465582370758057
vt 0.21464939415454865 0.67742925882339478
vt 0.20779600739479065 0.66650474071502686
vt 0.20779600739479065 0.6228068470954895
vt 0.092157125473022461 0.15252307057380676
vt 0.092157125473022461 0.18140143156051636
vt 0.18959054350852966 0.15252307057380676
vt 0.18959054350852966 0.18140143156051636
vt 0.14087383449077606 0.15252307057380676
vt 0.14087383449077606 0.18140143156051636
vt 0.092157125473022461 0.16696225106716156
vt 0.14240789413452148 0.23223766684532166
vt 0.11352954059839249 0.23223766684532166
vt 0.14240789413452148 0.24795396625995636
vt 0.11352954059839249 0.24795396625995636
vt 0.12796871364116669 0.24795396625995636
vt 0.12796871364116669 0.23223766684532166
vt 0.22038990259170532 0.089973084628582001
vt 0.22038990259170532 0.1188514456152916
vt 0.23447443544864655 0.089973084628582001
vt 0.23447443544864655 0.1188514456152916
vt 0.23447443544864655 0.1044122651219368
vt 0.22038990259170532 0.1044122651219368
vt 0 0.086018569767475128
vt 0 0.11489692330360413
vt 0.031211312860250473 0.086018569767475128
vt 0.031211312860250473 0.11489692330360413
vt 0.015605656430125237 0.086018569767475128
vt 0.031211312860250473 0.10045775026082993
vt 0.015605656430125237 0.11489692330360413
vt 0 0.10045775026082993
vt 0.38576602935791016 0.072847045958042145
vt 0.35688769817352295 0.072847045958042145
vt 0.38576602935791016 0.085579462349414825
vt 0.35688769817352295 0.085579462349414825
vt 0.37132686376571655 0.085579462349414825
vt 0.37132686376571655 0.072847045958042145
vt 0.17381572723388672 0.089973084628582001
vt 0.17381572723388672 0.1188514456152916
vt 0.17899882793426514 0.089973084628582001
vt 0.17899882793426514 0.1188514456152916
vt 0.17899882793426514 0.1044122651219368
vt 0.17381572723388672 0.1044122651219368
vt 0.38576602935791016 0.058795105665922165
vt 0.35688769817352295 0.058795105665922165
vt 0.38576602935791016 0.071302168071269989
vt 0.35688769817352295 0.071302168071269989
vt 0.37132686376571655 0.071302168071269989
vt 0.36410728096961975 0.058795105665922165
vt 0.37132686376571655 0.058795105665922165
vt 0.37854644656181335 0.058795105665922165
vt 0.028878357261419296 0.052194468677043915
vt 0 0.052194468677043915
vt 0.028878357261419296 0.053997289389371872
vt 0 0.053997289389371872
vt 0.021658767014741898 0.053997289389371872
vt 0.014439178630709648 0.053997289389371872
vt 0.0072195893153548241 0.053997289389371872
vt 0.0072195893153548241 0.052194468677043915
vt 0.014439178630709648 0.052194468677043915
vt 0.021658767014741898 0.052194468677043915
vt 0.028878357261419296 0.048042722046375275
vt 0 0.048042722046375275
vt 0.028878357261419296 0.049845539033412933
vt 0 0.049845539033412933
vt 0.021658767014741898 0.049845539033412933
vt 0.014439178630709648 0.049845539033412933
vt 0.0072195893153548241 0.049845539033412933
vt 0.0072195893153548241 0.048042722046375275
vt 0.014439178630709648 0.048042722046375275
vt 0.021658767014741898 0.048042722046375275
vt 0.010287554003298283 0.59756201505661011
vt 0.010287554003298283 0.62644040584564209
vt 0.012766431085765362 0.59756201505661011
vt 0.012766431085765362 0.61200118064880371
vt 0.012766431085765362 0.62644040584564209
vt 0.012766431085765362 0.6047816276550293
vt 0.012766431085765362 0.6192207932472229
vt 0.010287554003298283 0.6168142557144165
vt 0.010287554003298283 0.60718816518783569
vt 0.41208234429359436 0.27053996920585632
vt 0.41208234429359436 0.29941833019256592
vt 0.42368799448013306 0.27053996920585632
vt 0.42368799448013306 0.29941833019256592
vt 0.42368799448013306 0.28016608953475952
vt 0.42368799448013306 0.28979220986366272
vt 0.41208234429359436 0.28497913479804993
vt 0.35688769817352295 0.23997533321380615
vt 0.35688769817352295 0.26885369420051575
vt 0.39970466494560242 0.23997533321380615
vt 0.39970466494560242 0.26885369420051575
vt 0.37829616665840149 0.23997533321380615
vt 0.39970466494560242 0.25441452860832214
vt 0.37829616665840149 0.26885369420051575
vt 0 0.45483535528182983
vt 0 0.48371371626853943
vt 0.054985944181680679 0.45483535528182983
vt 0.054985944181680679 0.48371371626853943
vt 0.02749297209084034 0.45483535528182983
vt 0.02749297209084034 0.48371371626853943
vt 0.35688769817352295 0
vt 0.35688769817352295 0.028878357261419296
vt 0.46032446622848511 0
vt 0.46032446622848511 0.028878357261419296
vt 0.40860608220100403 0
vt 0.40860608220100403 0.028878357261419296
vt 0 0.36259689927101135
vt 0 0.39147526025772095
vt 0.054985944181680679 0.36259689927101135
vt 0.054985944181680679 0.39147526025772095
vt 0.02749297209084034 0.36259689927101135
vt 0.02749297209084034 0.39147526025772095
vt 0 0.37703609466552734
vt 0.23520952463150024 0.30110460519790649
vt 0.20667949318885803 0.30110460519790649
vt 0.23520952463150024 0.32994970679283142
vt 0.20667949318885803 0.32994970679283142
vt 0.23520952463150024 0.31552717089653015
vt 0.22094450891017914 0.32994970679283142
vt 0.20667949318885803 0.31552717089653015
vt 0.22094450891017914 0.30110460519790649
vt 0.39356428384780884 0.27053996920585632
vt 0.39356428384780884 0.29941833019256592
vt 0.40516993403434753 0.27053996920585632
vt 0.40516993403434753 0.29941833019256592
vt 0.40516993403434753 0.28497913479804993
vt 0.39356428384780884 0.29219874739646912
vt 0.39356428384780884 0.28497913479804993
vt 0.39356428384780884 0.27775955200195313
vt 0.028878357261419296 0.056346215307712555
vt 0 0.056346215307712555
vt 0.028878357261419296 0.058261711150407791
vt 0 0.058261711150407791
vt 0.021658767014741898 0.058261711150407791
vt 0.014439178630709648 0.058261711150407791
vt 0.0072195893153548241 0.058261711150407791
vt 0.0072195893153548241 0.056346215307712555
vt 0.014439178630709648 0.056346215307712555
vt 0.021658767014741898 0.056346215307712555
vt 0.028878357261419296 0.069200456142425537
vt 0 0.069200456142425537
vt 0.028878357261419296 0.071453973650932312
vt 0 0.071453973650932312
vt 0.021658767014741898 0.071453973650932312
vt 0.014439178630709648 0.071453973650932312
vt 0.0072195893153548241 0.071453973650932312
vt 0.0072195893153548241 0.069200456142425537
vt 0.014439178630709648 0.069200456142425537
vt 0.021658767014741898 0.069200456142425537
vt 0.048062201589345932 0.59864586591720581
vt 0.048062201589345932 0.62752425670623779
vt 0.089301697909832001 0.59864586591720581
vt 0.089301697909832001 0.62752425670623779
vt 0.068681947886943817 0.59864586591720581
vt 0.089301697909832001 0.605865478515625
vt 0.089301697909832001 0.61308503150939941
vt 0.089301697909832001 0.6203046441078186
vt 0.068681947886943817 0.62752425670623779
vt 0.074956916272640228 0.15252307057380676
vt 0.04607856273651123 0.15252307057380676
vt 0.074956916272640228 0.22711473703384399
vt 0.04607856273651123 0.22711473703384399
vt 0.074956916272640228 0.18981890380382538
vt 0.04607856273651123 0.18981890380382538
vt 0.046597357839345932 0.5470738410949707
vt 0.01903185062110424 0.5470738410949707
vt 0.046597357839345932 0.67335772514343262
vt 0.01903185062110424 0.67335772514343262
vt 0.046597357839345932 0.5891684889793396
vt 0.046597357839345932 0.63126307725906372
vt 0.032814603298902512 0.5470738410949707
vt 0.032814603298902512 0.61021578311920166
vt 0.01903185062110424 0.63126307725906372
vt 0.01903185062110424 0.5891684889793396
vt 0.025923227891325951 0.61021578311920166
vt 0.032814603298902512 0.57864481210708618
vt 0.025923227891325951 0.57864481210708618
vt 0.039705980569124222 0.61021578311920166
vt 0.039705980569124222 0.57864481210708618
vt 0.17378820478916168 0.03567793220281601
vt 0.14490984380245209 0.03567793220281601
vt 0.17378820478916168 0.044425398111343384
vt 0.14490984380245209 0.044425398111343384
vt 0.15934902429580688 0.044425398111343384
vt 0.15934902429580688 0.03567793220281601
vt 0.075627706944942474 0.6911737322807312
vt 0.048062201589345932 0.6911737322807312
vt 0.075627706944942474 0.76147377490997314
vt 0.048062201589345932 0.76147377490997314
vt 0.075627706944942474 0.72632378339767456
vt 0.061844956129789352 0.76147377490997314
vt 0.048062201589345932 0.72632378339767456
vt 0.057250704616308212 0.6911737322807312
vt 0.066439203917980194 0.6911737322807312
vt 0.43060043454170227 0.27053996920585632
vt 0.43060043454170227 0.29941833019256592
vt 0.44870153069496155 0.27466544508934021
vt 0.44870153069496155 0.2787909209728241
vt 0.46680262684822083 0.27466544508934021
vt 0.46680262684822083 0.2787909209728241
vt 0.4849037230014801 0.27466544508934021
vt 0.4849037230014801 0.2787909209728241
vt 0.50300484895706177 0.27466544508934021
vt 0.50300484895706177 0.2787909209728241
vt 0.52110594511032104 0.27466544508934021
vt 0.52110594511032104 0.2787909209728241
vt 0.53920704126358032 0.27466544508934021
vt 0.53920704126358032 0.2787909209728241
vt 0.5573081374168396 0.27053996920585632
vt 0.5573081374168396 0.29941833019256592
vt 0.44327118992805481 0.27053996920585632
vt 0.45594197511672974 0.27053996920585632
vt 0.46861273050308228 0.27053996920585632
vt 0.4812835156917572 0.27053996920585632
vt 0.49395427107810974 0.27053996920585632
vt 0.50662505626678467 0.27053996920585632
vt 0.51929581165313721 0.27053996920585632
vt 0.53196656703948975 0.27053996920585632
vt 0.54463738203048706 0.27053996920585632
vt 0.5573081374168396 0.28016608953475952
vt 0.5573081374168396 0.28979220986366272
vt 0.54463738203048706 0.29941833019256592
vt 0.53196656703948975 0.29941833019256592
vt 0.51929581165313721 0.29941833019256592
vt 0.50662505626678467 0.29941833019256592
vt 0.49395427107810974 0.29941833019256592
vt 0.4812835156917572 0.29941833019256592
vt 0.46861273050308228 0.29941833019256592
vt 0.45594197511672974 0.29941833019256592
vt 0.44327118992805481 0.29941833019256592
vt 0.43060043454170227 0.28979220986366272
vt 0.43060043454170227 0.28016608953475952
vt 0.54341971874237061 0.28164702653884888
vt 0.5298839807510376 0.28164702653884888
vt 0.51634830236434937 0.28164702653884888
vt 0.50281256437301636 0.28164702653884888
vt 0.48927685618400574 0.28164702653884888
vt 0.47574111819267273 0.28164702653884888
vt 0.46220541000366211 0.28164702653884888
vt 0.4486696720123291 0.28164702653884888
vt 0.4486696720123291 0.28969964385032654
vt 0.4486696720123291 0.2977522611618042
vt 0.46220541000366211 0.2977522611618042
vt 0.47574111819267273 0.2977522611618042
vt 0.48927685618400574 0.2977522611618042
vt 0.50281256437301636 0.2977522611618042
vt 0.51634830236434937 0.2977522611618042
vt 0.5298839807510376 0.2977522611618042
vt 0.54341971874237061 0.2977522611618042
vt 0.54341971874237061 0.28969964385032654
vt 0 0.26415795087814331
vt 0 0.29303631186485291
vt 0.1469128280878067 0.26415795087814331
vt 0.1469128280878067 0.29303631186485291
vt 0.048970945179462433 0.26415795087814331
vt 0.097941890358924866 0.26415795087814331
vt 0.1469128280878067 0.27378407120704651
vt 0.1469128280878067 0.28341019153594971
vt 0.073456414043903351 0.2785971462726593
vt 0.11018462479114532 0.2785971462726593
vt 0.073456414043903351 0.2713775634765625
vt 0.11018462479114532 0.2713775634765625
vt 0.073456414043903351 0.2858167290687561
vt 0.11018462479114532 0.2858167290687561
vt 0.097941890358924866 0.29303631186485291
vt 0.048970945179462433 0.29303631186485291
vt 0.10465805977582932 0.6911737322807312
vt 0.077092550694942474 0.6911737322807312
vt 0.10465805977582932 0.76729744672775269
vt 0.077092550694942474 0.76729744672775269
vt 0.10465805977582932 0.72923558950424194
vt 0.077092550694942474 0.72923558950424194
vt 0.086281053721904755 0.6911737322807312
vt 0.095469556748867035 0.6911737322807312
vt 0.18393597006797791 0.089973084628582001
vt 0.18393597006797791 0.1188514456152916
vt 0.18849936127662659 0.089973084628582001
vt 0.18849936127662659 0.1188514456152916
vt 0.18849936127662659 0.099599204957485199
vt 0.18849936127662659 0.1092253252863884
vt 0.18393597006797791 0.1092253252863884
vt 0.18393597006797791 0.099599204957485199
vt 0.028878357261419296 0.15252307057380676
vt 0 0.15252307057380676
vt 0.028878357261419296 0.22362063825130463
vt 0 0.22362063825130463
vt 0.028878357261419296 0.18807186186313629
vt 0.019252236932516098 0.22362063825130463
vt 0.009626118466258049 0.22362063825130463
vt 0 0.18807186186313629
vt 0.35688769817352295 0.20941071212291718
vt 0.35688769817352295 0.23828905820846558
vt 0.49908283352851868 0.20941071212291718
vt 0.49908283352851868 0.23828905820846558
vt 0.40428605675697327 0.20941071212291718
vt 0.45168444514274597 0.20941071212291718
vt 0.35688769817352295 0.22384987771511078
vt 0.42798525094985962 0.22384987771511078
vt 0.45168444514274597 0.23828905820846558
vt 0.40428605675697327 0.23828905820846558
vt 0.42798525094985962 0.23106947541236877
vt 0.39243647456169128 0.22384987771511078
vt 0.39243647456169128 0.23106947541236877
vt 0.42798525094985962 0.21663029491901398
vt 0.39243647456169128 0.21663029491901398
vt 0.25383177399635315 0.028715556487441063
vt 0.25383177399635315 0.05759391188621521
vt 0.26481169462203979 0.028715556487441063
vt 0.26481169462203979 0.05759391188621521
vt 0.26481169462203979 0.043154735118150711
vt 0.25383177399635315 0.055927854031324387
vt 0.25932174921035767 0.043154735118150711
vt 0.25932174921035767 0.05037432536482811
vt 0.2565767765045166 0.043154735118150711
vt 0.2565767765045166 0.05037432536482811
vt 0.2565767765045166 0.053984120488166809
vt 0.25520426034927368 0.05037432536482811
vt 0.25520426034927368 0.053984120488166809
vt 0.25383177399635315 0.039822615683078766
vt 0.25383177399635315 0.047875236719846725
vt 0.017183136194944382 0.59756201505661011
vt 0.015517076477408409 0.59756201505661011
vt 0.015517076477408409 0.62478053569793701
vt 0.017183136194944382 0.67921751737594604
vt 0.015517076477408409 0.67921751737594604
vt 0.015517076477408409 0.67241287231445313
vt 0.015517076477408409 0.66560828685760498
vt 0.015517076477408409 0.65880364179611206
vt 0.015517076477408409 0.65199899673461914
vt 0.015517076477408409 0.645194411277771
vt 0.015517076477408409 0.63838976621627808
vt 0.015517076477408409 0.63158512115478516
vt 0.015517076477408409 0.61797589063644409
vt 0.015517076477408409 0.61117124557495117
vt 0.015517076477408409 0.60436666011810303
vt 0.017183136194944382 0.60436666011810303
vt 0.017183136194944382 0.61117124557495117
vt 0.017183136194944382 0.61797589063644409
vt 0.017183136194944382 0.62478053569793701
vt 0.017183136194944382 0.63158512115478516
vt 0.017183136194944382 0.63838976621627808
vt 0.017183136194944382 0.645194411277771
vt 0.017183136194944382 0.65199899673461914
vt 0.017183136194944382 0.65880364179611206
vt 0.017183136194944382 0.66560828685760498
vt 0.017183136194944382 0.67241287231445313
vt 0.52371037006378174 0.058589711785316467
vt 0.49483200907707214 0.058589711785316467
vt 0.52371037006378174 0.085576362907886505
vt 0.49483200907707214 0.085576362907886505
vt 0.52371037006378174 0.072083033621311188
vt 0.49649807810783386 0.085576362907886505
vt 0.50927120447158813 0.058589711785316467
vt 0.50927120447158813 0.072083033621311188
vt 0.50205159187316895 0.072083033621311188
vt 0.50927120447158813 0.078829698264598846
vt 0.50205159187316895 0.078829698264598846
vt 0.49844181537628174 0.078829698264598846
vt 0.50205159187316895 0.082203030586242676
vt 0.49844181537628174 0.082203030586242676
vt 0.49483200907707214 0.072083033621311188
vt 0.51260334253311157 0.085576362907886505
vt 0.50455069541931152 0.085576362907886505
vt 0.35688769817352295 0.087152175605297089
vt 0.35688769817352295 0.11603053659200668
vt 0.49906453490257263 0.087152175605297089
vt 0.49906453490257263 0.11603053659200668
vt 0.40427997708320618 0.087152175605297089
vt 0.4516722559928894 0.087152175605297089
vt 0.49906453490257263 0.10159135609865189
vt 0.4279761016368866 0.10159135609865189
vt 0.46352031826972961 0.10159135609865189
vt 0.4279761016368866 0.094371765851974487
vt 0.46352031826972961 0.094371765851974487
vt 0.4279761016368866 0.10881094634532928
vt 0.46352031826972961 0.10881094634532928
vt 0.4516722559928894 0.11603053659200668
vt 0.40427997708320618 0.11603053659200668
vt 0.35688769817352295 0.10640441626310349
vt 0.35688769817352295 0.096778295934200287
vt 0.39243188500404358 0.10159135609865189
vt 0.39243188500404358 0.10881094634532928
vt 0.39243188500404358 0.094371765851974487
vt 0.076940558850765228 0.5470738410949707
vt 0.048062201589345932 0.5470738410949707
vt 0.076940558850765228 0.5517420768737793
vt 0.048062201589345932 0.5517420768737793
vt 0.06731443852186203 0.5517420768737793
vt 0.05768832191824913 0.5517420768737793
vt 0.05768832191824913 0.5470738410949707
vt 0.06731443852186203 0.5470738410949707
vt 0.076940558850765228 0.5605618953704834
vt 0.048062201589345932 0.5605618953704834
vt 0.076940558850765228 0.56499308347702026
vt 0.048062201589345932 0.56499308347702026
vt 0.06731443852186203 0.56499308347702026
vt 0.05768832191824913 0.56499308347702026
vt 0.05768832191824913 0.5605618953704834
vt 0.06731443852186203 0.5605618953704834
vt 0.19367815554141998 0.30110460519790649
vt 0.16514812409877777 0.30110460519790649
vt 0.19367815554141998 0.31469753384590149
vt 0.16514812409877777 0.31469753384590149
vt 0.18416814506053925 0.31469753384590149
vt 0.17465813457965851 0.31469753384590149
vt 0.17465813457965851 0.30110460519790649
vt 0.18416814506053925 0.30110460519790649
vt 0.10380073636770248 0.18946970999240875
vt 0.10380073636770248 0.21834807097911835
vt 0.10823190957307816 0.18946970999240875
vt 0.10823190957307816 0.21834807097911835
vt 0.10823190957307816 0.19909583032131195
vt 0.10823190957307816 0.20872195065021515
vt 0.10380073636770248 0.20872195065021515
vt 0.10380073636770248 0.19909583032131195
vt 0.27676895260810852 0
vt 0.24789059162139893 0
vt 0.27676895260810852 0.0039521306753158569
vt 0.24789059162139893 0.0039521306753158569
vt 0.26714283227920532 0.0039521306753158569
vt 0.25751671195030212 0.0039521306753158569
vt 0.25751671195030212 0
vt 0.26714283227920532 0
vt 0.35688769817352295 0.11771681159734726
vt 0.35688769817352295 0.14659516513347626
vt 0.49906644225120544 0.11771681159734726
vt 0.49906644225120544 0.14659516513347626
vt 0.40428060293197632 0.11771681159734726
vt 0.45167350769042969 0.11771681159734726
vt 0.49906644225120544 0.12734292447566986
vt 0.49906644225120544 0.13696904480457306
vt 0.427977055311203 0.13215598464012146
vt 0.46352174878120422 0.13215598464012146
vt 0.427977055311203 0.12493639439344406
vt 0.46352174878120422 0.12493639439344406
vt 0.427977055311203 0.13937558233737946
vt 0.46352174878120422 0.13937558233737946
vt 0.45167350769042969 0.14659516513347626
vt 0.40428060293197632 0.14659516513347626
vt 0.056450787931680679 0.36259689927101135
vt 0.056450787931680679 0.39147526025772095
vt 0.11951801925897598 0.36259689927101135
vt 0.11951801925897598 0.39147526025772095
vt 0.08798440545797348 0.36259689927101135
vt 0.08798440545797348 0.39147526025772095
vt 0.056450787931680679 0.38980919122695923
vt 0.08798440545797348 0.37703609466552734
vt 0.08798440545797348 0.38425567746162415
vt 0.072217598557472229 0.37703609466552734
vt 0.072217598557472229 0.38425567746162415
vt 0.072217598557472229 0.38786545395851135
vt 0.064334191381931305 0.38425567746162415
vt 0.064334191381931305 0.38786545395851135
vt 0.064334191381931305 0.38967037200927734
vt 0.060392487794160843 0.38786545395851135
vt 0.060392487794160843 0.38967037200927734
vt 0.056450787931680679 0.37370395660400391
vt 0.056450787931680679 0.38175657391548157
vt 0.08798440545797348 0.36981648206710815
vt 0.072217598557472229 0.36981648206710815
vt 0.11253722012042999 0.18946970999240875
vt 0.11087115854024887 0.18946970999240875
vt 0.11253722012042999 0.21653060615062714
vt 0.11087115854024887 0.21653060615062714
vt 0.11253722012042999 0.24359148740768433
vt 0.11087115854024887 0.24359148740768433
vt 0.11087115854024887 0.23682625591754913
vt 0.11087115854024887 0.23006103932857513
vt 0.11087115854024887 0.22329582273960114
vt 0.11087115854024887 0.20976537466049194
vt 0.11087115854024887 0.20300015807151794
vt 0.11087115854024887 0.19623494148254395
vt 0.11253722012042999 0.19623494148254395
vt 0.11253722012042999 0.20300015807151794
vt 0.11253722012042999 0.20976537466049194
vt 0.11253722012042999 0.22329582273960114
vt 0.11253722012042999 0.23006103932857513
vt 0.11253722012042999 0.23682625591754913
vt 0.19284619390964508 0.089973084628582001
vt 0.19284619390964508 0.1188514456152916
vt 0.19750085473060608 0.089973084628582001
vt 0.19750085473060608 0.1188514456152916
vt 0.19750085473060608 0.11718538403511047
vt 0.19517351686954498 0.1116318553686142
vt 0.19517351686954498 0.1152416467666626
vt 0.19633717834949493 0.1116318553686142
vt 0.19633717834949493 0.1152416467666626
vt 0.19284619390964508 0.1092253252863884
vt 0.19284619390964508 0.099599204957485199
vt 0.19750085473060608 0.095526613295078278
vt 0.19750085473060608 0.10108014941215515
vt 0.19750085473060608 0.10913276672363281
vt 0.35688769817352295 0.178846076130867
vt 0.35688769817352295 0.2077244371175766
vt 0.49907186627388 0.178846076130867
vt 0.49907186627388 0.2077244371175766
vt 0.40428242087364197 0.178846076130867
vt 0.45167714357376099 0.178846076130867
vt 0.49907186627388 0.1884721964597702
vt 0.49907186627388 0.1980983167886734
vt 0.42797976732254028 0.1932852566242218
vt 0.46352583169937134 0.1932852566242218
vt 0.42797976732254028 0.18606565892696381
vt 0.46352583169937134 0.18606565892696381
vt 0.42797976732254028 0.2005048394203186
vt 0.46352583169937134 0.2005048394203186
vt 0.45167714357376099 0.2077244371175766
vt 0.40428242087364197 0.2077244371175766
vt 0.13368840515613556 0.6911737322807312
vt 0.10612290352582932 0.6911737322807312
vt 0.13368840515613556 0.76742660999298096
vt 0.10612290352582932 0.76742660999298096
vt 0.13368840515613556 0.72930020093917847
vt 0.10612290352582932 0.72930020093917847
vt 0.11990565806627274 0.6911737322807312
vt 0 0.59756201505661011
vt 0 0.62644040584564209
vt 0.0048764646053314209 0.59756201505661011
vt 0.0048764646053314209 0.62644040584564209
vt 0.0048764646053314209 0.61200118064880371
vt 0 0.61200118064880371
vt 0.15960809588432312 0.18946970999240875
vt 0.15960809588432312 0.21834807097911835
vt 0.24059981107711792 0.18946970999240875
vt 0.24059981107711792 0.21834807097911835
vt 0.20010395348072052 0.18946970999240875
vt 0.24059981107711792 0.20390889048576355
vt 0.20010395348072052 0.21834807097911835
vt 0.16256676614284515 0.45819982886314392
vt 0.13515324890613556 0.45819982886314392
vt 0.16256676614284515 0.6051061749458313
vt 0.13515324890613556 0.6051061749458313
vt 0.16256676614284515 0.50716859102249146
vt 0.16256676614284515 0.55613738298416138
vt 0.14886000752449036 0.45819982886314392
vt 0.14886000752449036 0.53165298700332642
vt 0.13515324890613556 0.55613738298416138
vt 0.13515324890613556 0.50716859102249146
vt 0.14200663566589355 0.53165298700332642
vt 0.14886000752449036 0.49492642283439636
vt 0.14200663566589355 0.49492642283439636
vt 0.15571339428424835 0.53165298700332642
vt 0.15571339428424835 0.49492642283439636
vt 0.27676895260810852 0.014194659888744354
vt 0.24789059162139893 0.014194659888744354
vt 0.27676895260810852 0.025544531643390656
vt 0.24789059162139893 0.025544531643390656
vt 0.26232975721359253 0.025544531643390656
vt 0.24955664575099945 0.014194659888744354
vt 0.26232975721359253 0.019869595766067505
vt 0.25511017441749573 0.019869595766067505
vt 0.26232975721359253 0.01703212782740593
vt 0.25511017441749573 0.01703212782740593
vt 0.25150036811828613 0.01703212782740593
vt 0.25511017441749573 0.015613393858075142
vt 0.25150036811828613 0.015613393858075142
vt 0.26566189527511597 0.014194659888744354
vt 0.25760924816131592 0.014194659888744354
vt 0.25252723693847656 0.028715556487441063
vt 0.25086119771003723 0.028715556487441063
vt 0.25252723693847656 0.12354274094104767
vt 0.25086119771003723 0.12354274094104767
vt 0.25086119771003723 0.11676936596632004
vt 0.25086119771003723 0.109995998442173
vt 0.25086119771003723 0.10322262346744537
vt 0.25086119771003723 0.096449263393878937
vt 0.25086119771003723 0.089675888419151306
vt 0.25086119771003723 0.082902520895004272
vt 0.25086119771003723 0.076129145920276642
vt 0.25086119771003723 0.069355778396129608
vt 0.25086119771003723 0.062582410871982574
vt 0.25086119771003723 0.055809039622545242
vt 0.25086119771003723 0.04903566837310791
vt 0.25086119771003723 0.042262297123670578
vt 0.25086119771003723 0.035488925874233246
vt 0.25252723693847656 0.035488925874233246
vt 0.25252723693847656 0.042262297123670578
vt 0.25252723693847656 0.04903566837310791
vt 0.25252723693847656 0.055809039622545242
vt 0.25252723693847656 0.062582410871982574
vt 0.25252723693847656 0.069355778396129608
vt 0.25252723693847656 0.076129145920276642
vt 0.25252723693847656 0.082902520895004272
vt 0.25252723693847656 0.089675888419151306
vt 0.25252723693847656 0.096449263393878937
vt 0.25252723693847656 0.10322262346744537
vt 0.25252723693847656 0.109995998442173
vt 0.25252723693847656 0.11676936596632004
vt 0.19367815554141998 0.3402341902256012
vt 0.16514812409877777 0.3402341902256012
vt 0.19367815554141998 0.35383307933807373
vt 0.16514812409877777 0.35383307933807373
vt 0.16679409146308899 0.35383307933807373
vt 0.17941313982009888 0.3402341902256012
vt 0.17941313982009888 0.34703361988067627
vt 0.17228063941001892 0.34703361988067627
vt 0.17941313982009888 0.350433349609375
vt 0.17228063941001892 0.350433349609375
vt 0.16871438920497894 0.350433349609375
vt 0.17228063941001892 0.35213321447372437
vt 0.16871438920497894 0.35213321447372437
vt 0.18270507454872131 0.35383307933807373
vt 0.17474958300590515 0.35383307933807373
vt 0.26408788561820984 0.30110460519790649
vt 0.23667436838150024 0.30110460519790649
vt 0.26408788561820984 0.58110237121582031
vt 0.23667436838150024 0.58110237121582031
vt 0.26408788561820984 0.34777089953422546
vt 0.26408788561820984 0.39443719387054443
vt 0.26408788561820984 0.4411034882068634
vt 0.26408788561820984 0.48776978254318237
vt 0.26408788561820984 0.53443604707717896
vt 0.25038111209869385 0.58110237121582031
vt 0.25038111209869385 0.51110291481018066
vt 0.25038111209869385 0.54610264301300049
vt 0.25723451375961304 0.51110291481018066
vt 0.25723451375961304 0.54610264301300049
vt 0.24352774024009705 0.51110291481018066
vt 0.24352774024009705 0.54610264301300049
vt 0.23667436838150024 0.53443604707717896
vt 0.23667436838150024 0.48776978254318237
vt 0.23667436838150024 0.4411034882068634
vt 0.23667436838150024 0.39443719387054443
vt 0.23667436838150024 0.34777089953422546
vt 0.25038111209869385 0.30110460519790649
vt 0.25038111209869385 0.37110403180122375
vt 0.24352774024009705 0.37110403180122375
vt 0.25038111209869385 0.33610433340072632
vt 0.24352774024009705 0.33610433340072632
vt 0.25723451375961304 0.37110403180122375
vt 0.25723451375961304 0.33610433340072632
vt 0.028878357261419296 0
vt 0 0
vt 0.028878357261419296 0.037359524518251419
vt 0 0.037359524518251419
vt 0.028878357261419296 0.01867976225912571
vt 0.014439178630709648 0.037359524518251419
vt 0 0.01867976225912571
vt 0.0016660584369674325 0
vt 0.014439178630709648 0.01867976225912571
vt 0.0072195893153548241 0.01867976225912571
vt 0.014439178630709648 0.0093398811295628548
vt 0.0072195893153548241 0.0093398811295628548
vt 0.003609794657677412 0.0093398811295628548
vt 0.0072195893153548241 0.0046699405647814274
vt 0.003609794657677412 0.0046699405647814274
vt 0.017771296203136444 0
vt 0.0070344717241823673 0
vt 0.012402883730828762 0
vt 0.021658767014741898 0.01867976225912571
vt 0.021658767014741898 0.0093398811295628548
vt 0.15960809588432312 0.22641634941101074
vt 0.195730060338974 0.22641634941101074
vt 0.195730060338974 0.23752342164516449
vt 0.17766907811164856 0.22641634941101074
vt 0.1836894154548645 0.23752342164516449
vt 0.17164875566959381 0.23752342164516449
vt 0.15960809588432312 0.23752342164516449
vt 0.23520952463150024 0.38044402003288269
vt 0.20667949318885803 0.38044402003288269
vt 0.23520952463150024 0.40871340036392212
vt 0.20667949318885803 0.40871340036392212
vt 0.23520952463150024 0.3945787250995636
vt 0.20832546055316925 0.40871340036392212
vt 0.22094450891017914 0.38044402003288269
vt 0.22094450891017914 0.3945787250995636
vt 0.21381199359893799 0.3945787250995636
vt 0.22094450891017914 0.40164604783058167
vt 0.21381199359893799 0.40164604783058167
vt 0.21024574339389801 0.40164604783058167
vt 0.21381199359893799 0.4051797091960907
vt 0.21024574339389801 0.4051797091960907
vt 0.20667949318885803 0.3945787250995636
vt 0.22423642873764038 0.40871340036392212
vt 0.21628093719482422 0.40871340036392212
vt 0.056450787931680679 0.4240892231464386
vt 0.056450787931680679 0.45296755433082581
vt 0.13368840515613556 0.4240892231464386
vt 0.13368840515613556 0.45296755433082581
vt 0.095069602131843567 0.4240892231464386
vt 0.13368840515613556 0.4385283887386322
vt 0.095069602131843567 0.45296755433082581
vt 0.056450787931680679 0.4385283887386322
vt 0.20633116364479065 0.57910895347595215
vt 0.17891764640808105 0.57910895347595215
vt 0.20633116364479065 0.6040797233581543
vt 0.17891764640808105 0.6040797233581543
vt 0.20633116364479065 0.59159433841705322
vt 0.19262440502643585 0.6040797233581543
vt 0.17891764640808105 0.59159433841705322
vt 0.19262440502643585 0.57910895347595215
vt 0.16413548588752747 0.089973084628582001
vt 0.16413548588752747 0.1188514456152916
vt 0.16909323632717133 0.089973084628582001
vt 0.16909323632717133 0.1188514456152916
vt 0.16909323632717133 0.1044122651219368
vt 0.16413548588752747 0.1044122651219368
vt 0.16403160989284515 0.45819982886314392
vt 0.16403160989284515 0.48707818984985352
vt 0.23152466118335724 0.45819982886314392
vt 0.23152466118335724 0.48707818984985352
vt 0.1977781355381012 0.45819982886314392
vt 0.23152466118335724 0.47263902425765991
vt 0.1977781355381012 0.48707818984985352
vt 0.16403160989284515 0.47263902425765991
vt 0.15445524454116821 0.089973084628582001
vt 0.15445524454116821 0.1188514456152916
vt 0.15941299498081207 0.089973084628582001
vt 0.15941299498081207 0.1188514456152916
vt 0.15941299498081207 0.1044122651219368
vt 0.15445524454116821 0.1044122651219368
vt 0.081529289484024048 0
vt 0.05265093594789505 0
vt 0.081529289484024048 0.037547267973423004
vt 0.05265093594789505 0.037547267973423004
vt 0.081529289484024048 0.018773633986711502
vt 0.067090116441249847 0.037547267973423004
vt 0.05265093594789505 0.018773633986711502
vt 0.067090116441249847 0
vt 0.056450787931680679 0.48558151721954346
vt 0.056450787931680679 0.51445984840393066
vt 0.13368840515613556 0.48558151721954346
vt 0.13368840515613556 0.51445984840393066
vt 0.095069602131843567 0.48558151721954346
vt 0.13368840515613556 0.50002068281173706
vt 0.056450787931680679 0.50002068281173706
vt 0.095069602131843567 0.50002068281173706
vt 0.095069602131843567 0.51445984840393066
vt 0.056450787931680679 0.50724029541015625
vt 0.056450787931680679 0.49280110001564026
vt 0.095069602131843567 0.50724029541015625
vt 0.075760193169116974 0.50002068281173706
vt 0.075760193169116974 0.50724029541015625
vt 0.095069602131843567 0.49280110001564026
vt 0.075760193169116974 0.49280110001564026
vt 0.028878357261419296 0.06075744703412056
vt 0 0.06075744703412056
vt 0.028878357261419296 0.062757603824138641
vt 0 0.062757603824138641
vt 0.021658767014741898 0.062757603824138641
vt 0.014439178630709648 0.062757603824138641
vt 0.0072195893153548241 0.062757603824138641
vt 0.0072195893153548241 0.06075744703412056
vt 0.014439178630709648 0.06075744703412056
vt 0.021658767014741898 0.06075744703412056
vt 0.14490984380245209 0.089973084628582001
vt 0.14490984380245209 0.1188514456152916
vt 0.14979854226112366 0.089973084628582001
vt 0.14979854226112366 0.1188514456152916
vt 0.14979854226112366 0.1044122651219368
vt 0.14490984380245209 0.1092253252863884
vt 0.14490984380245209 0.099599204957485199
vt 0.14979854226112366 0.097192674875259399
vt 0.14979854226112366 0.1116318553686142
vt 0.31161957979202271 0.43088710308074951
vt 0.31161957979202271 0.4184490442276001
vt 0.31161957979202271 0.4060109555721283
vt 0.31161957979202271 0.39357286691665649
vt 0.31161957979202271 0.38113480806350708
vt 0.31161957979202271 0.36869671940803528
vt 0.31161957979202271 0.35625863075256348
vt 0.31161957979202271 0.34382054209709167
vt 0.31161957979202271 0.33138245344161987
vt 0.31161957979202271 0.31894439458847046
vt 0.31161957979202271 0.30650630593299866
vt 0.3616034984588623 0.30650630593299866
vt 0.4115874171257019 0.30650630593299866
vt 0.4615713357925415 0.30650630593299866
vt 0.5115552544593811 0.30650630593299866
vt 0.5615391731262207 0.30650630593299866
vt 0.6115230917930603 0.30650630593299866
vt 0.6115230917930603 0.32277306914329529
vt 0.60269910097122192 0.32277306914329529
vt 0.60269910097122192 0.33603361248970032
vt 0.60269910097122192 0.34278428554534912
vt 0.60269910097122192 0.34953495860099792
vt 0.60269910097122192 0.35628563165664673
vt 0.60269910097122192 0.36303630471229553
vt 0.60269910097122192 0.36978697776794434
vt 0.60269910097122192 0.37653765082359314
vt 0.60269910097122192 0.38328832387924194
vt 0.60269910097122192 0.39003899693489075
vt 0.60269910097122192 0.39678966999053955
vt 0.60269910097122192 0.40354034304618835
vt 0.60269910097122192 0.41029101610183716
vt 0.60269910097122192 0.41704168915748596
vt 0.60269910097122192 0.42379236221313477
vt 0.60269910097122192 0.43054303526878357
vt 0.60269910097122192 0.45133286714553833
vt 0.60269910097122192 0.4783596396446228
vt 0.60269910097122192 0.50538641214370728
vt 0.60269910097122192 0.51898407936096191
vt 0.61521238088607788 0.51898407936096191
vt 0.62772566080093384 0.51898407936096191
vt 0.62772566080093384 0.5529782772064209
vt 0.62772566080093384 0.58697241544723511
vt 0.61521238088607788 0.58697241544723511
vt 0.60269910097122192 0.58697241544723511
vt 0.60269910097122192 0.60012060403823853
vt 0.60269910097122192 0.60688197612762451
vt 0.60269910097122192 0.6136433482170105
vt 0.60269910097122192 0.62040477991104126
vt 0.60269910097122192 0.62716609239578247
vt 0.60269910097122192 0.63392752408981323
vt 0.60269910097122192 0.64068889617919922
vt 0.60269910097122192 0.64745026826858521
vt 0.60269910097122192 0.65421164035797119
vt 0.60269910097122192 0.66097301244735718
vt 0.60269910097122192 0.66773438453674316
vt 0.60269910097122192 0.67449575662612915
vt 0.60269910097122192 0.68125712871551514
vt 0.60269910097122192 0.69833850860595703
vt 0.60269910097122192 0.71541988849639893
vt 0.60269910097122192 0.72217857837677002
vt 0.60269910097122192 0.72893726825714111
vt 0.60269910097122192 0.73569601774215698
vt 0.60269910097122192 0.74245470762252808
vt 0.60269910097122192 0.74921339750289917
vt 0.60269910097122192 0.75597208738327026
vt 0.60269910097122192 0.76273077726364136
vt 0.60269910097122192 0.76948946714401245
vt 0.60269910097122192 0.77624821662902832
vt 0.60269910097122192 0.78300690650939941
vt 0.60269910097122192 0.78976559638977051
vt 0.60269910097122192 0.7965242862701416
vt 0.60269910097122192 0.8032829761505127
vt 0.60269910097122192 0.81004166603088379
vt 0.60269910097122192 0.82375174760818481
vt 0.61167722940444946 0.82375174760818481
vt 0.61167722940444946 0.83521425724029541
vt 0.61167722940444946 0.84667670726776123
vt 0.56879466772079468 0.84667670726776123
vt 0.52591216564178467 0.84667670726776123
vt 0.52591216564178467 0.83724987506866455
vt 0.4838445782661438 0.83724987506866455
vt 0.44177699089050293 0.83724987506866455
vt 0.39970940351486206 0.83724987506866455
vt 0.39970940351486206 0.84167808294296265
vt 0.35618579387664795 0.84167808294296265
vt 0.31266221404075623 0.84167808294296265
vt 0.26913860440254211 0.84167808294296265
vt 0.26913860440254211 0.79309052228927612
vt 0.26913860440254211 0.7445029616355896
vt 0.28479218482971191 0.7445029616355896
vt 0.28479218482971191 0.75855016708374023
vt 0.3003355860710144 0.75855016708374023
vt 0.31587898731231689 0.75855016708374023
vt 0.31587898731231689 0.74585151672363281
vt 0.32104143500328064 0.74585151672363281
vt 0.32104143500328064 0.75832545757293701
vt 0.32283705472946167 0.75832545757293701
vt 0.32270252704620361 0.76598876714706421
vt 0.316987544298172 0.76598876714706421
vt 0.319845050573349 0.76598876714706421
vt 0.316987544298172 0.76168429851531982
vt 0.319845050573349 0.75737982988357544
vt 0.32270252704620361 0.76168429851531982
vt 0.319845050573349 0.76168429851531982
vt 0.32283705472946167 0.76012343168258667
vt 0.32530605792999268 0.76012343168258667
vt 0.32530605792999268 0.77169835567474365
vt 0.30398297309875488 0.77169835567474365
vt 0.28265988826751709 0.77169835567474365
vt 0.28265988826751709 0.79984891414642334
vt 0.28265988826751709 0.82799947261810303
vt 0.33417198061943054 0.82799947261810303
vt 0.38568404316902161 0.82799947261810303
vt 0.38568404316902161 0.79996126890182495
vt 0.38568404316902161 0.77192306518554688
vt 0.37131902575492859 0.77192306518554688
vt 0.35695400834083557 0.77192306518554688
vt 0.35695400834083557 0.76034820079803467
vt 0.35886186361312866 0.76034820079803467
vt 0.36270740628242493 0.76598876714706421
vt 0.35984990000724792 0.76598876714706421
vt 0.36270740628242493 0.76168429851531982
vt 0.35984990000724792 0.76168429851531982
vt 0.35886186361312866 0.75810068845748901
vt 0.37939935922622681 0.75810068845748901
vt 0.39993685483932495 0.75810068845748901
vt 0.39993685483932495 0.79529762268066406
vt 0.39993685483932495 0.83249455690383911
vt 0.44186356663703918 0.83249455690383911
vt 0.48379030823707581 0.83249455690383911
vt 0.52571702003479004 0.83249455690383911
vt 0.52571702003479004 0.82377028465270996
vt 0.5607268214225769 0.82377028465270996
vt 0.59573662281036377 0.82377028465270996
vt 0.59573662281036377 0.81113308668136597
vt 0.59573662281036377 0.79849594831466675
vt 0.59573662281036377 0.78585875034332275
vt 0.59573662281036377 0.77322155237197876
vt 0.59573662281036377 0.76058441400527954
vt 0.59573662281036377 0.74794721603393555
vt 0.59573662281036377 0.73531007766723633
vt 0.59573662281036377 0.72267287969589233
vt 0.59573662281036377 0.71003574132919312
vt 0.59573662281036377 0.69739854335784912
vt 0.54696100950241089 0.69739854335784912
vt 0.4981854259967804 0.69739854335784912
vt 0.44940981268882751 0.69739854335784912
vt 0.44940981268882751 0.65943759679794312
vt 0.44940981268882751 0.62147670984268188
vt 0.45395499467849731 0.62147670984268188
vt 0.45395499467849731 0.65693122148513794
vt 0.45395499467849731 0.69238573312759399
vt 0.50116431713104248 0.69238573312759399
vt 0.54837363958358765 0.69238573312759399
vt 0.59558290243148804 0.69238573312759399
vt 0.59558290243148804 0.68143492937088013
vt 0.59558290243148804 0.67464834451675415
vt 0.59558290243148804 0.66786181926727295
vt 0.59558290243148804 0.66107523441314697
vt 0.59558290243148804 0.65428858995437622
vt 0.59558290243148804 0.64750200510025024
vt 0.59558290243148804 0.64071547985076904
vt 0.59558290243148804 0.63392889499664307
vt 0.59558290243148804 0.62714231014251709
vt 0.59558290243148804 0.62035572528839111
vt 0.59558290243148804 0.61356914043426514
vt 0.59558290243148804 0.60678255558013916
vt 0.59558290243148804 0.59999597072601318
vt 0.59558290243148804 0.58653843402862549
vt 0.59558290243148804 0.57308089733123779
vt 0.54837965965270996 0.57308089733123779
vt 0.50117647647857666 0.57308089733123779
vt 0.45397323369979858 0.57308089733123779
vt 0.45397323369979858 0.57773679494857788
vt 0.44955971837043762 0.57773679494857788
vt 0.44955971837043762 0.56417989730834961
vt 0.45397323369979858 0.56417989730834961
vt 0.45397323369979858 0.56812155246734619
vt 0.50117707252502441 0.56812155246734619
vt 0.54838097095489502 0.56812155246734619
vt 0.59558480978012085 0.56812155246734619
vt 0.59558480978012085 0.53667151927947998
vt 0.59558480978012085 0.50522154569625854
vt 0.59558480978012085 0.49847427010536194
vt 0.59558480978012085 0.49172699451446533
vt 0.59558480978012085 0.48497968912124634
vt 0.59558480978012085 0.47823241353034973
vt 0.59558480978012085 0.47148513793945313
vt 0.59558480978012085 0.46473786234855652
vt 0.59558480978012085 0.45799055695533752
vt 0.59558480978012085 0.45124328136444092
vt 0.59558480978012085 0.44660097360610962
vt 0.54837912321090698 0.44660097360610962
vt 0.50117349624633789 0.44660097360610962
vt 0.45396780967712402 0.44660097360610962
vt 0.45396780967712402 0.48462632298469543
vt 0.45396780967712402 0.52265167236328125
vt 0.44911080598831177 0.52265167236328125
vt 0.44911080598831177 0.48226317763328552
vt 0.44911080598831177 0.44187471270561218
vt 0.49788424372673035 0.44187471270561218
vt 0.54665768146514893 0.44187471270561218
vt 0.59543108940124512 0.44187471270561218
vt 0.59543108940124512 0.43055492639541626
vt 0.59543108940124512 0.42379951477050781
vt 0.59543108940124512 0.41704410314559937
vt 0.59543108940124512 0.41028869152069092
vt 0.59543108940124512 0.40353327989578247
vt 0.59543108940124512 0.39677789807319641
vt 0.59543108940124512 0.39002248644828796
vt 0.59543108940124512 0.38326707482337952
vt 0.59543108940124512 0.37651166319847107
vt 0.59543108940124512 0.36975625157356262
vt 0.59543108940124512 0.36300083994865417
vt 0.59543108940124512 0.35624542832374573
vt 0.59543108940124512 0.34949001669883728
vt 0.59543108940124512 0.34273460507392883
vt 0.59543108940124512 0.33597919344902039
vt 0.59543108940124512 0.32241636514663696
vt 0.54895097017288208 0.32241636514663696
vt 0.50247079133987427 0.32241636514663696
vt 0.45599067211151123 0.32241636514663696
vt 0.40951055288314819 0.32241636514663696
vt 0.36303040385246277 0.32241636514663696
vt 0.31655025482177734 0.32241636514663696
vt 0.31655025482177734 0.34104660153388977
vt 0.31655025482177734 0.35967680811882019
vt 0.31655025482177734 0.36568117141723633
vt 0.31655025482177734 0.37168553471565247
vt 0.31655025482177734 0.3776898980140686
vt 0.31655025482177734 0.38369426131248474
vt 0.31655025482177734 0.38969862461090088
vt 0.31655025482177734 0.39570298790931702
vt 0.31655025482177734 0.4098002016544342
vt 0.31655025482177734 0.423897385597229
vt 0.35571372509002686 0.423897385597229
vt 0.39487719535827637 0.423897385597229
vt 0.39487719535827637 0.41144511103630066
vt 0.39487719535827637 0.39899283647537231
vt 0.39981517195701599 0.39899283647537231
vt 0.39981517195701599 0.4326498806476593
vt 0.39981517195701599 0.46630692481994629
vt 0.39487719535827637 0.46630692481994629
vt 0.39487719535827637 0.44758307933807373
vt 0.39487719535827637 0.42885923385620117
vt 0.35568293929100037 0.42885923385620117
vt 0.31648865342140198 0.42885923385620117
vt 0.31648865342140198 0.43085408210754395
vt 0.036483176052570343 0.074439637362957001
vt 0.036483176052570343 0.079390063881874084
vt 0.00048668766976334155 0.079390063881874084
vt 0.00036121960147283971 0.074439637362957001
vt 0.024484347552061081 0.079390063881874084
vt 0.012485518120229244 0.079390063881874084
vt 0.012401873245835304 0.074439637362957001
vt 0.024442525580525398 0.074439637362957001
vt 0.014055372215807438 0.5470738410949707
vt 0.014055372215807438 0.56317907571792603
vt 0.019005795940756798 0.5470738410949707
vt 0.019005795940756798 0.56317907571792603
vt 0.014055372215807438 0.55512642860412598
vt 0.019005795940756798 0.55512642860412598
vt 0.12963478267192841 0.18946970999240875
vt 0.11352954059839249 0.18946970999240875
vt 0.12963478267192841 0.19442172348499298
vt 0.11352954059839249 0.19442172348499298
vt 0.1242663636803627 0.19442172348499298
vt 0.11889795213937759 0.19442172348499298
vt 0.11889795213937759 0.18946970999240875
vt 0.1242663636803627 0.18946970999240875
vt 0.28137961030006409 0.065198734402656555
vt 0.27642917633056641 0.065198734402656555
vt 0.27642917633056641 0.02920224517583847
vt 0.28137961030006409 0.029076777398586273
vt 0.27642917633056641 0.053199905902147293
vt 0.27642917633056641 0.041201073676347733
vt 0.28137961030006409 0.03509710356593132
vt 0.28137961030006409 0.041117429733276367
vt 0.28137961030006409 0.047137755900621414
vt 0.28137961030006409 0.053158082067966461
vt 0.28137961030006409 0.059178408235311508
vt 0 0.065363653004169464
vt 0 0.067029714584350586
vt 0.036121957004070282 0.065363653004169464
vt 0.036121957004070282 0.067029714584350586
vt 0.030101630836725235 0.067029714584350586
vt 0.024081306532025337 0.067029714584350586
vt 0.018060978502035141 0.067029714584350586
vt 0.012040653266012669 0.067029714584350586
vt 0.0060203266330063343 0.067029714584350586
vt 0.0060203266330063343 0.065363653004169464
vt 0.012040653266012669 0.065363653004169464
vt 0.018060978502035141 0.065363653004169464
vt 0.024081306532025337 0.065363653004169464
vt 0.030101630836725235 0.065363653004169464
vt 0.1715332418680191 0.58011174201965332
vt 0.17739419639110565 0.58005720376968384
vt 0.17739419639110565 0.6748843789100647
vt 0.1715332418680191 0.67487245798110962
vt 0.1715332418680191 0.65118229389190674
vt 0.1715332418680191 0.62749212980270386
vt 0.1715332418680191 0.6038019061088562
vt 0.17739419639110565 0.60376399755477905
vt 0.17739419639110565 0.62747079133987427
vt 0.17739419639110565 0.65117758512496948
vt 0.092157125473022461 0.18946970999240875
vt 0.092157125473022461 0.20557494461536407
vt 0.099454410374164581 0.18946970999240875
vt 0.099454410374164581 0.20557494461536407
vt 0.099454410374164581 0.19752232730388641
vt 0.092157125473022461 0.19752232730388641
vt 0.14790500700473785 0.19952741265296936
vt 0.14790500700473785 0.21563264727592468
vt 0.15520209074020386 0.19952741265296936
vt 0.15520209074020386 0.21563264727592468
vt 0.14790500700473785 0.20758002996444702
vt 0.15520209074020386 0.20758002996444702
vt 0.16409021615982056 0.58011174201965332
vt 0.1699511855840683 0.58005720376968384
vt 0.1699511855840683 0.6748843789100647
vt 0.16409021615982056 0.67487245798110962
vt 0.16409021615982056 0.66810381412506104
vt 0.16409021615982056 0.66133522987365723
vt 0.16409021615982056 0.65456658601760864
vt 0.16409021615982056 0.64779794216156006
vt 0.16409021615982056 0.64102935791015625
vt 0.16409021615982056 0.63426071405410767
vt 0.16409021615982056 0.62749212980270386
vt 0.16409021615982056 0.62072348594665527
vt 0.16409021615982056 0.61395484209060669
vt 0.16409021615982056 0.60718625783920288
vt 0.16409021615982056 0.6004176139831543
vt 0.16409021615982056 0.59364897012710571
vt 0.16409021615982056 0.5868803858757019
vt 0.1699511855840683 0.58683055639266968
vt 0.1699511855840683 0.59360390901565552
vt 0.1699511855840683 0.60037732124328613
vt 0.1699511855840683 0.60715067386627197
vt 0.1699511855840683 0.61392402648925781
vt 0.1699511855840683 0.62069743871688843
vt 0.1699511855840683 0.62747079133987427
vt 0.1699511855840683 0.63424414396286011
vt 0.1699511855840683 0.64101749658584595
vt 0.1699511855840683 0.64779090881347656
vt 0.1699511855840683 0.6545642614364624
vt 0.1699511855840683 0.66133761405944824
vt 0.1699511855840683 0.66811102628707886
vt 0.15960809588432312 0.24994771182537079
vt 0.25436881184577942 0.24994771182537079
vt 0.25436881184577942 0.26105478405952454
vt 0.19119499623775482 0.24994771182537079
vt 0.22278191149234772 0.24994771182537079
vt 0.23067863285541534 0.26105478405952454
vt 0.20698845386505127 0.26105478405952454
vt 0.18329827487468719 0.26105478405952454
vt 0.15960809588432312 0.26105478405952454
vt 0.11640892922878265 0
vt 0.11640892922878265 0.094827182590961456
vt 0.1053018718957901 0.094827182590961456
vt 0.11640892922878265 0.031609062105417252
vt 0.11640892922878265 0.063218124210834503
vt 0.1053018718957901 0.071120388805866241
vt 0.1053018718957901 0.047413591295480728
vt 0.1053018718957901 0.023706795647740364
vt 0.1053018718957901 0
vt 0.14554089307785034 0.081406779587268829
vt 0.14545106887817383 0.074264034628868103
vt 0.19957283139228821 0.074264034628868103
vt 0.19957283139228821 0.081406779587268829
vt 0.18156218528747559 0.081406779587268829
vt 0.16355153918266296 0.081406779587268829
vt 0.16349165141582489 0.074264034628868103
vt 0.18153224885463715 0.074264034628868103
vt 0.11352954059839249 0.19952741265296936
vt 0.11352954059839249 0.21563264727592468
vt 0.12067285180091858 0.19952741265296936
vt 0.12067285180091858 0.21563264727592468
vt 0.12067285180091858 0.20758002996444702
vt 0.11352954059839249 0.20758002996444702
vt 0.26399582624435425 0.0050563104450702667
vt 0.24789059162139893 0.0050563104450702667
vt 0.26399582624435425 0.012199058197438717
vt 0.24789059162139893 0.012199058197438717
vt 0.25594320893287659 0.0050563104450702667
vt 0.25594320893287659 0.012199058197438717
vt 0.16023914515972137 0.24784077703952789
vt 0.16014932096004486 0.24069802463054657
vt 0.21427108347415924 0.24069802463054657
vt 0.21427108347415924 0.24784077703952789
vt 0.19626043736934662 0.24784077703952789
vt 0.178249791264534 0.24784077703952789
vt 0.16691453754901886 0.24069802463054657
vt 0.17367976903915405 0.24069802463054657
vt 0.18044498562812805 0.24069802463054657
vt 0.18721020221710205 0.24069802463054657
vt 0.19397541880607605 0.24069802463054657
vt 0.20074065029621124 0.24069802463054657
vt 0.20750586688518524 0.24069802463054657
vt 0.16368328034877777 0.34474217891693115
vt 0.13515324890613556 0.34474217891693115
vt 0.16368328034877777 0.39893943071365356
vt 0.13515324890613556 0.39893943071365356
vt 0.16368328034877777 0.37184080481529236
vt 0.13679921627044678 0.39893943071365356
vt 0.14941826462745667 0.34474217891693115
vt 0.13515324890613556 0.37184080481529236
vt 0.1527101993560791 0.39893943071365356
vt 0.1527101993560791 0.38092878460884094
vt 0.1527101993560791 0.36291813850402832
vt 0.1527101993560791 0.3449074923992157
vt 0.14475470781326294 0.3449074923992157
vt 0.13679921627044678 0.3449074923992157
vt 0.13679921627044678 0.36291813850402832
vt 0.13679921627044678 0.38092878460884094
vt 0.20521464943885803 0.30110460519790649
vt 0.20521464943885803 0.35522636771202087
vt 0.19514299929141998 0.35522636771202087
vt 0.20521464943885803 0.32816550135612488
vt 0.19514299929141998 0.33718577027320862
vt 0.19514299929141998 0.31914520263671875
vt 0.2001788318157196 0.32816550135612488
vt 0.19514299929141998 0.30110460519790649
vt 0.2001788318157196 0.30110460519790649
vt 0.1976609081029892 0.32816550135612488
vt 0.2001788318157196 0.31463503837585449
vt 0.1976609081029892 0.31463503837585449
vt 0.20269674062728882 0.32816550135612488
vt 0.20269674062728882 0.31463503837585449
vt 0.049003727734088898 0.68287205696105957
vt 0.048878755420446396 0.67572742700576782
vt 0.13053424656391144 0.67572742700576782
vt 0.13053424656391144 0.68287205696105957
vt 0.11052864789962769 0.67929971218109131
vt 0.13035595417022705 0.68287205696105957
vt 0.1032385528087616 0.68287205696105957
vt 0.076121136546134949 0.68287205696105957
vt 0.11052864789962769 0.68112164735794067
vt 0.12093972414731979 0.67929971218109131
vt 0.12093972414731979 0.68112164735794067
vt 0.12093972414731979 0.68203258514404297
vt 0.12614525854587555 0.68112164735794067
vt 0.12614525854587555 0.68203258514404297
vt 0.12614525854587555 0.68248802423477173
vt 0.12874802947044373 0.68203258514404297
vt 0.12874802947044373 0.68248802423477173
vt 0.12874802947044373 0.6827157735824585
vt 0.13004940748214722 0.68248802423477173
vt 0.13004940748214722 0.6827157735824585
vt 0.076097249984741211 0.67572742700576782
vt 0.10331574827432632 0.67572742700576782
vt 0.13644462823867798 0.19952741265296936
vt 0.13644462823867798 0.21563264727592468
vt 0.14359037578105927 0.19952741265296936
vt 0.14359037578105927 0.21563264727592468
vt 0.14359037578105927 0.20758002996444702
vt 0.13644462823867798 0.20758002996444702
vt 0.12498600780963898 0.19952741265296936
vt 0.12498600780963898 0.21563264727592468
vt 0.13213066756725311 0.19952741265296936
vt 0.13213066756725311 0.21563264727592468
vt 0.12498600780963898 0.20758002996444702
vt 0.13213066756725311 0.20758002996444702
vt 0.049003727734088898 0.6673542857170105
vt 0.048878755420446396 0.66020965576171875
vt 0.13053424656391144 0.66020965576171875
vt 0.13053424656391144 0.6673542857170105
vt 0.11052864789962769 0.66378194093704224
vt 0.13035595417022705 0.6673542857170105
vt 0.12357660382986069 0.6673542857170105
vt 0.11679725348949432 0.6673542857170105
vt 0.11001790314912796 0.6673542857170105
vt 0.1032385528087616 0.6673542857170105
vt 0.096459195017814636 0.6673542857170105
vt 0.089679844677448273 0.6673542857170105
vt 0.082900494337081909 0.6673542857170105
vt 0.076121136546134949 0.6673542857170105
vt 0.069341786205768585 0.6673542857170105
vt 0.062562428414821625 0.6673542857170105
vt 0.055783078074455261 0.6673542857170105
vt 0.11052864789962769 0.66560381650924683
vt 0.12093972414731979 0.66378194093704224
vt 0.12093972414731979 0.66560381650924683
vt 0.12093972414731979 0.6665148138999939
vt 0.12614525854587555 0.66560381650924683
vt 0.12614525854587555 0.6665148138999939
vt 0.12614525854587555 0.66697025299072266
vt 0.12874802947044373 0.6665148138999939
vt 0.12874802947044373 0.66697025299072266
vt 0.12874802947044373 0.66719800233840942
vt 0.13004940748214722 0.66697025299072266
vt 0.13004940748214722 0.66719800233840942
vt 0.055683381855487823 0.66020965576171875
vt 0.062488004565238953 0.66020965576171875
vt 0.069292627274990082 0.66020965576171875
vt 0.076097249984741211 0.66020965576171875
vt 0.08290187269449234 0.66020965576171875
vt 0.089706502854824066 0.66020965576171875
vt 0.096511125564575195 0.66020965576171875
vt 0.10331574827432632 0.66020965576171875
vt 0.11012037098407745 0.66020965576171875
vt 0.11692499369382858 0.66020965576171875
vt 0.12372961640357971 0.66020965576171875
vt 0.07680094987154007 0.048042722046375275
vt 0.07680094987154007 0.12939494848251343
vt 0.065693892538547516 0.12939494848251343
vt 0.07680094987154007 0.075160130858421326
vt 0.07680094987154007 0.10227754712104797
vt 0.065693892538547516 0.10227754712104797
vt 0.065693892538547516 0.075160130858421326
vt 0.065693892538547516 0.048042722046375275
vt 0.2252785712480545 0
vt 0.19640021026134491 0
vt 0.2252785712480545 0.034253571182489395
vt 0.19640021026134491 0.034253571182489395
vt 0.2252785712480545 0.017126785591244698
vt 0.19806627929210663 0.034253571182489395
vt 0.21083939075469971 0.017126785591244698
vt 0.20361980795860291 0.017126785591244698
vt 0.21083939075469971 0.025690179318189621
vt 0.20361980795860291 0.025690179318189621
vt 0.2000100165605545 0.025690179318189621
vt 0.20361980795860291 0.029971875250339508
vt 0.2000100165605545 0.029971875250339508
vt 0.19640021026134491 0.017126785591244698
vt 0.19806627929210663 0
vt 0.21083939075469971 0.0085633927956223488
vt 0.20361980795860291 0.0085633927956223488
vt 0.2000100165605545 0.0085633927956223488
vt 0.20361980795860291 0.0042816963978111744
vt 0.2000100165605545 0.0042816963978111744
vt 0.21417151391506195 0.034253571182489395
vt 0.21417151391506195 0.034075289964675903
vt 0.2180589884519577 0.017126785591244698
vt 0.2180589884519577 0.025690179318189621
vt 0.21083939075469971 0.029971875250339508
vt 0.21444918215274811 0.025690179318189621
vt 0.2180589884519577 0.029971875250339508
vt 0.21444918215274811 0.029971875250339508
vt 0.21083939075469971 0.032112725079059601
vt 0.2126442939043045 0.029971875250339508
vt 0.21444918215274811 0.032112725079059601
vt 0.2126442939043045 0.032112725079059601
vt 0.20722959935665131 0.025690179318189621
vt 0.20722959935665131 0.029971875250339508
vt 0.2126442939043045 0.033183146268129349
vt 0.21354673802852631 0.032112725079059601
vt 0.21444918215274811 0.033183146268129349
vt 0.21354673802852631 0.033183146268129349
vt 0.21625408530235291 0.029971875250339508
vt 0.2180589884519577 0.032112725079059601
vt 0.21625408530235291 0.032112725079059601
vt 0.2216687798500061 0.025690179318189621
vt 0.2216687798500061 0.029971875250339508
vt 0.21354673802852631 0.033718358725309372
vt 0.21399796009063721 0.033183146268129349
vt 0.21444918215274811 0.033718358725309372
vt 0.21399796009063721 0.033718358725309372
vt 0.2153516411781311 0.032112725079059601
vt 0.21625408530235291 0.033183146268129349
vt 0.2153516411781311 0.033183146268129349
vt 0.20611889660358429 0.034075289964675903
vt 0.19806627929210663 0.034075289964675903
vt 0.19820511341094971 0.029971875250339508
vt 0.2000100165605545 0.032112725079059601
vt 0.19820511341094971 0.032112725079059601
vt 0.19730266928672791 0.032112725079059601
vt 0.19820511341094971 0.033183146268129349
vt 0.19730266928672791 0.033183146268129349
vt 0.19730266928672791 0.033718358725309372
vt 0.19775389134883881 0.033183146268129349
vt 0.19820511341094971 0.033718358725309372
vt 0.19775389134883881 0.033718358725309372
vt 0.19910755753517151 0.032112725079059601
vt 0.2000100165605545 0.033183146268129349
vt 0.19910755753517151 0.033183146268129349
vt 0.20181490480899811 0.029971875250339508
vt 0.20361980795860291 0.032112725079059601
vt 0.20181490480899811 0.032112725079059601
vt 0.21417151391506195 0
vt 0.20611889660358429 0
vt 0.09660494327545166 0.048042722046375275
vt 0.09660494327545166 0.12969820201396942
vt 0.08549787849187851 0.12969820201396942
vt 0.09660494327545166 0.075261220335960388
vt 0.09660494327545166 0.1024797111749649
vt 0.08549787849187851 0.1024797111749649
vt 0.08549787849187851 0.075261220335960388
vt 0.08549787849187851 0.048042722046375275
vt 0.29816588759422302 0.029664291068911552
vt 0.30515623092651367 0.029664291068911552
vt 0.30515623092651367 0.1244143545627594
vt 0.29816588759422302 0.12453766912221909
vt 0.29816588759422302 0.10081932693719864
vt 0.29816588759422302 0.077100977301597595
vt 0.29816588759422302 0.053382635116577148
vt 0.30515623092651367 0.043200016021728516
vt 0.30515623092651367 0.05673573911190033
vt 0.30515623092651367 0.070271462202072144
vt 0.30515623092651367 0.083807185292243958
vt 0.30515623092651367 0.097342908382415771
vt 0.30515623092651367 0.11087863147258759
vt 0.0070282327942550182 0.5470738410949707
vt 0.0070282327942550182 0.56317907571792603
vt 0.014018579386174679 0.5470738410949707
vt 0.014018579386174679 0.56317907571792603
vt 0.0070282327942550182 0.55512642860412598
vt 0.014018579386174679 0.55512642860412598
vt 0 0.5470738410949707
vt 0 0.56317907571792603
vt 0.0069914348423480988 0.5470738410949707
vt 0.0069914348423480988 0.56317907571792603
vt 0.0069914348423480988 0.55512642860412598
vt 0 0.55512642860412598
vt 0.28545278310775757 0.029664291068911552
vt 0.29244312644004822 0.029664291068911552
vt 0.29244312644004822 0.1244143545627594
vt 0.28545278310775757 0.12453766912221909
vt 0.28545278310775757 0.11776100099086761
vt 0.28545278310775757 0.11098432540893555
vt 0.28545278310775757 0.10420765727758408
vt 0.28545278310775757 0.097430989146232605
vt 0.28545278310775757 0.090654321014881134
vt 0.28545278310775757 0.083877652883529663
vt 0.28545278310775757 0.077100977301597595
vt 0.28545278310775757 0.070324309170246124
vt 0.28545278310775757 0.063547641038894653
vt 0.28545278310775757 0.056770972907543182
vt 0.28545278310775757 0.049994301050901413
vt 0.28545278310775757 0.043217632919549942
vt 0.28545278310775757 0.036440961062908173
vt 0.29244312644004822 0.043200016021728516
vt 0.29244312644004822 0.05673573911190033
vt 0.29244312644004822 0.070271462202072144
vt 0.29244312644004822 0.083807185292243958
vt 0.29244312644004822 0.097342908382415771
vt 0.29244312644004822 0.11087863147258759
vt 0.13621291518211365 0
vt 0.13621291518211365 0.094873376190662384
vt 0.12510585784912109 0.094873376190662384
vt 0.13621291518211365 0.031624462455511093
vt 0.13621291518211365 0.063248924911022186
vt 0.12510585784912109 0.071155034005641937
vt 0.12510585784912109 0.047436688095331192
vt 0.12510585784912109 0.023718344047665596
vt 0.12510585784912109 0
vn 0 -1 0
vn 0 -1 0
vn 0 -1 0
vn 0 -1 0
vn 0 -1 0
vn 0 -1 0
vn 0 -1 0
vn 0 -1 0
vn 0 -1 0
vn 0 -1 0
vn 0 -1 0
vn 0 -1 0
vn 0 -1 0
vn 0 -1 0
vn 0 -1 0
vn 0 -1 0
vn 0 -1 0
vn 0 -1 0
vn 0 -1 0
vn 0 -1 0
vn 0 -1 0
vn 0 -1 0
vn 0 -1 0
vn 0 -1 0
vn 0 -1 0
vn 0 -1 0
vn 0 -1 0
vn 0 -1 0
vn 0 -1 0
vn 0 -1 0
vn 0 -1 0
vn 0 -1 0
vn 0 -1 0
vn 0 -1 0
vn 0 -1 0
vn 0 -1 0
vn 0 -1 0
vn 0 -1 0
vn 0 -1 0
vn 0 -1 0
vn 0 -1 0
vn 0 -1 0
vn 0 -1 0
vn 0 -1 0
vn 0 -1 0
vn 0 -1 0
vn 0 -1 0
vn 0 -1 0
vn 0 -1 0
vn 0 -1 0
vn 0 -1 0
vn 0 -1 0
vn 0 -1 0
vn 0 -1 0
vn 0 -1 0
vn 0 -1 0
vn 0 -1 0
vn 0 -1 0
vn 0 -1 0
vn 0 -1 0
vn 0 -1 0
vn 0 -1 0
vn 0 -1 0
vn 0 -1 0
vn 0 -1 0
vn 0 -1 0
vn 0 -1 0
vn 0 -1 0
vn 0 -1 0
vn 0 -1 0
vn 0 -1 0
vn 0 -1 0
vn 0 -1 0
vn 0 -1 0
vn 0 -1 0
vn 0 -1 0
vn 0 -1 0
vn 0 -1 0
vn 0 -1 0
vn 0 -1 0
vn 0 -1 0
vn 0 -1 0
vn 0 -1 0
vn 0 -1 0
vn 0 -1 0
vn 0 -1 0
vn 0 -1 0
vn 0 -1 0
vn 0 -1 0
vn 0 -1 0
vn 0 -1 0
vn 0 -1 0
vn 0 -1 0
vn 0 -1 0
vn 0 -1 0
vn 0 -1 0
vn 0 -1 0
vn 0 -1 0
vn 0 -1 0
vn 0 -1 0
vn 0 -1 0
vn 0 -1 0
vn 0 -1 0
vn 0 -1 0
vn 0 -1 0
vn 0 -1 0
vn 0 -1 0
vn 0 -1 0
vn 0 -1 0
vn 0 -1 0
vn 0 -1 0
vn 0 -1 0
vn 0 -1 0
vn 0 -1 0
vn 0 -1 0
vn 0 -1 0
vn 0 -1 0
vn 0 -1 0
vn 0 -1 0
vn 0 -1 0
vn 0 -1 0
vn 0 -1 0
vn 0 -1 0
vn 0 -1 0
vn 0 -1 0
vn 0 -1 0
vn 0 -1 0
vn 0 -1 0
vn 0 -1 0
vn 0 -1 0
vn 0 -1 0
vn 0 -1 0
vn 0 -1 0
vn 0 -1 0
vn 0 -1 0
vn 0 -1 0
vn 0 -1 0
vn 0 -1 0
vn 0 -1 0
vn 0 -1 0
vn 0 -1 0
vn 0 -1 0
vn 0 -1 0
vn 0 -1 0
vn 0 -1 0
vn 0 -1 0
vn 0 -1 0
vn 0 -1 0
vn 0 -1 0
vn 0 -1 0
vn 0 -1 0
vn 0 -1 0
vn 0 -1 0
vn 0 -1 0
vn 0 -1 0
vn 0 -1 0
vn 0 -1 0
vn 0 -1 0
vn 0 -1 0
vn 0 -1 0
vn 0 -1 0
vn 0 -1 0
vn 0 -1 0
vn 0 -1 0
vn 0 -1 0
vn 0 -1 0
vn 0 -1 0
vn 0 -1 0
vn 0 -1 0
vn 0 -1 0
vn 0 -1 0
vn 0 -1 0
vn 0 -1 0
vn 0 -1 0
vn 0 -1 0
vn 0 -1 0
vn 0 -1 0
vn 0 -1 0
vn 0 -1 0
vn 0 -1 0
vn 0 -1 0
vn 0 -1 0
vn 0 -1 0
vn 0 -1 0
vn 0 -1 0
vn 0 -1 0
vn 0 -1 0
vn 0 0 1
vn 0 0 1
vn 0 0 1
vn 0 0 1
vn 0 0 1
vn 0 0 1
vn 0 0 1
vn 0 0 1
vn 0 0 1
vn 0 0 1
vn 0 0 1
vn 0 0 1
vn 0 0 1
vn 0 0 1
vn 0 0 1
vn 0 0 1
vn 0 0 1
vn 0 0 1
vn 0 0 1
vn 0 0 1
vn 0 0 1
vn 0 0 1
vn 0 0 1
vn 0 0 1
vn 0 0 1
vn 0 0 1
vn 0 0 1
vn 0 0 1
vn 0 0 1
vn 0 0 1
vn 0 0 1
vn 0 0 1
vn 0 0 1
vn 0 0 1
vn 0 0 1
vn 0 0 1
vn 0 0 1
vn 0 0 1
vn 0 0 1
vn 0 0 1
vn 0 0 1
vn 0 0 1
vn 0 0 1
vn 0 0 1
vn 0 0 1
vn 0 0 1
vn 0 0 1
vn 0 0 1
vn 0 0 1
vn 0 0 1
vn 0 0 1
vn 0 0 1
vn 0 0 1
vn 0 0 1
vn 0 0 1
vn 0 0 1
vn 0 0 1
vn 0 0 1
vn 0 0 1
vn 0 0 1
vn -1 0 0
vn -1 0 0
vn -1 0 0
vn -1 0 0
vn -1 0 0
vn -1 0 0
vn -1 0 0
vn -1 0 0
vn -1 0 0
vn -1 0 0
vn -1 0 0
vn -1 0 0
vn -1 0 0
vn -1 0 0
vn -1 0 0
vn -1 0 0
vn -1 0 0
vn -1 0 0
vn -1 0 0
vn -1 0 0
vn -1 0 0
vn -1 0 0
vn -1 0 0
vn -1 0 0
vn -1 0 0
vn -1 0 0
vn -1 0 0
vn -1 0 0
vn -1 0 0
vn 0 0 -1
vn 0 0 -1
vn 0 0 -1
vn 0 0 -1
vn 0 0 -1
vn 0 0 -1
vn 1 0 0
vn 1 0 0
vn 1 0 0
vn 1 0 0
vn 1 0 0
vn 1 0 0
vn 0 0 -1
vn 0 0 -1
vn 0 0 -1
vn 0 0 -1
vn 0 0 -1
vn 0 0 -1
vn 0 0 -1
vn 0 0 -1
vn 0 0 -1
vn 0 0 -1
vn 0 0 -1
vn 0 0 -1
vn 0 0 -1
vn 0 0 -1
vn 0 0 -1
vn 0 0 -1
vn 0 0 -1
vn 0 0 -1
vn 0 0 -1
vn 0 0 -1
vn 0 0 -1
vn 0 0 -1
vn 0 0 -1
vn 0 0 -1
vn 0 0 -1
vn 0 0 -1
vn 0 0 -1
vn 0 0 -1
vn 0 0 -1
vn 0 0 -1
vn 0 0 -1
vn 0 0 -1
vn 0 0 -1
vn 0 0 -1
vn 0 0 -1
vn 0 0 -1
vn 0 0 -1
vn 0 0 -1
vn 0 0 -1
vn 0 0 -1
vn 0 0 -1
vn 0 0 -1
vn 0 0 -1
vn 0 0 -1
vn 0 0 -1
vn 0 0 -1
vn 0 0 -1
vn 0 0 -1
vn 0 0 -1
vn 0 0 -1
vn 0 0 -1
vn 0 0 -1
vn 0 0 -1
vn 0 0 -1
vn 0 0 -1
vn 0 0 -1
vn 0 0 -1
vn 0 0 -1
vn 0 0 -1
vn 0 0 -1
vn 0 0 -1
vn 0 0 -1
vn 0 0 -1
vn 0 0 -1
vn 0 0 -1
vn 0 0 -1
vn 0 0 -1
vn 0 0 -1
vn 0 0 -1
vn 0 0 -1
vn 0 0 -1
vn 0 0 -1
vn 0 0 -1
vn -1 0 0
vn -1 0 0
vn -1 0 0
vn -1 0 0
vn -1 0 0
vn -1 0 0
vn -1 0 0
vn -1 0 0
vn 0 0 -1
vn 0 0 -1
vn 0 0 -1
vn 0 0 -1
vn 0 0 -1
vn 0 0 -1
vn 0 0 -1
vn 0 0 -1
vn 1 0 0
vn 1 0 0
vn 1 0 0
vn 1 0 0
vn 1 0 0
vn 1 0 0
vn 1 0 0
vn 1 0 0
vn 0 0 -1
vn 0 0 -1
vn 0 0 -1
vn 0 0 -1
vn 0 0 -1
vn 0 0 -1
vn 0 0 -1
vn 0 0 -1
vn 0 0 -1
vn 0 0 -1
vn 0 0 -1
vn 0 0 -1
vn 0 0 -1
vn 0 0 -1
vn 0 0 -1
vn 0 0 -1
vn 0 0 -1
vn 0 0 -1
vn 0 0 -1
vn 0 0 -1
vn 0 0 -1
vn 0 0 -1
vn 0 0 -1
vn 0 0 -1
vn 0 0 -1
vn 0 0 -1
vn 0 0 -1
vn 0 0 -1
vn 0 0 -1
vn 0 0 -1
vn 0 0 -1
vn 0 0 -1
vn 0 0 -1
vn 0 0 -1
vn 0 0 -1
vn 0 0 -1
vn 0 0 -1
vn 0 0 -1
vn 0 0 -1
vn 0 0 -1
vn 0 0 -1
vn 0 0 -1
vn 0 0 -1
vn 0 0 -1
vn 0 0 -1
vn 0 0 -1
vn 0 0 -1
vn 0 0 -1
vn 0 0 -1
vn 0 0 -1
vn 0 0 -1
vn 0 0 -1
vn 0 0 -1
vn 0 0 -1
vn 0 0 -1
vn 0 0 -1
vn 0 0 -1
vn 0 0 -1
vn 0 0 -1
vn 0 0 -1
vn 0 0 -1
vn 0 0 -1
vn 0 0 -1
vn 0 0 -1
vn 0 0 -1
vn 0 0 -1
vn 0 0 -1
vn 0 0 -1
vn 0 0 -1
vn 0 0 -1
vn 0 0 -1
vn 0 0 -1
vn 0 0 -1
vn 0 0 -1
vn 0 0 -1
vn 0 0 -1
vn 0 0 -1
vn 0 0 -1
vn 0 0 -1
vn 0 0 -1
vn 0 0 -1
vn 0 0 -1
vn 0 0 -1
vn 0 0 -1
vn 0 0 -1
vn 0 0 -1
vn -1 0 0
vn -1 0 0
vn -1 0 0
vn -1 0 0
vn -1 0 0
vn -1 0 0
vn 0 0 -1
vn 0 0 -1
vn 0 0 -1
vn 0 0 -1
vn 0 0 -1
vn 0 0 -1
vn 0 0 -1
vn 0 0 -1
vn 1 0 0
vn 1 0 0
vn 1 0 0
vn 1 0 0
vn 1 0 0
vn 1 0 0
vn 1 0 0
vn 1 0 0
vn 0 0 1
vn 0 0 1
vn 0 0 1
vn 0 0 1
vn 0 0 1
vn 0 0 1
vn 1 0 0
vn 1 0 0
vn 1 0 0
vn 1 0 0
vn 1 0 0
vn 1 0 0
vn 1 0 0
vn 1 0 0
vn 1 0 0
vn 1 0 0
vn 1 0 0
vn 1 0 0
vn 1 0 0
vn 1 0 0
vn 1 0 0
vn 1 0 0
vn 1 0 0
vn 1 0 0
vn 1 0 0
vn 1 0 0
vn 0 0 -1
vn 0 0 -1
vn 0 0 -1
vn 0 0 -1
vn 0 0 -1
vn 0 0 -1
vn 0 0 -1
vn 0 0 -1
vn 1 0 0
vn 1 0 0
vn 1 0 0
vn 1 0 0
vn 1 0 0
vn 1 0 0
vn 1 0 0
vn 1 0 0
vn 1 0 0
vn 1 0 0
vn 1 0 0
vn 1 0 0
vn 1 0 0
vn 1 0 0
vn 1 0 0
vn 1 0 0
vn 0 0 1
vn 0 0 1
vn 0 0 1
vn 0 0 1
vn 0 0 1
vn 0 0 1
vn 0 0 1
vn -1 0 0
vn -1 0 0
vn -1 0 0
vn -1 0 0
vn -1 0 0
vn -1 0 0
vn 0 0 -1
vn 0 0 -1
vn 0 0 -1
vn 0 0 -1
vn 0 0 -1
vn 0 0 -1
vn -1 0 0
vn -1 0 0
vn -1 0 0
vn -1 0 0
vn -1 0 0
vn -1 0 0
vn -1 0 0
vn -1 0 0
vn 0 0 1
vn 0 0 1
vn 0 0 1
vn 0 0 1
vn 0 0 1
vn 0 0 1
vn -1 0 0
vn -1 0 0
vn -1 0 0
vn -1 0 0
vn -1 0 0
vn -1 0 0
vn 0 0 -1
vn 0 0 -1
vn 0 0 -1
vn 0 0 -1
vn 0 0 -1
vn 0 0 -1
vn 0 0 -1
vn 0 0 -1
vn -1 0 0
vn -1 0 0
vn -1 0 0
vn -1 0 0
vn -1 0 0
vn -1 0 0
vn -1 0 0
vn -1 0 0
vn -1 0 0
vn -1 0 0
vn 0 0 -1
vn 0 0 -1
vn 0 0 -1
vn 0 0 -1
vn 0 0 -1
vn 0 0 -1
vn 0 0 -1
vn 0 0 -1
vn 0 0 -1
vn 0 0 -1
vn -1 0 0
vn -1 0 0
vn -1 0 0
vn -1 0 0
vn -1 0 0
vn -1 0 0
vn -1 0 0
vn -1 0 0
vn -1 0 0
vn 0 0 -1
vn 0 0 -1
vn 0 0 -1
vn 0 0 -1
vn 0 0 -1
vn 0 0 -1
vn 0 0 -1
vn 1 0 0
vn 1 0 0
vn 1 0 0
vn 1 0 0
vn 1 0 0
vn 1 0 0
vn 1 0 0
vn 0 0 -1
vn 0 0 -1
vn 0 0 -1
vn 0 0 -1
vn 0 0 -1
vn 0 0 -1
vn -1 0 0
vn -1 0 0
vn -1 0 0
vn -1 0 0
vn -1 0 0
vn -1 0 0
vn 0 0 1
vn 0 0 1
vn 0 0 1
vn 0 0 1
vn 0 0 1
vn 0 0 1
vn 0 0 1
vn 1 0 0
vn 1 0 0
vn 1 0 0
vn 1 0 0
vn 1 0 0
vn 1 0 0
vn 1 0 0
vn 1 0 0
vn 0 0 1
vn 0 0 1
vn 0 0 1
vn 0 0 1
vn 0 0 1
vn 0 0 1
vn 0 0 1
vn 0 0 1
vn -1 0 0
vn -1 0 0
vn -1 0 0
vn -1 0 0
vn -1 0 0
vn -1 0 0
vn -1 0 0
vn -1 0 0
vn -1 0 0
vn -1 0 0
vn 0 0 1
vn 0 0 1
vn 0 0 1
vn 0 0 1
vn 0 0 1
vn 0 0 1
vn 0 0 1
vn 0 0 1
vn 0 0 1
vn 0 0 1
vn -1 0 0
vn -1 0 0
vn -1 0 0
vn -1 0 0
vn -1 0 0
vn -1 0 0
vn -1 0 0
vn -1 0 0
vn -1 0 0
vn 0 0 -1
vn 0 0 -1
vn 0 0 -1
vn 0 0 -1
vn 0 0 -1
vn 0 0 -1
vn -1 0 0
vn -1 0 0
vn -1 0 0
vn -1 0 0
vn -1 0 0
vn -1 0 0
vn -1 0 0
vn -1 0 0
vn -1 0 0
vn -1 0 0
vn -1 0 0
vn -1 0 0
vn -1 0 0
vn -1 0 0
vn -1 0 0
vn 0 0 1
vn 0 0 1
vn 0 0 1
vn 0 0 1
vn 0 0 1
vn 0 0 1
vn -1 0 0
vn -1 0 0
vn -1 0 0
vn -1 0 0
vn -1 0 0
vn -1 0 0
vn -1 0 0
vn -1 0 0
vn -1 0 0
vn 0 0 1
vn 0 0 1
vn 0 0 1
vn 0 0 1
vn 0 0 1
vn 0 0 1
vn 0 0 1
vn 0 0 1
vn 0 0 1
vn 0 0 1
vn 0 0 1
vn 0 0 1
vn 0 0 1
vn 0 0 1
vn 0 0 1
vn 0 0 1
vn 0 0 1
vn 0 0 1
vn 0 0 1
vn 0 0 1
vn 0 0 1
vn 0 0 1
vn 0 0 1
vn 0 0 1
vn 0 0 1
vn 0 0 1
vn 0 0 1
vn 0 0 1
vn 0 0 1
vn 0 0 1
vn 0 0 1
vn 0 0 1
vn 0 0 1
vn 0 0 1
vn 0 0 1
vn 0 0 1
vn 0 0 1
vn 0 0 1
vn 0 0 1
vn 0 0 1
vn 0 0 1
vn 0 0 1
vn 0 0 1
vn 0 0 1
vn 0 0 1
vn 0 0 1
vn 0 0 1
vn 0 0 1
vn 0 0 1
vn 0 0 1
vn 0 0 1
vn 0 0 1
vn 0 0 1
vn 0 0 1
vn 0 0 1
vn 0 0 1
vn 1 0 0
vn 1 0 0
vn 1 0 0
vn 1 0 0
vn 1 0 0
vn 1 0 0
vn 1 0 0
vn 1 0 0
vn 1 0 0
vn 1 0 0
vn 1 0 0
vn 1 0 0
vn 1 0 0
vn 1 0 0
vn 1 0 0
vn 1 0 0
vn 0 0 1
vn 0 0 1
vn 0 0 1
vn 0 0 1
vn 0 0 1
vn 0 0 1
vn 0 0 1
vn 0 0 1
vn -1 0 0
vn -1 0 0
vn -1 0 0
vn -1 0 0
vn -1 0 0
vn -1 0 0
vn -1 0 0
vn -1 0 0
vn 0 0 -1
vn 0 0 -1
vn 0 0 -1
vn 0 0 -1
vn 0 0 -1
vn 0 0 -1
vn 0 0 -1
vn 0 0 -1
vn -1 0 0
vn -1 0 0
vn -1 0 0
vn -1 0 0
vn -1 0 0
vn -1 0 0
vn -1 0 0
vn -1 0 0
vn -1 0 0
vn -1 0 0
vn -1 0 0
vn -1 0 0
vn -1 0 0
vn -1 0 0
vn -1 0 0
vn 0 0 1
vn 0 0 1
vn 0 0 1
vn 0 0 1
vn 0 0 1
vn 0 0 1
vn 0 0 1
vn 0 0 1
vn 0 0 1
vn 0 0 1
vn 0 0 1
vn 0 0 1
vn 0 0 1
vn 0 0 1
vn 0 0 1
vn 0 0 1
vn 0 0 1
vn 0 0 1
vn 0 0 1
vn 0 0 1
vn 0 0 1
vn 0 0 1
vn 0 0 1
vn 0 0 1
vn 0 0 1
vn 0 0 1
vn 0 0 1
vn 0 0 1
vn 0 0 1
vn 0 0 1
vn 0 0 1
vn 0 0 1
vn 0 0 1
vn 0 0 1
vn 0 0 1
vn 0 0 1
vn 0 0 1
vn 0 0 1
vn 0 0 1
vn 0 0 1
vn 0 0 1
vn 0 0 1
vn 0 0 1
vn 0 0 1
vn 0 0 1
vn 0 0 1
vn 0 0 1
vn 0 0 1
vn 0 0 1
vn 0 0 1
vn 0 0 1
vn 0 0 1
vn 0 0 1
vn 0 0 1
vn 0 0 1
vn 0 0 1
vn 0 0 1
vn 0 0 1
vn 1 0 0
vn 1 0 0
vn 1 0 0
vn 1 0 0
vn 1 0 0
vn 1 0 0
vn 1 0 0
vn 1 0 0
vn 1 0 0
vn 1 0 0
vn 1 0 0
vn 1 0 0
vn 1 0 0
vn 1 0 0
vn 1 0 0
vn 1 0 0
vn 1 0 0
vn 1 0 0
vn 1 0 0
vn 1 0 0
vn 0 0 -1
vn 0 0 -1
vn 0 0 -1
vn 0 0 -1
vn 0 0 -1
vn 0 0 -1
vn 0 0 -1
vn 0 0 -1
vn 1 0 0
vn 1 0 0
vn 1 0 0
vn 1 0 0
vn 1 0 0
vn 1 0 0
vn 1 0 0
vn 1 0 0
vn 0 0 1
vn 0 0 1
vn 0 0 1
vn 0 0 1
vn 0 0 1
vn 0 0 1
vn 0 0 1
vn 0 0 1
vn -1 0 0
vn -1 0 0
vn -1 0 0
vn -1 0 0
vn -1 0 0
vn -1 0 0
vn -1 0 0
vn -1 0 0
vn 0 0 -1
vn 0 0 -1
vn 0 0 -1
vn 0 0 -1
vn 0 0 -1
vn 0 0 -1
vn 0 0 -1
vn 0 0 -1
vn -1 0 0
vn -1 0 0
vn -1 0 0
vn -1 0 0
vn -1 0 0
vn -1 0 0
vn -1 0 0
vn -1 0 0
vn -1 0 0
vn -1 0 0
vn -1 0 0
vn -1 0 0
vn -1 0 0
vn -1 0 0
vn -1 0 0
vn -1 0 0
vn 0 0 1
vn 0 0 1
vn 0 0 1
vn 0 0 1
vn 0 0 1
vn 0 0 1
vn 0 0 1
vn 0 0 1
vn 0 0 1
vn 0 0 1
vn 0 0 1
vn 0 0 1
vn 0 0 1
vn 0 0 1
vn 0 0 1
vn 0 0 1
vn 0 0 1
vn 0 0 1
vn 0 0 1
vn 0 0 1
vn 0 0 1
vn 0 0 1
vn 0 0 1
vn 0 0 1
vn 0 0 1
vn 0 0 1
vn 0 0 1
vn 0 0 1
vn 0 0 1
vn 0 0 1
vn 0 0 1
vn 0 0 1
vn 0 0 1
vn 0 0 1
vn 0 0 1
vn 0 0 1
vn 0 0 1
vn 0 0 1
vn 0 0 1
vn 0 0 1
vn 0 0 1
vn 0 0 1
vn 0 0 1
vn 0 0 1
vn 0 0 1
vn 0 0 1
vn 0 0 1
vn 0 0 1
vn 0 0 1
vn 0 0 1
vn 0 0 1
vn 0 0 1
vn 0 0 1
vn 1 0 0
vn 1 0 0
vn 1 0 0
vn 1 0 0
vn 1 0 0
vn 1 0 0
vn 1 0 0
vn 1 0 0
vn 1 0 0
vn 1 0 0
vn 1 0 0
vn 1 0 0
vn 1 0 0
vn 1 0 0
vn 1 0 0
vn 1 0 0
vn 0 0 -1
vn 0 0 -1
vn 0 0 -1
vn 0 0 -1
vn 0 0 -1
vn 0 0 -1
vn 0 0 -1
vn 1 0 0
vn 1 0 0
vn 1 0 0
vn 1 0 0
vn 1 0 0
vn 1 0 0
vn 0 0 1
vn 0 0 1
vn 0 0 1
vn 0 0 1
vn 0 0 1
vn 0 0 1
vn 0 0 1
vn -1 0 0
vn -1 0 0
vn -1 0 0
vn -1 0 0
vn -1 0 0
vn -1 0 0
vn -1 0 0
vn -1 0 0
vn -1 0 0
vn -1 0 0
vn -1 0 0
vn -1 0 0
vn -1 0 0
vn -1 0 0
vn -1 0 0
vn 0 0 1
vn 0 0 1
vn 0 0 1
vn 0 0 1
vn 0 0 1
vn 0 0 1
vn 0 0 1
vn 0 0 1
vn 0 0 1
vn 0 0 1
vn 0 0 1
vn 0 0 1
vn 0 0 1
vn 0 0 1
vn 0 0 1
vn 0 0 1
vn 0 0 1
vn 0 0 1
vn 0 0 1
vn 0 0 1
vn 0 0 1
vn 0 0 1
vn 0 0 1
vn 0 0 1
vn 0 0 1
vn 0 0 1
vn 0 0 1
vn 0 0 1
vn 0 0 1
vn 0 0 1
vn 0 0 1
vn 0 0 1
vn 0 0 1
vn 0 0 1
vn 0 0 1
vn 0 0 1
vn 0 0 1
vn 0 0 1
vn 0 0 1
vn 0 0 1
vn 0 0 1
vn 0 0 1
vn 0 0 1
vn 0 0 1
vn 0 0 1
vn 0 0 1
vn 0 0 1
vn 0 0 1
vn 0 0 1
vn 0 0 1
vn 0 0 1
vn 0 0 1
vn 0 0 1
vn 0 0 1
vn 0 0 1
vn 0 0 1
vn 0 0 1
vn 0 0 1
vn 0 0 1
vn 0 0 1
vn 1 0 0
vn 1 0 0
vn 1 0 0
vn 1 0 0
vn 1 0 0
vn 1 0 0
vn 1 0 0
vn 1 0 0
vn 1 0 0
vn 1 0 0
vn 1 0 0
vn 1 0 0
vn 1 0 0
vn 1 0 0
vn 1 0 0
vn 1 0 0
vn 1 0 0
vn 1 0 0
vn 1 0 0
vn 1 0 0
vn 1 0 0
vn 1 0 0
vn 1 0 0
vn 1 0 0
vn 1 0 0
vn 1 0 0
vn 1 0 0
vn 1 0 0
vn 0 0 -1
vn 0 0 -1
vn 0 0 -1
vn 0 0 -1
vn 0 0 -1
vn 0 0 -1
vn 0 0 -1
vn 0 0 -1
vn 0 0 -1
vn 0 0 -1
vn 0 0 -1
vn 0 0 -1
vn 0 0 -1
vn 0 0 -1
vn 0 0 -1
vn 0 0 -1
vn 0 0 -1
vn 0 0 -1
vn 0 0 -1
vn 0 0 -1
vn 0 0 -1
vn 0 0 -1
vn 0 0 -1
vn 0 0 -1
vn 0 0 -1
vn 0 0 -1
vn 0 0 -1
vn 0 0 -1
vn 0 0 -1
vn 0 0 -1
vn 0 0 -1
vn 0 0 -1
vn 0 0 -1
vn 0 0 -1
vn 0 0 -1
vn 0 0 -1
vn 0 0 -1
vn 0 0 -1
vn 0 0 -1
vn 0 0 -1
vn 0 0 -1
vn 0 0 -1
vn 0 0 -1
vn 0 0 -1
vn -1 0 0
vn -1 0 0
vn -1 0 0
vn -1 0 0
vn -1 0 0
vn -1 0 0
vn -1 0 0
vn -1 0 0
vn 0 0 1
vn 0 0 1
vn 0 0 1
vn 0 0 1
vn 0 0 1
vn 0 0 1
vn 0 0 1
vn 0 0 1
vn -1 0 0
vn -1 0 0
vn -1 0 0
vn -1 0 0
vn -1 0 0
vn -1 0 0
vn 0 0 -1
vn 0 0 -1
vn 0 0 -1
vn 0 0 -1
vn 0 0 -1
vn 0 0 -1
vn 0 0 -1
vn 0 0 -1
vn 1 0 0
vn 1 0 0
vn 1 0 0
vn 1 0 0
vn 1 0 0
vn 1 0 0
vn 0 0 1
vn 0 0 1
vn 0 0 1
vn 0 0 1
vn 0 0 1
vn 0 0 1
vn 0 0 1
vn 0 0 1
vn 1 0 0
vn 1 0 0
vn 1 0 0
vn 1 0 0
vn 1 0 0
vn 1 0 0
vn 1 0 0
vn 1 0 0
vn 1 0 0
vn 1 0 0
vn 1 0 0
vn 1 0 0
vn 1 0 0
vn 1 0 0
vn 1 0 0
vn 1 0 0
vn 0 0 -1
vn 0 0 -1
vn 0 0 -1
vn 0 0 -1
vn 0 0 -1
vn 0 0 -1
vn 0 0 -1
vn 0 0 -1
vn 0 0 -1
vn 0 0 -1
vn 0.99997705221176147 0 -0.0067755663767457008
vn 0.99997705221176147 0 -0.0067755663767457008
vn 0.99997705221176147 0 -0.0067755663767457008
vn 0.99997705221176147 0 -0.0067755663767457008
vn 0.99997705221176147 0 -0.0067755663767457008
vn 0.99997705221176147 0 -0.0067755663767457008
vn 0.99997705221176147 0 -0.0067755663767457008
vn 0.99997705221176147 0 -0.0067755663767457008
vn 0.99997705221176147 0 -0.0067755663767457008
vn 0 1 0
vn 0 1 0
vn 0 1 0
vn 0 1 0
vn 0 1 0
vn 0 1 0
vn 0 1 0
vn 0 1 0
vn 0 1 0
vn 0 1 0
vn 0 1 0
vn 0 1 0
vn 0 1 0
vn 0 1 0
vn 0 1 0
vn 0 1 0
vn 0 1 0
vn 0 1 0
vn 0 1 0
vn 0 1 0
vn 0 1 0
vn 0 1 0
vn 0 1 0
vn 0 1 0
vn 0 1 0
vn 0 1 0
vn 0 1 0
vn 0 1 0
vn 0 1 0
vn 0 1 0
vn 0 1 0
vn 0 1 0
vn 0 1 0
vn 0 1 0
vn 0 1 0
vn 0 1 0
vn 0 1 0
vn 0 1 0
vn 0 1 0
vn 0 1 0
vn 0 1 0
vn 0 1 0
vn 0 1 0
vn 0 1 0
vn 0 1 0
vn 0 1 0
vn 0 1 0
vn 0 1 0
vn 0 1 0
vn 0 1 0
vn 0 1 0
vn 0 1 0
vn 0 1 0
vn 0 1 0
vn 0 1 0
vn 0 1 0
vn 0 1 0
vn 0 1 0
vn 0 1 0
vn 0 1 0
vn 0 1 0
vn 0 1 0
vn 0 1 0
vn 0 1 0
vn 0 1 0
vn 0 1 0
vn 0 1 0
vn 0 1 0
vn 0 1 0
vn 0 1 0
vn 0 1 0
vn 0 1 0
vn 0 1 0
vn 0 1 0
vn 0 1 0
vn 0 1 0
vn 0 1 0
vn 0 1 0
vn 0 1 0
vn 0 1 0
vn 0 1 0
vn 0 1 0
vn 0 1 0
vn 0 1 0
vn 0 1 0
vn 0 1 0
vn 0 1 0
vn 0 1 0
vn 0 1 0
vn 0 1 0
vn 0 1 0
vn 0 1 0
vn 0 1 0
vn 0 1 0
vn 0 1 0
vn 0 1 0
vn 0 1 0
vn 0 1 0
vn 0 1 0
vn 0 1 0
vn 0 1 0
vn 0 1 0
vn 0 1 0
vn 0 1 0
vn 0 1 0
vn 0 1 0
vn 0 1 0
vn 0 1 0
vn 0 1 0
vn 0 1 0
vn 0 1 0
vn 0 1 0
vn 0 1 0
vn 0 1 0
vn 0 1 0
vn 0 1 0
vn 0 1 0
vn 0 1 0
vn 0 1 0
vn 0 1 0
vn 0 1 0
vn 0 1 0
vn 0 1 0
vn 0 1 0
vn 0 1 0
vn 0 1 0
vn 0 1 0
vn 0 1 0
vn 0 1 0
vn 0 1 0
vn 0 1 0
vn 0 1 0
vn 0 1 0
vn 0 1 0
vn 0 1 0
vn 0 1 0
vn 0 1 0
vn 0 1 0
vn 0 1 0
vn 0 1 0
vn 0 1 0
vn 0 1 0
vn 0 1 0
vn 0 1 0
vn 0 1 0
vn 0 1 0
vn 0 1 0
vn 0 1 0
vn 0 1 0
vn 0 1 0
vn 0 1 0
vn 0 1 0
vn 0 1 0
vn 0 1 0
vn 0 1 0
vn 0 1 0
vn 0 1 0
vn 0 1 0
vn 0 1 0
vn 0 1 0
vn 0 1 0
vn 0 1 0
vn 0 1 0
vn 0 1 0
vn 0 1 0
vn 0 1 0
vn 0 1 0
vn 0 1 0
vn 0 1 0
vn 0 1 0
vn 0 1 0
vn 0 1 0
vn 0 1 0
vn 0 1 0
vn 0 1 0
vn 0 1 0
vn 0 1 0
vn 0 1 0
vn 0 1 0
vn 0 1 0
vn 0 1 0
vn 0 1 0
vn 0 1 0
vn 0 1 0
vn 0 1 0
vn 0 1 0
vn 0 1 0
vn 0 1 0
vn 0 1 0
vn 0 1 0
vn 0 1 0
vn 0 1 0
vn 0 1 0
vn 0 1 0
vn 0 1 0
vn 0 1 0
vn 0 1 0
vn 0 1 0
vn 0 1 0
vn 0 1 0
vn 0 1 0
vn 0 1 0
vn 0 1 0
vn 0 1 0
vn 0 1 0
vn 0 1 0
vn 0 1 0
vn 0 1 0
vn 0 1 0
vn 0 1 0
vn 0 1 0
vn 0 1 0
vn 0 1 0
vn 0 1 0
vn 0 1 0
vn 0 1 0
vn 0 1 0
vn 0 1 0
vn 0 1 0
vn 0 1 0
vn 0 1 0
vn 0 1 0
vn 0 1 0
vn 0 1 0
vn 0 1 0
vn 0 1 0
vn 0 1 0
vn 0 1 0
vn 0 1 0
vn 0 1 0
vn 0 1 0
vn 0 1 0
vn 0 1 0
vn 0 1 0
vn 0 1 0
vn 0 1 0
vn 0 1 0
vn 0 1 0
vn 0 1 0
vn 0 1 0
vn 0 1 0
vn 0 1 0
vn 0 1 0
vn 0 1 0
vn 0 1 0
vn 0 1 0
vn 0 1 0
vn 0 1 0
vn 0 1 0
vn 0 1 0
vn 0 1 0
vn 0 1 0
vn 0 1 0
vn 0 1 0
vn 0 1 0
vn 0 1 0
vn -1 0 0
vn -1 0 0
vn -1 0 0
vn -1 0 0
vn -1 0 0
vn -1 0 0
vn 0.99967896938323975 0 -0.025336779654026031
vn 0.99967896938323975 0 -0.025336779654026031
vn 0.99967896938323975 0 -0.025336779654026031
vn 0.99967896938323975 0 -0.025336779654026031
vn 0.99967896938323975 0 -0.025336779654026031
vn 0.99967896938323975 0 -0.025336779654026031
vn 0.99967896938323975 0 -0.025336779654026031
vn 0.99967896938323975 0 -0.025336779654026031
vn 0 -1 0
vn 0 -1 0
vn 0 -1 0
vn 0 -1 0
vn 0 -1 0
vn 0 -1 0
vn 0 -1 0
vn 0 -1 0
vn 0 -1 0
vn 0 -1 0
vn 0 -1 0
vn 0 0 -1
vn 0 0 -1
vn 0 0 -1
vn 0 0 -1
vn 0 0 -1
vn 0 0 -1
vn 0 0 -1
vn 0 0 -1
vn 0 0 -1
vn 0 0 -1
vn 0 0 -1
vn 0 0 -1
vn 0 0 -1
vn 0 0 -1
vn 0 1 0
vn 0 1 0
vn 0 1 0
vn 0 1 0
vn 0 1 0
vn 0 1 0
vn 0 1 0
vn 0 1 0
vn 0 1 0
vn 0 1 0
vn 0.99997204542160034 0 0.0074763698503375053
vn 0.99997204542160034 0 0.0074763698503375053
vn 0.99997204542160034 0 0.0074763698503375053
vn 0.99997204542160034 0 0.0074763698503375053
vn 0.99997204542160034 0 0.0074763698503375053
vn 0.99997204542160034 0 0.0074763698503375053
vn -0.99999868869781494 0 0.0016337716951966286
vn -0.99999868869781494 0 0.0016337716951966286
vn -0.99999868869781494 0 0.0016337716951966286
vn -0.99999868869781494 0 0.0016337716951966286
vn -0.99999868869781494 0 0.0016337716951966286
vn -0.99999868869781494 0 0.0016337716951966286
vn 0 -1 0
vn 0 -1 0
vn 0 -1 0
vn 0 -1 0
vn 0 -1 0
vn 0 -1 0
vn 0 -1 0
vn 0 -1 0
vn 0 -1 0
vn 0 -1 0
vn 0 -1 0
vn 0 -1 0
vn 0 -1 0
vn 0 -1 0
vn 0 -1 0
vn 0 -1 0
vn 0 -1 0
vn 0 -1 0
vn 0 -1 0
vn 0 -1 0
vn 0 -1 0
vn 0 -1 0
vn 0 -1 0
vn 0 -1 0
vn 0 -1 0
vn 0 -1 0
vn 0 -1 0
vn 0 -1 0
vn 0 -1 0
vn 0 -1 0
vn 0 0 -1
vn 0 0 -1
vn 0 0 -1
vn 0 0 -1
vn 0 0 -1
vn 0 0 -1
vn 0 0 -1
vn 0 0 -1
vn 0 0 -1
vn 0 0 1
vn 0 0 1
vn 0 0 1
vn 0 0 1
vn 0 0 1
vn 0 0 1
vn 0 0 1
vn 0 0 1
vn 0 0 1
vn 0 1 0
vn 0 1 0
vn 0 1 0
vn 0 1 0
vn 0 1 0
vn 0 1 0
vn 0 1 0
vn 0 1 0
vn 0.99992096424102783 0 0.012574342079460621
vn 0.99992096424102783 0 0.012574342079460621
vn 0.99992096424102783 0 0.012574342079460621
vn 0.99992096424102783 0 0.012574342079460621
vn 0.99992096424102783 0 0.012574342079460621
vn 0.99992096424102783 0 0.012574342079460621
vn -1 0 0
vn -1 0 0
vn -1 0 0
vn -1 0 0
vn -1 0 0
vn -1 0 0
vn 0 -1 0
vn 0 -1 0
vn 0 -1 0
vn 0 -1 0
vn 0 -1 0
vn 0 -1 0
vn 0 -1 0
vn 0 -1 0
vn 0 -1 0
vn 0 -1 0
vn 0 -1 0
vn 0 -1 0
vn 0 -1 0
vn 0 0 -1
vn 0 0 -1
vn 0 0 -1
vn 0 0 -1
vn 0 0 -1
vn 0 0 -1
vn 0 0 -1
vn 0 0 -1
vn 0 0 -1
vn 0 0 -1
vn 0 0 -1
vn 0 0 -1
vn 0 0 -1
vn 0 0 -1
vn 0 0 -1
vn 0 0 -1
vn 0 0 1
vn 0 0 1
vn 0 0 1
vn 0 0 1
vn 0 0 1
vn 0 0 1
vn 0 0 1
vn 0 0 1
vn 0 0 1
vn 0 0 1
vn 0 0 1
vn 0 0 1
vn 0 0 1
vn 0 0 1
vn 0 1 0
vn 0 1 0
vn 0 1 0
vn 0 1 0
vn 0 1 0
vn 0 1 0
vn 0 1 0
vn 0 1 0
vn 0 1 0
vn 0 1 0
vn 0 1 0
vn 0 1 0
vn 0 1 0
vn 0 1 0
vn 0 1 0
vn 0 1 0
vn 0 1 0
vn 0 1 0
vn 0 1 0
vn 0 1 0
vn 0 1 0
vn 0 1 0
vn 0.99984705448150635 0 0.017488669604063034
vn 0.99984705448150635 0 0.017488669604063034
vn 0.99984705448150635 0 0.017488669604063034
vn 0.99984705448150635 0 0.017488669604063034
vn 0.99984705448150635 0 0.017488669604063034
vn 0.99984705448150635 0 0.017488669604063034
vn -1 0 0
vn -1 0 0
vn -1 0 0
vn -1 0 0
vn -1 0 0
vn -1 0 0
vn 0 -1 0
vn 0 -1 0
vn 0 -1 0
vn 0 -1 0
vn 0 -1 0
vn 0 -1 0
vn 0 -1 0
vn 0 -1 0
vn 0 -1 0
vn 0 -1 0
vn 0 -1 0
vn 0 -1 0
vn 0 -1 0
vn 0 -1 0
vn 0 -1 0
vn 0 -1 0
vn 0 -1 0
vn 0 -1 0
vn 0 -1 0
vn 0 -1 0
vn 0 -1 0
vn 0 -1 0
vn 0 -1 0
vn 0 -1 0
vn 0 -1 0
vn 0 -1 0
vn 0 -1 0
vn 0 -1 0
vn 0 -1 0
vn 0 -1 0
vn 0 -1 0
vn 0 -1 0
vn 0 -1 0
vn 0 -1 0
vn 0 -1 0
vn 0 -1 0
vn 0 -1 0
vn 0 -1 0
vn 0 -1 0
vn 0 -1 0
vn 0 0 -1
vn 0 0 -1
vn 0 0 -1
vn 0 0 -1
vn 0 0 -1
vn 0 0 -1
vn 0 0 -1
vn 0 0 -1
vn 0 0 -1
vn 0 0 -1
vn 0 0 -1
vn 0 0 -1
vn 0 0 -1
vn 0 0 -1
vn 0 0 -1
vn 0 0 -1
vn 0 0 -1
vn 0 0 -1
vn 0 0 -1
vn 0 0 -1
vn 0 0 -1
vn 0 0 -1
vn 0 0 -1
vn 0 0 -1
vn 0 0 -1
vn 0 0 -1
vn 0 0 -1
vn 0 0 -1
vn 0 0 -1
vn 0 0 -1
vn 0 0 -1
vn 0 0 -1
vn 0 0 -1
vn 0 0 -1
vn 0 0 -1
vn 0 0 -1
vn 0 0 -1
vn 0 0 -1
vn 0 0 -1
vn 0 0 -1
vn 0 0 -1
vn 0 0 -1
vn 0 0 -1
vn 0 0 -1
vn 0 0 -1
vn 0 0 -1
vn 0 0 -1
vn 0 0 -1
vn 0 0 -1
vn 0 0 -1
vn 0 0 -1
vn 0 0 -1
vn 0 0 -1
vn 0 0 -1
vn 0 0 -1
vn 0 0 -1
vn 0 0 -1
vn 0 0 -1
vn 0 0 -1
vn 0 0 -1
vn 0 0 -1
vn 0 0 -1
vn 0 0 -1
vn 0 0 -1
vn 0 0 -1
vn 0 0 -1
vn 0 0 -1
vn 0 0 -1
vn 0 0 -1
vn 0 0 -1
vn 0 0 -1
vn 0 0 -1
vn 0 0 -1
vn 0 0 -1
vn 0 0 -1
vn 0 0 -1
vn 0 0 -1
vn 0 0 -1
vn 0 0 1
vn 0 0 1
vn 0 0 1
vn 0 0 1
vn 0 0 1
vn 0 0 1
vn 0 0 1
vn 0 0 1
vn 0 1 0
vn 0 1 0
vn 0 1 0
vn 0 1 0
vn 0 1 0
vn 0 1 0
vn 0 1 0
vn 0 1 0
vn 0 1 0
vn 0 1 0
vn 0 1 0
vn 0 1 0
vn 0 1 0
vn 1 0 0
vn 1 0 0
vn 1 0 0
vn 1 0 0
vn 1 0 0
vn 1 0 0
vn -0.99984443187713623 0 -0.017638444900512695
vn -0.99984443187713623 0 -0.017638444900512695
vn -0.99984443187713623 0 -0.017638444900512695
vn -0.99984443187713623 0 -0.017638444900512695
vn -0.99984443187713623 0 -0.017638444900512695
vn -0.99984443187713623 0 -0.017638444900512695
vn 0 -1 0
vn 0 -1 0
vn 0 -1 0
vn 0 -1 0
vn 0 -1 0
vn 0 -1 0
vn 0 -1 0
vn 0 -1 0
vn 0 -1 0
vn 0 -1 0
vn 0 -1 0
vn 0 -1 0
vn 0 -1 0
vn 0 -1 0
vn 0 -1 0
vn 0 -1 0
vn 0 -1 0
vn 0 -1 0
vn 0 -1 0
vn 0 -1 0
vn 0 -1 0
vn 0 -1 0
vn 0 -1 0
vn 0 0 -1
vn 0 0 -1
vn 0 0 -1
vn 0 0 -1
vn 0 0 -1
vn 0 0 -1
vn 0 0 -1
vn 0 0 -1
vn 0 0 -1
f 534/534/534 536/536/536 535/535/535 533/533/533
f 512/512/512 514/514/514 517/517/517 513/513/513
f 515/515/515 517/517/517 514/514/514
f 513/513/513 517/517/517 516/516/516 511/511/511
f 463/463/463 461/461/461 462/462/462
f 605/605/605 606/606/606 463/463/463 464/464/464
f 461/461/461 463/463/463 606/606/606
f 460/460/460 461/461/461 606/606/606 607/607/607
f 464/464/464 465/465/465 604/604/604 605/605/605
f 603/603/603 604/604/604 465/465/465 466/466/466
f 466/466/466 467/467/467 602/602/602 603/603/603
f 467/467/467 468/468/468 601/601/601 602/602/602
f 601/601/601 468/468/468 590/590/590
f 459/459/459 460/460/460 607/607/607 608/608/608
f 608/608/608 609/609/609 458/458/458 459/459/459
f 457/457/457 458/458/458 609/609/609 610/610/610
f 600/600/600 601/601/601 590/590/590 591/591/591
f 599/599/599 600/600/600 591/591/591 592/592/592
f 468/468/468 469/469/469 588/588/588 589/589/589
f 469/469/469 470/470/470 587/587/587 588/588/588
f 472/472/472 586/586/586 471/471/471
f 473/473/473 474/474/474 472/472/472
f 475/475/475 476/476/476 474/474/474
f 474/474/474 586/586/586 472/472/472
f 474/474/474 476/476/476 585/585/585
f 477/477/477 478/478/478 572/572/572 573/573/573
f 471/471/471 587/587/587 470/470/470
f 585/585/585 476/476/476 477/477/477
f 471/471/471 586/586/586 587/587/587
f 584/584/584 585/585/585 574/574/574 575/575/575
f 585/585/585 586/586/586 474/474/474
f 477/477/477 574/574/574 585/585/585
f 573/573/573 574/574/574 477/477/477
f 575/575/575 576/576/576 583/583/583 584/584/584
f 468/468/468 589/589/589 590/590/590
f 582/582/582 583/583/583 576/576/576 577/577/577
f 456/456/456 457/457/457 610/610/610 611/611/611
f 611/611/611 612/612/612 455/455/455 456/456/456
f 622/622/622 623/623/623 621/621/621
f 623/623/623 624/624/624 620/620/620 621/621/621
f 613/613/613 614/614/614 451/451/451 452/452/452
f 614/614/614 615/615/615 450/450/450 451/451/451
f 612/612/612 613/613/613 452/452/452 453/453/453
f 454/454/454 455/455/455 612/612/612
f 453/453/453 454/454/454 612/612/612
f 448/448/448 449/449/449 615/615/615 616/616/616
f 615/615/615 449/449/449 450/450/450
f 616/616/616 617/617/617 447/447/447 448/448/448
f 446/446/446 447/447/447 617/617/617 618/618/618
f 593/593/593 594/594/594 597/597/597 598/598/598
f 592/592/592 593/593/593 598/598/598 599/599/599
f 594/594/594 595/595/595 596/596/596 597/597/597
f 580/580/580 581/581/581 582/582/582
f 580/580/580 582/582/582 577/577/577
f 580/580/580 577/577/577 579/579/579
f 578/578/578 579/579/579 577/577/577
f 619/619/619 620/620/620 628/628/628 629/629/629
f 624/624/624 628/628/628 620/620/620
f 629/629/629 630/630/630 618/618/618 619/619/619
f 445/445/445 618/618/618 630/630/630
f 624/624/624 625/625/625 626/626/626 627/627/627
f 630/630/630 631/631/631 445/445/445
f 624/624/624 627/627/627 628/628/628
f 446/446/446 618/618/618 445/445/445
f 478/478/478 479/479/479 571/571/571 572/572/572
f 570/570/570 571/571/571 479/479/479 480/480/480
f 480/480/480 481/481/481 569/569/569 570/570/570
f 481/481/481 482/482/482 568/568/568 569/569/569
f 482/482/482 483/483/483 556/556/556 557/557/557
f 482/482/482 557/557/557 568/568/568
f 483/483/483 555/555/555 556/556/556
f 555/555/555 483/483/483 554/554/554
f 561/561/561 562/562/562 563/563/563 564/564/564
f 564/564/564 565/565/565 560/560/560 561/561/561
f 566/566/566 567/567/567 558/558/558 559/559/559
f 567/567/567 568/568/568 557/557/557 558/558/558
f 559/559/559 560/560/560 565/565/565 566/566/566
f 484/484/484 553/553/553 554/554/554
f 483/483/483 484/484/484 554/554/554
f 484/484/484 485/485/485 551/551/551 552/552/552
f 484/484/484 552/552/552 553/553/553
f 551/551/551 485/485/485 550/550/550
f 487/487/487 488/488/488 489/489/489
f 487/487/487 489/489/489 490/490/490
f 485/485/485 486/486/486 549/549/549 550/550/550
f 486/486/486 487/487/487 547/547/547 548/548/548
f 487/487/487 490/490/490 547/547/547
f 486/486/486 548/548/548 549/549/549
f 545/545/545 546/546/546 544/544/544
f 546/546/546 493/493/493 544/544/544
f 546/546/546 547/547/547 490/490/490 491/491/491
f 493/493/493 546/546/546 492/492/492
f 491/491/491 492/492/492 546/546/546
f 542/542/542 543/543/543 494/494/494 495/495/495
f 543/543/543 544/544/544 493/493/493 494/494/494
f 538/538/538 535/535/535 537/537/537
f 538/538/538 529/529/529 535/535/535
f 535/535/535 529/529/529 533/533/533
f 534/534/534 531/531/531 536/536/536
f 537/537/537 536/536/536 532/532/532
f 536/536/536 531/531/531 532/532/532
f 516/516/516 518/518/518 519/519/519
f 511/511/511 516/516/516 519/519/519
f 535/535/535 536/536/536 537/537/537
f 528/528/528 538/538/538 539/539/539
f 509/509/509 510/510/510 518/518/518
f 508/508/508 509/509/509 515/515/515
f 515/515/515 506/506/506 507/507/507
f 507/507/507 508/508/508 515/515/515
f 504/504/504 502/502/502 503/503/503
f 509/509/509 517/517/517 515/515/515
f 515/515/515 514/514/514 506/506/506
f 506/506/506 521/521/521 505/505/505
f 504/504/504 505/505/505 521/521/521 522/522/522
f 514/514/514 512/512/512 506/506/506
f 516/516/516 517/517/517 509/509/509
f 509/509/509 518/518/518 516/516/516
f 522/522/522 502/502/502 504/504/504
f 527/527/527 528/528/528 539/539/539 540/540/540
f 540/540/540 541/541/541 526/526/526 527/527/527
f 534/534/534 533/533/533 530/530/530
f 530/530/530 533/533/533 529/529/529
f 528/528/528 529/529/529 538/538/538
f 495/495/495 496/496/496 541/541/541 542/542/542
f 526/526/526 541/541/541 496/496/496
f 498/498/498 526/526/526 497/497/497
f 496/496/496 497/497/497 526/526/526
f 526/526/526 498/498/498 525/525/525
f 513/513/513 511/511/511 520/520/520
f 520/520/520 511/511/511 519/519/519
f 512/512/512 513/513/513 520/520/520
f 520/520/520 521/521/521 512/512/512
f 512/512/512 521/521/521 506/506/506
f 524/524/524 525/525/525 499/499/499 500/500/500
f 498/498/498 499/499/499 525/525/525
f 500/500/500 501/501/501 523/523/523 524/524/524
f 522/522/522 523/523/523 501/501/501
f 502/502/502 522/522/522 501/501/501
f 534/534/534 530/530/530 531/531/531
f 641/641/641 635/635/635 634/634/634 640/640/640
f 642/642/642 636/636/636 635/635/635 641/641/641
f 643/643/643 637/637/637 636/636/636 642/642/642
f 644/644/644 638/638/638 637/637/637 643/643/643
f 645/645/645 639/639/639 638/638/638 644/644/644
f 647/647/647 641/641/641 640/640/640 646/646/646
f 649/649/649 647/647/647 646/646/646 648/648/648
f 651/651/651 649/649/649 648/648/648 650/650/650
f 653/653/653 651/651/651 650/650/650 652/652/652
f 634/634/634 632/632/632 656/656/656
f 634/634/634 656/656/656 657/657/657
f 635/635/635 677/677/677 634/634/634
f 632/632/632 634/634/634 677/677/677
f 677/677/677 635/635/635 636/636/636
f 637/637/637 677/677/677 636/636/636
f 640/640/640 634/634/634 657/657/657 658/658/658
f 658/658/658 659/659/659 646/646/646 640/640/640
f 660/660/660 646/646/646 659/659/659
f 681/681/681 642/642/642 641/641/641
f 641/641/641 647/647/647 681/681/681
f 681/681/681 687/687/687 643/643/643 642/642/642
f 638/638/638 676/676/676 637/637/637
f 677/677/677 637/637/637 676/676/676
f 639/639/639 676/676/676 638/638/638
f 639/639/639 675/675/675 633/633/633
f 675/675/675 639/639/639 674/674/674
f 639/639/639 645/645/645 673/673/673 674/674/674
f 639/639/639 633/633/633 676/676/676
f 644/644/644 643/643/643 687/687/687 688/688/688
f 645/645/645 644/644/644 688/688/688
f 684/684/684 673/673/673 645/645/645
f 671/671/671 672/672/672 684/684/684 685/685/685
f 673/673/673 684/684/684 672/672/672
f 684/684/684 645/645/645 688/688/688
f 680/680/680 681/681/681 647/647/647 649/649/649
f 648/648/648 660/660/660 661/661/661
f 650/650/650 648/648/648 661/661/661 662/662/662
f 680/680/680 649/649/649 679/679/679
f 649/649/649 651/651/651 678/678/678 679/679/679
f 652/652/652 650/650/650 662/662/662 663/663/663
f 664/664/664 652/652/652 663/663/663
f 654/654/654 652/652/652 664/664/664
f 678/678/678 651/651/651 653/653/653
f 652/652/652 665/665/665 653/653/653
f 665/665/665 652/652/652 654/654/654
f 689/689/689 653/653/653 665/665/665 666/666/666
f 683/683/683 678/678/678 653/653/653 689/689/689
f 670/670/670 671/671/671 685/685/685 686/686/686
f 669/669/669 670/670/670 686/686/686 682/682/682
f 690/690/690 691/691/691 683/683/683
f 666/666/666 690/690/690 689/689/689
f 666/666/666 655/655/655 691/691/691 690/690/690
f 683/683/683 691/691/691 682/682/682
f 669/669/669 682/682/682 668/668/668
f 668/668/668 682/682/682 691/691/691
f 667/667/667 668/668/668 691/691/691
f 667/667/667 691/691/691 655/655/655
f 689/689/689 690/690/690 683/683/683
f 648/648/648 646/646/646 660/660/660
f 716/716/716 718/718/718 717/717/717 715/715/715
f 715/715/715 717/717/717 720/720/720 719/719/719
f 709/709/709 708/708/708 704/704/704 705/705/705
f 705/705/705 704/704/704 706/706/706 707/707/707
f 714/714/714 692/692/692 720/720/720
f 698/698/698 720/720/720 692/692/692
f 720/720/720 717/717/717 714/714/714
f 719/719/719 698/698/698 699/699/699
f 715/715/715 719/719/719 694/694/694
f 699/699/699 694/694/694 719/719/719
f 720/720/720 698/698/698 719/719/719
f 693/693/693 714/714/714 718/718/718
f 717/717/717 718/718/718 714/714/714
f 713/713/713 693/693/693 718/718/718
f 718/718/718 716/716/716 713/713/713
f 695/695/695 712/712/712 716/716/716
f 716/716/716 712/712/712 713/713/713
f 715/715/715 695/695/695 716/716/716
f 704/704/704 715/715/715 694/694/694
f 694/694/694 706/706/706 704/704/704
f 700/700/700 701/701/701 707/707/707 706/706/706
f 715/715/715 704/704/704 695/695/695
f 707/707/707 701/701/701 696/696/696
f 696/696/696 702/702/702 707/707/707
f 702/702/702 705/705/705 707/707/707
f 711/711/711 695/695/695 708/708/708
f 708/708/708 695/695/695 704/704/704
f 708/708/708 710/710/710 711/711/711
f 710/710/710 708/708/708 709/709/709
f 709/709/709 705/705/705 703/703/703
f 702/702/702 703/703/703 705/705/705
f 710/710/710 709/709/709 697/697/697
f 703/703/703 697/697/697 709/709/709
f 706/706/706 694/694/694 700/700/700
f 726/726/726 721/721/721 723/723/723 725/725/725
f 722/722/722 726/726/726 725/725/725 724/724/724
f 732/732/732 727/727/727 729/729/729 731/731/731
f 728/728/728 732/732/732 731/731/731 730/730/730
f 743/743/743 745/745/745 744/744/744 742/742/742
f 740/740/740 742/742/742 741/741/741 739/739/739
f 746/746/746 741/741/741 747/747/747
f 741/741/741 744/744/744 747/747/747
f 745/745/745 734/734/734 738/738/738
f 738/738/738 744/744/744 745/745/745
f 744/744/744 738/738/738 747/747/747
f 743/743/743 734/734/734 745/745/745
f 741/741/741 746/746/746 733/733/733
f 739/739/739 741/741/741 733/733/733
f 739/739/739 735/735/735 737/737/737
f 739/739/739 733/733/733 735/735/735
f 740/740/740 739/739/739 737/737/737
f 740/740/740 743/743/743 742/742/742
f 743/743/743 740/740/740 736/736/736
f 737/737/737 736/736/736 740/740/740
f 734/734/734 743/743/743 736/736/736
f 744/744/744 741/741/741 742/742/742
f 748/748/748 766/766/766 765/765/765 749/749/749
f 766/766/766 767/767/767 764/764/764 765/765/765
f 768/768/768 769/769/769 762/762/762 763/763/763
f 770/770/770 771/771/771 760/760/760 761/761/761
f 769/769/769 770/770/770 761/761/761 762/762/762
f 767/767/767 768/768/768 763/763/763 764/764/764
f 771/771/771 750/750/750 751/751/751 760/760/760
f 772/772/772 773/773/773 758/758/758 759/759/759
f 773/773/773 774/774/774 757/757/757 758/758/758
f 775/775/775 776/776/776 755/755/755 756/756/756
f 777/777/777 752/752/752 753/753/753 754/754/754
f 776/776/776 777/777/777 754/754/754 755/755/755
f 774/774/774 775/775/775 756/756/756 757/757/757
f 759/759/759 751/751/751 750/750/750 772/772/772
f 789/789/789 787/787/787 786/786/786 788/788/788
f 786/786/786 784/784/784 783/783/783 785/785/785
f 793/793/793 795/795/795 794/794/794 792/792/792
f 784/784/784 792/792/792 791/791/791 783/783/783
f 791/791/791 798/798/798 778/778/778
f 791/791/791 794/794/794 799/799/799
f 798/798/798 791/791/791 799/799/799
f 778/778/778 783/783/783 791/791/791
f 783/783/783 778/778/778 780/780/780
f 795/795/795 779/779/779 790/790/790
f 790/790/790 799/799/799 794/794/794 795/795/795
f 792/792/792 784/784/784 793/793/793
f 779/779/779 795/795/795 793/793/793
f 792/792/792 794/794/794 791/791/791
f 781/781/781 779/779/779 793/793/793 787/787/787
f 785/785/785 780/780/780 796/796/796
f 785/785/785 796/796/796 797/797/797
f 785/785/785 783/783/783 780/780/780
f 797/797/797 788/788/788 785/785/785
f 785/785/785 788/788/788 786/786/786
f 784/784/784 786/786/786 787/787/787
f 781/781/781 789/789/789 782/782/782
f 788/788/788 782/782/782 789/789/789
f 787/787/787 789/789/789 781/781/781
f 782/782/782 788/788/788 797/797/797
f 793/793/793 784/784/784 787/787/787
f 805/805/805 800/800/800 802/802/802 804/804/804
f 801/801/801 805/805/805 804/804/804 803/803/803
f 813/813/813 806/806/806 810/810/810
f 813/813/813 812/812/812 807/807/807
f 811/811/811 813/813/813 810/810/810
f 813/813/813 811/811/811 812/812/812
f 811/811/811 809/809/809 812/812/812
f 808/808/808 811/811/811 810/810/810
f 820/820/820 814/814/814 818/818/818
f 820/820/820 821/821/821 815/815/815
f 819/819/819 820/820/820 818/818/818 816/816/816
f 820/820/820 819/819/819 817/817/817 821/821/821
f 829/829/829 822/822/822 826/826/826
f 829/829/829 828/828/828 823/823/823
f 827/827/827 829/829/829 826/826/826
f 829/829/829 827/827/827 828/828/828
f 827/827/827 825/825/825 828/828/828
f 824/824/824 827/827/827 826/826/826
f 840/840/840 842/842/842 841/841/841 839/839/839
f 837/837/837 839/839/839 838/838/838 836/836/836
f 843/843/843 838/838/838 844/844/844
f 838/838/838 841/841/841 844/844/844
f 842/842/842 831/831/831 835/835/835
f 835/835/835 841/841/841 842/842/842
f 841/841/841 835/835/835 844/844/844
f 840/840/840 831/831/831 842/842/842
f 838/838/838 843/843/843 830/830/830
f 836/836/836 838/838/838 830/830/830
f 836/836/836 832/832/832 834/834/834
f 836/836/836 830/830/830 832/832/832
f 837/837/837 836/836/836 834/834/834
f 837/837/837 840/840/840 839/839/839
f 840/840/840 837/837/837 833/833/833
f 834/834/834 833/833/833 837/837/837
f 831/831/831 840/840/840 833/833/833
f 841/841/841 838/838/838 839/839/839
f 845/845/845 860/860/860 859/859/859 846/846/846
f 860/860/860 861/861/861 858/858/858 859/859/859
f 862/862/862 863/863/863 856/856/856 857/857/857
f 863/863/863 864/864/864 855/855/855 856/856/856
f 861/861/861 862/862/862 857/857/857 858/858/858
f 864/864/864 865/865/865 854/854/854 855/855/855
f 866/866/866 867/867/867 852/852/852 853/853/853
f 867/867/867 868/868/868 851/851/851 852/852/852
f 869/869/869 870/870/870 849/849/849 850/850/850
f 870/870/870 847/847/847 848/848/848 849/849/849
f 868/868/868 869/869/869 850/850/850 851/851/851
f 853/853/853 854/854/854 865/865/865 866/866/866
f 871/871/871 888/888/888 887/887/887 872/872/872
f 888/888/888 889/889/889 886/886/886 887/887/887
f 890/890/890 891/891/891 884/884/884 885/885/885
f 892/892/892 893/893/893 882/882/882 883/883/883
f 891/891/891 892/892/892 883/883/883 884/884/884
f 889/889/889 890/890/890 885/885/885 886/886/886
f 881/881/881 882/882/882 893/893/893 894/894/894
f 894/894/894 895/895/895 880/880/880 881/881/881
f 895/895/895 896/896/896 879/879/879 880/880/880
f 897/897/897 898/898/898 877/877/877 878/878/878
f 899/899/899 900/900/900 875/875/875 876/876/876
f 898/898/898 899/899/899 876/876/876 877/877/877
f 896/896/896 897/897/897 878/878/878 879/879/879
f 873/873/873 874/874/874 875/875/875 900/900/900
f 913/913/913 911/911/911 910/910/910 912/912/912
f 910/910/910 908/908/908 907/907/907 909/909/909
f 906/906/906 901/901/901 907/907/907
f 903/903/903 909/909/909 907/907/907
f 908/908/908 906/906/906 907/907/907
f 908/908/908 911/911/911 902/902/902
f 908/908/908 902/902/902 906/906/906
f 912/912/912 910/910/910 909/909/909
f 910/910/910 911/911/911 908/908/908
f 903/903/903 907/907/907 901/901/901
f 909/909/909 914/914/914 915/915/915
f 909/909/909 915/915/915 912/912/912
f 915/915/915 905/905/905 913/913/913 912/912/912
f 904/904/904 911/911/911 913/913/913
f 913/913/913 905/905/905 904/904/904
f 902/902/902 911/911/911 904/904/904
f 903/903/903 914/914/914 909/909/909
f 921/921/921 916/916/916 918/918/918 920/920/920
f 917/917/917 921/921/921 920/920/920 919/919/919
f 929/929/929 922/922/922 926/926/926
f 929/929/929 928/928/928 923/923/923
f 927/927/927 929/929/929 926/926/926
f 929/929/929 927/927/927 928/928/928
f 927/927/927 925/925/925 928/928/928
f 924/924/924 927/927/927 926/926/926
f 936/936/936 935/935/935 937/937/937 931/931/931
f 934/934/934 936/936/936 930/930/930
f 935/935/935 934/934/934 932/932/932
f 935/935/935 933/933/933 937/937/937
f 934/934/934 935/935/935 936/936/936
f 943/943/943 938/938/938 940/940/940 942/942/942
f 939/939/939 943/943/943 942/942/942 941/941/941
f 956/956/956 955/955/955 951/951/951 952/952/952
f 955/955/955 962/962/962 961/961/961 951/951/951
f 951/951/951 961/961/961 963/963/963 953/953/953
f 952/952/952 951/951/951 953/953/953 954/954/954
f 963/963/963 960/960/960 944/944/944
f 944/944/944 948/948/948 963/963/963
f 961/961/961 960/960/960 963/963/963
f 962/962/962 945/945/945 959/959/959
f 958/958/958 962/962/962 955/955/955
f 945/945/945 962/962/962 958/958/958
f 959/959/959 961/961/961 962/962/962
f 961/961/961 959/959/959 960/960/960
f 948/948/948 953/953/953 963/963/963
f 954/954/954 953/953/953 949/949/949
f 948/948/948 949/949/949 953/953/953
f 950/950/950 952/952/952 954/954/954
f 949/949/949 946/946/946 954/954/954
f 946/946/946 950/950/950 954/954/954
f 957/957/957 958/958/958 955/955/955 956/956/956
f 947/947/947 956/956/956 950/950/950
f 957/957/957 956/956/956 947/947/947
f 956/956/956 952/952/952 950/950/950
f 971/971/971 964/964/964 966/966/966 968/968/968
f 965/965/965 970/970/970 969/969/969 967/967/967
f 970/970/970 971/971/971 968/968/968 969/969/969
f 985/985/985 984/984/984 980/980/980 981/981/981
f 981/981/981 980/980/980 982/982/982 983/983/983
f 982/982/982 972/972/972 976/976/976
f 976/976/976 977/977/977 983/983/983 982/982/982
f 980/980/980 972/972/972 982/982/982
f 984/984/984 987/987/987 973/973/973
f 973/973/973 980/980/980 984/984/984
f 980/980/980 973/973/973 972/972/972
f 986/986/986 987/987/987 984/984/984 985/985/985
f 978/978/978 981/981/981 983/983/983
f 983/983/983 974/974/974 978/978/978
f 974/974/974 983/983/983 977/977/977
f 978/978/978 979/979/979 985/985/985 981/981/981
f 975/975/975 986/986/986 985/985/985
f 985/985/985 979/979/979 975/975/975
f 992/992/992 994/994/994 988/988/988
f 993/993/993 989/989/989 994/994/994
f 990/990/990 991/991/991 993/993/993 992/992/992
f 994/994/994 992/992/992 993/993/993
f 1000/1000/1000 995/995/995 997/997/997 999/999/999
f 996/996/996 1000/1000/1000 999/999/999 998/998/998
f 1006/1006/1006 1001/1001/1001 1003/1003/1003 1005/1005/1005
f 1002/1002/1002 1006/1006/1006 1005/1005/1005 1004/1004/1004
f 1014/1014/1014 1007/1007/1007 1011/1011/1011
f 1014/1014/1014 1013/1013/1013 1008/1008/1008
f 1013/1013/1013 1014/1014/1014 1011/1011/1011
f 1011/1011/1011 1012/1012/1012 1013/1013/1013
f 1012/1012/1012 1010/1010/1010 1013/1013/1013
f 1009/1009/1009 1012/1012/1012 1011/1011/1011
f 1020/1020/1020 1015/1015/1015 1017/1017/1017 1019/1019/1019
f 1016/1016/1016 1020/1020/1020 1019/1019/1019 1018/1018/1018
f 1026/1026/1026 1021/1021/1021 1023/1023/1023 1025/1025/1025
f 1022/1022/1022 1026/1026/1026 1025/1025/1025 1024/1024/1024
f 1029/1029/1029 1034/1034/1034 1027/1027/1027
f 1031/1031/1031 1032/1032/1032 1033/1033/1033
f 1033/1033/1033 1034/1034/1034 1031/1031/1031
f 1031/1031/1031 1030/1030/1030 1032/1032/1032
f 1030/1030/1030 1028/1028/1028 1032/1032/1032
f 1029/1029/1029 1031/1031/1031 1034/1034/1034
f 1044/1044/1044 1035/1035/1035 1037/1037/1037 1039/1039/1039
f 1042/1042/1042 1043/1043/1043 1040/1040/1040 1041/1041/1041
f 1036/1036/1036 1042/1042/1042 1041/1041/1041 1038/1038/1038
f 1043/1043/1043 1044/1044/1044 1039/1039/1039 1040/1040/1040
f 1054/1054/1054 1045/1045/1045 1047/1047/1047 1049/1049/1049
f 1052/1052/1052 1053/1053/1053 1050/1050/1050 1051/1051/1051
f 1046/1046/1046 1052/1052/1052 1051/1051/1051 1048/1048/1048
f 1053/1053/1053 1054/1054/1054 1049/1049/1049 1050/1050/1050
f 1063/1063/1063 1055/1055/1055 1057/1057/1057 1060/1060/1060
f 1056/1056/1056 1062/1062/1062 1061/1061/1061 1059/1059/1059
f 1062/1062/1062 1063/1063/1063 1058/1058/1058 1061/1061/1061
f 1063/1063/1063 1060/1060/1060 1058/1058/1058
f 1070/1070/1070 1064/1064/1064 1066/1066/1066 1068/1068/1068
f 1065/1065/1065 1070/1070/1070 1069/1069/1069 1067/1067/1067
f 1070/1070/1070 1068/1068/1068 1069/1069/1069
f 1072/1072/1072 1071/1071/1071 1075/1075/1075 1077/1077/1077
f 1075/1075/1075 1076/1076/1076 1077/1077/1077
f 1076/1076/1076 1074/1074/1074 1077/1077/1077
f 1073/1073/1073 1076/1076/1076 1075/1075/1075
f 1079/1079/1079 1078/1078/1078 1082/1082/1082 1083/1083/1083
f 1080/1080/1080 1081/1081/1081 1083/1083/1083 1082/1082/1082
f 1085/1085/1085 1084/1084/1084 1088/1088/1088 1089/1089/1089
f 1086/1086/1086 1087/1087/1087 1089/1089/1089 1088/1088/1088
f 1094/1094/1094 1096/1096/1096 1090/1090/1090
f 1095/1095/1095 1091/1091/1091 1096/1096/1096
f 1092/1092/1092 1093/1093/1093 1095/1095/1095 1094/1094/1094
f 1096/1096/1096 1094/1094/1094 1095/1095/1095
f 1104/1104/1104 1097/1097/1097 1101/1101/1101
f 1104/1104/1104 1103/1103/1103 1098/1098/1098
f 1102/1102/1102 1104/1104/1104 1101/1101/1101
f 1104/1104/1104 1102/1102/1102 1103/1103/1103
f 1102/1102/1102 1100/1100/1100 1103/1103/1103
f 1099/1099/1099 1102/1102/1102 1101/1101/1101
f 1107/1107/1107 1112/1112/1112 1105/1105/1105
f 1109/1109/1109 1110/1110/1110 1111/1111/1111
f 1111/1111/1111 1112/1112/1112 1109/1109/1109
f 1109/1109/1109 1108/1108/1108 1110/1110/1110
f 1108/1108/1108 1106/1106/1106 1110/1110/1110
f 1107/1107/1107 1109/1109/1109 1112/1112/1112
f 1122/1122/1122 1113/1113/1113 1115/1115/1115 1117/1117/1117
f 1120/1120/1120 1121/1121/1121 1118/1118/1118 1119/1119/1119
f 1114/1114/1114 1120/1120/1120 1119/1119/1119 1116/1116/1116
f 1121/1121/1121 1122/1122/1122 1117/1117/1117 1118/1118/1118
f 1132/1132/1132 1123/1123/1123 1125/1125/1125 1127/1127/1127
f 1130/1130/1130 1131/1131/1131 1128/1128/1128 1129/1129/1129
f 1124/1124/1124 1130/1130/1130 1129/1129/1129 1126/1126/1126
f 1131/1131/1131 1132/1132/1132 1127/1127/1127 1128/1128/1128
f 1133/1133/1133 1137/1137/1137 1141/1141/1141 1134/1134/1134
f 1141/1141/1141 1137/1137/1137 1139/1139/1139
f 1137/1137/1137 1135/1135/1135 1138/1138/1138
f 1141/1141/1141 1139/1139/1139 1140/1140/1140
f 1141/1141/1141 1140/1140/1140 1136/1136/1136
f 1137/1137/1137 1138/1138/1138 1139/1139/1139
f 1143/1143/1143 1142/1142/1142 1146/1146/1146 1147/1147/1147
f 1144/1144/1144 1145/1145/1145 1147/1147/1147 1146/1146/1146
f 1158/1158/1158 1160/1160/1160 1159/1159/1159 1155/1155/1155
f 1155/1155/1155 1159/1159/1159 1162/1162/1162 1161/1161/1161
f 1162/1162/1162 1148/1148/1148 1152/1152/1152
f 1154/1154/1154 1148/1148/1148 1162/1162/1162
f 1160/1160/1160 1149/1149/1149 1154/1154/1154
f 1154/1154/1154 1159/1159/1159 1160/1160/1160
f 1159/1159/1159 1154/1154/1154 1162/1162/1162
f 1157/1157/1157 1149/1149/1149 1160/1160/1160
f 1152/1152/1152 1161/1161/1161 1162/1162/1162
f 1150/1150/1150 1155/1155/1155 1161/1161/1161
f 1161/1161/1161 1153/1153/1153 1150/1150/1150
f 1153/1153/1153 1161/1161/1161 1152/1152/1152
f 1151/1151/1151 1155/1155/1155 1150/1150/1150
f 1156/1156/1156 1157/1157/1157 1160/1160/1160 1158/1158/1158
f 1158/1158/1158 1151/1151/1151 1156/1156/1156
f 1151/1151/1151 1158/1158/1158 1155/1155/1155
f 1168/1168/1168 1163/1163/1163 1165/1165/1165 1167/1167/1167
f 1164/1164/1164 1168/1168/1168 1167/1167/1167 1166/1166/1166
f 1173/1173/1173 1177/1177/1177 1169/1169/1169
f 1175/1175/1175 1170/1170/1170 1176/1176/1176
f 1176/1176/1176 1177/1177/1177 1175/1175/1175
f 1174/1174/1174 1173/1173/1173 1171/1171/1171
f 1172/1172/1172 1175/1175/1175 1174/1174/1174
f 1173/1173/1173 1174/1174/1174 1175/1175/1175
f 1177/1177/1177 1173/1173/1173 1175/1175/1175
f 1183/1183/1183 1181/1181/1181 1180/1180/1180 1182/1182/1182
f 1185/1185/1185 1183/1183/1183 1182/1182/1182 1184/1184/1184
f 1187/1187/1187 1185/1185/1185 1184/1184/1184 1186/1186/1186
f 1189/1189/1189 1187/1187/1187 1186/1186/1186 1188/1188/1188
f 1191/1191/1191 1189/1189/1189 1188/1188/1188 1190/1190/1190
f 1180/1180/1180 1178/1178/1178 1194/1194/1194
f 1180/1180/1180 1194/1194/1194 1195/1195/1195
f 1214/1214/1214 1215/1215/1215 1223/1223/1223 1224/1224/1224
f 1181/1181/1181 1223/1223/1223 1215/1215/1215
f 1215/1215/1215 1180/1180/1180 1181/1181/1181
f 1180/1180/1180 1215/1215/1215 1178/1178/1178
f 1222/1222/1222 1223/1223/1223 1181/1181/1181 1183/1183/1183
f 1182/1182/1182 1180/1180/1180 1195/1195/1195 1196/1196/1196
f 1196/1196/1196 1197/1197/1197 1184/1184/1184 1182/1182/1182
f 1184/1184/1184 1197/1197/1197 1198/1198/1198
f 1185/1185/1185 1187/1187/1187 1219/1219/1219 1220/1220/1220
f 1183/1183/1183 1185/1185/1185 1220/1220/1220 1221/1221/1221
f 1224/1224/1224 1225/1225/1225 1179/1179/1179 1214/1214/1214
f 1225/1225/1225 1213/1213/1213 1179/1179/1179
f 1212/1212/1212 1213/1213/1213 1225/1225/1225 1226/1226/1226
f 1210/1210/1210 1211/1211/1211 1227/1227/1227
f 1226/1226/1226 1227/1227/1227 1211/1211/1211
f 1209/1209/1209 1210/1210/1210 1227/1227/1227 1228/1228/1228
f 1212/1212/1212 1226/1226/1226 1211/1211/1211
f 1221/1221/1221 1222/1222/1222 1183/1183/1183
f 1184/1184/1184 1198/1198/1198 1186/1186/1186
f 1188/1188/1188 1186/1186/1186 1199/1199/1199 1200/1200/1200
f 1198/1198/1198 1199/1199/1199 1186/1186/1186
f 1218/1218/1218 1219/1219/1219 1187/1187/1187 1189/1189/1189
f 1188/1188/1188 1200/1200/1200 1201/1201/1201
f 1190/1190/1190 1201/1201/1201 1202/1202/1202
f 1190/1190/1190 1202/1202/1202 1192/1192/1192
f 1189/1189/1189 1191/1191/1191 1216/1216/1216 1217/1217/1217
f 1190/1190/1190 1203/1203/1203 1191/1191/1191
f 1203/1203/1203 1190/1190/1190 1192/1192/1192
f 1218/1218/1218 1189/1189/1189 1217/1217/1217
f 1201/1201/1201 1190/1190/1190 1188/1188/1188
f 1203/1203/1203 1216/1216/1216 1191/1191/1191
f 1228/1228/1228 1229/1229/1229 1208/1208/1208 1209/1209/1209
f 1229/1229/1229 1230/1230/1230 1207/1207/1207 1208/1208/1208
f 1206/1206/1206 1207/1207/1207 1230/1230/1230 1231/1231/1231
f 1233/1233/1233 1216/1216/1216 1203/1203/1203 1204/1204/1204
f 1232/1232/1232 1233/1233/1233 1204/1204/1204 1193/1193/1193
f 1205/1205/1205 1206/1206/1206 1231/1231/1231 1232/1232/1232
f 1232/1232/1232 1193/1193/1193 1205/1205/1205
f 1247/1247/1247 1246/1246/1246 1242/1242/1242 1243/1243/1243
f 1243/1243/1243 1242/1242/1242 1244/1244/1244 1245/1245/1245
f 1244/1244/1244 1234/1234/1234 1238/1238/1238
f 1238/1238/1238 1239/1239/1239 1244/1244/1244
f 1242/1242/1242 1234/1234/1234 1244/1244/1244
f 1246/1246/1246 1249/1249/1249 1235/1235/1235
f 1235/1235/1235 1242/1242/1242 1246/1246/1246
f 1242/1242/1242 1235/1235/1235 1234/1234/1234
f 1248/1248/1248 1249/1249/1249 1246/1246/1246
f 1239/1239/1239 1245/1245/1245 1244/1244/1244
f 1240/1240/1240 1243/1243/1243 1245/1245/1245
f 1245/1245/1245 1236/1236/1236 1240/1240/1240
f 1236/1236/1236 1245/1245/1245 1239/1239/1239
f 1240/1240/1240 1241/1241/1241 1247/1247/1247 1243/1243/1243
f 1237/1237/1237 1248/1248/1248 1247/1247/1247
f 1247/1247/1247 1248/1248/1248 1246/1246/1246
f 1247/1247/1247 1241/1241/1241 1237/1237/1237
f 1254/1254/1254 1257/1257/1257 1250/1250/1250
f 1255/1255/1255 1251/1251/1251 1256/1256/1256
f 1256/1256/1256 1257/1257/1257 1255/1255/1255
f 1252/1252/1252 1253/1253/1253 1255/1255/1255 1254/1254/1254
f 1257/1257/1257 1254/1254/1254 1255/1255/1255
f 1265/1265/1265 1258/1258/1258 1260/1260/1260 1262/1262/1262
f 1259/1259/1259 1264/1264/1264 1263/1263/1263 1261/1261/1261
f 1264/1264/1264 1265/1265/1265 1262/1262/1262 1263/1263/1263
f 1270/1270/1270 1273/1273/1273 1267/1267/1267 1266/1266/1266
f 1273/1273/1273 1270/1270/1270 1271/1271/1271 1272/1272/1272
f 1270/1270/1270 1268/1268/1268 1271/1271/1271
f 1273/1273/1273 1272/1272/1272 1269/1269/1269
f 1284/1284/1284 1286/1286/1286 1285/1285/1285 1281/1281/1281
f 1281/1281/1281 1285/1285/1285 1288/1288/1288 1287/1287/1287
f 1288/1288/1288 1274/1274/1274 1278/1278/1278
f 1280/1280/1280 1274/1274/1274 1288/1288/1288
f 1286/1286/1286 1275/1275/1275 1280/1280/1280
f 1280/1280/1280 1285/1285/1285 1286/1286/1286
f 1285/1285/1285 1280/1280/1280 1288/1288/1288
f 1283/1283/1283 1275/1275/1275 1286/1286/1286
f 1278/1278/1278 1287/1287/1287 1288/1288/1288
f 1276/1276/1276 1281/1281/1281 1287/1287/1287
f 1287/1287/1287 1279/1279/1279 1276/1276/1276
f 1279/1279/1279 1287/1287/1287 1278/1278/1278
f 1277/1277/1277 1281/1281/1281 1276/1276/1276
f 1282/1282/1282 1283/1283/1283 1286/1286/1286 1284/1284/1284
f 1284/1284/1284 1277/1277/1277 1282/1282/1282
f 1277/1277/1277 1284/1284/1284 1281/1281/1281
f 1299/1299/1299 1301/1301/1301 1300/1300/1300 1298/1298/1298
f 1296/1296/1296 1298/1298/1298 1297/1297/1297 1295/1295/1295
f 1302/1302/1302 1297/1297/1297 1303/1303/1303
f 1297/1297/1297 1300/1300/1300 1303/1303/1303
f 1301/1301/1301 1290/1290/1290 1294/1294/1294
f 1294/1294/1294 1300/1300/1300 1301/1301/1301
f 1300/1300/1300 1294/1294/1294 1303/1303/1303
f 1299/1299/1299 1290/1290/1290 1301/1301/1301
f 1297/1297/1297 1302/1302/1302 1289/1289/1289
f 1295/1295/1295 1297/1297/1297 1289/1289/1289
f 1295/1295/1295 1291/1291/1291 1293/1293/1293
f 1295/1295/1295 1289/1289/1289 1291/1291/1291
f 1296/1296/1296 1295/1295/1295 1293/1293/1293
f 1296/1296/1296 1299/1299/1299 1298/1298/1298
f 1299/1299/1299 1296/1296/1296 1292/1292/1292
f 1293/1293/1293 1292/1292/1292 1296/1296/1296
f 1290/1290/1290 1299/1299/1299 1292/1292/1292
f 1300/1300/1300 1297/1297/1297 1298/1298/1298
f 1304/1304/1304 1319/1319/1319 1318/1318/1318 1305/1305/1305
f 1319/1319/1319 1320/1320/1320 1317/1317/1317 1318/1318/1318
f 1321/1321/1321 1322/1322/1322 1306/1306/1306 1316/1316/1316
f 1322/1322/1322 1323/1323/1323 1315/1315/1315 1306/1306/1306
f 1320/1320/1320 1321/1321/1321 1316/1316/1316 1317/1317/1317
f 1324/1324/1324 1314/1314/1314 1315/1315/1315 1323/1323/1323
f 1325/1325/1325 1326/1326/1326 1312/1312/1312 1313/1313/1313
f 1327/1327/1327 1311/1311/1311 1312/1312/1312 1326/1326/1326
f 1328/1328/1328 1329/1329/1329 1309/1309/1309 1310/1310/1310
f 1329/1329/1329 1307/1307/1307 1308/1308/1308 1309/1309/1309
f 1327/1327/1327 1328/1328/1328 1310/1310/1310 1311/1311/1311
f 1313/1313/1313 1314/1314/1314 1324/1324/1324 1325/1325/1325
f 1343/1343/1343 1341/1341/1341 1340/1340/1340 1342/1342/1342
f 1340/1340/1340 1338/1338/1338 1337/1337/1337 1339/1339/1339
f 1337/1337/1337 1336/1336/1336 1330/1330/1330 1334/1334/1334
f 1339/1339/1339 1337/1337/1337 1334/1334/1334
f 1338/1338/1338 1336/1336/1336 1337/1337/1337
f 1344/1344/1344 1331/1331/1331 1338/1338/1338
f 1338/1338/1338 1331/1331/1331 1336/1336/1336
f 1344/1344/1344 1338/1338/1338 1341/1341/1341
f 1339/1339/1339 1334/1334/1334 1332/1332/1332
f 1339/1339/1339 1345/1345/1345 1346/1346/1346
f 1332/1332/1332 1345/1345/1345 1339/1339/1339
f 1346/1346/1346 1342/1342/1342 1339/1339/1339
f 1340/1340/1340 1339/1339/1339 1342/1342/1342
f 1333/1333/1333 1343/1343/1343 1335/1335/1335
f 1342/1342/1342 1335/1335/1335 1343/1343/1343
f 1341/1341/1341 1343/1343/1343 1333/1333/1333
f 1335/1335/1335 1342/1342/1342 1346/1346/1346
f 1344/1344/1344 1341/1341/1341 1333/1333/1333
f 1338/1338/1338 1340/1340/1340 1341/1341/1341
f 1359/1359/1359 1358/1358/1358 1354/1354/1354 1355/1355/1355
f 1358/1358/1358 1365/1365/1365 1364/1364/1364 1354/1354/1354
f 1354/1354/1354 1364/1364/1364 1366/1366/1366 1356/1356/1356
f 1355/1355/1355 1354/1354/1354 1356/1356/1356 1357/1357/1357
f 1366/1366/1366 1363/1363/1363 1347/1347/1347
f 1347/1347/1347 1351/1351/1351 1366/1366/1366
f 1364/1364/1364 1363/1363/1363 1366/1366/1366
f 1365/1365/1365 1348/1348/1348 1362/1362/1362
f 1361/1361/1361 1365/1365/1365 1358/1358/1358
f 1348/1348/1348 1365/1365/1365 1361/1361/1361
f 1362/1362/1362 1364/1364/1364 1365/1365/1365
f 1364/1364/1364 1362/1362/1362 1363/1363/1363
f 1351/1351/1351 1356/1356/1356 1366/1366/1366
f 1357/1357/1357 1356/1356/1356 1352/1352/1352
f 1351/1351/1351 1352/1352/1352 1356/1356/1356
f 1353/1353/1353 1355/1355/1355 1357/1357/1357
f 1352/1352/1352 1349/1349/1349 1357/1357/1357
f 1349/1349/1349 1353/1353/1353 1357/1357/1357
f 1360/1360/1360 1361/1361/1361 1358/1358/1358 1359/1359/1359
f 1350/1350/1350 1359/1359/1359 1353/1353/1353
f 1360/1360/1360 1359/1359/1359 1350/1350/1350
f 1359/1359/1359 1355/1355/1355 1353/1353/1353
f 1374/1374/1374 1367/1367/1367 1369/1369/1369 1371/1371/1371
f 1368/1368/1368 1373/1373/1373 1372/1372/1372 1370/1370/1370
f 1373/1373/1373 1374/1374/1374 1371/1371/1371 1372/1372/1372
f 1382/1382/1382 1375/1375/1375 1377/1377/1377 1379/1379/1379
f 1376/1376/1376 1381/1381/1381 1380/1380/1380 1378/1378/1378
f 1381/1381/1381 1382/1382/1382 1379/1379/1379 1380/1380/1380
f 1390/1390/1390 1383/1383/1383 1385/1385/1385 1387/1387/1387
f 1384/1384/1384 1389/1389/1389 1388/1388/1388 1386/1386/1386
f 1389/1389/1389 1390/1390/1390 1387/1387/1387 1388/1388/1388
f 1398/1398/1398 1391/1391/1391 1393/1393/1393 1395/1395/1395
f 1392/1392/1392 1397/1397/1397 1396/1396/1396 1394/1394/1394
f 1397/1397/1397 1398/1398/1398 1395/1395/1395 1396/1396/1396
f 1406/1406/1406 1399/1399/1399 1401/1401/1401 1403/1403/1403
f 1400/1400/1400 1405/1405/1405 1404/1404/1404 1402/1402/1402
f 1405/1405/1405 1406/1406/1406 1403/1403/1403 1404/1404/1404
f 1420/1420/1420 1419/1419/1419 1415/1415/1415 1416/1416/1416
f 1416/1416/1416 1415/1415/1415 1417/1417/1417 1418/1418/1418
f 1417/1417/1417 1407/1407/1407 1411/1411/1411
f 1411/1411/1411 1412/1412/1412 1417/1417/1417
f 1415/1415/1415 1407/1407/1407 1417/1417/1417
f 1419/1419/1419 1422/1422/1422 1408/1408/1408
f 1408/1408/1408 1415/1415/1415 1419/1419/1419
f 1415/1415/1415 1408/1408/1408 1407/1407/1407
f 1421/1421/1421 1422/1422/1422 1419/1419/1419
f 1412/1412/1412 1418/1418/1418 1417/1417/1417
f 1413/1413/1413 1416/1416/1416 1418/1418/1418
f 1418/1418/1418 1409/1409/1409 1413/1413/1413
f 1409/1409/1409 1418/1418/1418 1412/1412/1412
f 1413/1413/1413 1414/1414/1414 1420/1420/1420 1416/1416/1416
f 1410/1410/1410 1421/1421/1421 1420/1420/1420
f 1420/1420/1420 1421/1421/1421 1419/1419/1419
f 1420/1420/1420 1414/1414/1414 1410/1410/1410
f 1437/1437/1437 1439/1439/1439 1438/1438/1438 1436/1436/1436
f 1434/1434/1434 1436/1436/1436 1435/1435/1435 1433/1433/1433
f 1431/1431/1431 1433/1433/1433 1432/1432/1432 1430/1430/1430
f 1430/1430/1430 1432/1432/1432 1443/1443/1443 1442/1442/1442
f 1440/1440/1440 1432/1432/1432 1441/1441/1441
f 1438/1438/1438 1441/1441/1441 1435/1435/1435
f 1441/1441/1441 1432/1432/1432 1435/1435/1435
f 1436/1436/1436 1438/1438/1438 1435/1435/1435
f 1429/1429/1429 1441/1441/1441 1438/1438/1438
f 1443/1443/1443 1440/1440/1440 1423/1423/1423
f 1439/1439/1439 1424/1424/1424 1429/1429/1429
f 1438/1438/1438 1439/1439/1439 1429/1429/1429
f 1434/1434/1434 1437/1437/1437 1436/1436/1436
f 1424/1424/1424 1439/1439/1439 1437/1437/1437
f 1428/1428/1428 1424/1424/1424 1437/1437/1437
f 1440/1440/1440 1443/1443/1443 1432/1432/1432
f 1442/1442/1442 1427/1427/1427 1425/1425/1425
f 1443/1443/1443 1427/1427/1427 1442/1442/1442
f 1427/1427/1427 1443/1443/1443 1423/1423/1423
f 1425/1425/1425 1430/1430/1430 1442/1442/1442
f 1428/1428/1428 1434/1434/1434 1431/1431/1431
f 1433/1433/1433 1431/1431/1431 1434/1434/1434
f 1437/1437/1437 1434/1434/1434 1428/1428/1428
f 1431/1431/1431 1430/1430/1430 1426/1426/1426
f 1425/1425/1425 1426/1426/1426 1430/1430/1430
f 1428/1428/1428 1431/1431/1431 1426/1426/1426
f 1435/1435/1435 1432/1432/1432 1433/1433/1433
f 1444/1444/1444 1456/1456/1456 1455/1455/1455 1445/1445/1445
f 1457/1457/1457 1458/1458/1458 1453/1453/1453 1454/1454/1454
f 1456/1456/1456 1457/1457/1457 1454/1454/1454 1455/1455/1455
f 1447/1447/1447 1453/1453/1453 1458/1458/1458 1446/1446/1446
f 1459/1459/1459 1460/1460/1460 1451/1451/1451 1452/1452/1452
f 1461/1461/1461 1448/1448/1448 1449/1449/1449 1450/1450/1450
f 1460/1460/1460 1461/1461/1461 1450/1450/1450 1451/1451/1451
f 1452/1452/1452 1447/1447/1447 1446/1446/1446 1459/1459/1459
f 1470/1470/1470 1468/1468/1468 1467/1467/1467 1469/1469/1469
f 1472/1472/1472 1474/1474/1474 1467/1467/1467
f 1467/1467/1467 1471/1471/1471 1472/1472/1472
f 1463/1463/1463 1471/1471/1471 1467/1467/1467 1468/1468/1468
f 1475/1475/1475 1469/1469/1469 1467/1467/1467
f 1465/1465/1465 1463/1463/1463 1468/1468/1468
f 1472/1472/1472 1462/1462/1462 1464/1464/1464 1473/1473/1473
f 1473/1473/1473 1474/1474/1474 1472/1472/1472
f 1474/1474/1474 1475/1475/1475 1467/1467/1467
f 1470/1470/1470 1469/1469/1469 1466/1466/1466
f 1466/1466/1466 1469/1469/1469 1475/1475/1475
f 1470/1470/1470 1466/1466/1466 1465/1465/1465
f 1468/1468/1468 1470/1470/1470 1465/1465/1465
f 1489/1489/1489 1488/1488/1488 1484/1484/1484 1485/1485/1485
f 1485/1485/1485 1484/1484/1484 1486/1486/1486 1487/1487/1487
f 1486/1486/1486 1476/1476/1476 1480/1480/1480
f 1476/1476/1476 1486/1486/1486 1484/1484/1484
f 1480/1480/1480 1481/1481/1481 1487/1487/1487 1486/1486/1486
f 1477/1477/1477 1476/1476/1476 1484/1484/1484
f 1488/1488/1488 1491/1491/1491 1477/1477/1477
f 1490/1490/1490 1491/1491/1491 1488/1488/1488 1489/1489/1489
f 1488/1488/1488 1477/1477/1477 1484/1484/1484
f 1478/1478/1478 1487/1487/1487 1481/1481/1481
f 1487/1487/1487 1478/1478/1478 1482/1482/1482
f 1485/1485/1485 1487/1487/1487 1482/1482/1482
f 1483/1483/1483 1489/1489/1489 1485/1485/1485
f 1489/1489/1489 1483/1483/1483 1479/1479/1479
f 1483/1483/1483 1485/1485/1485 1482/1482/1482
f 1490/1490/1490 1489/1489/1489 1479/1479/1479
f 1496/1496/1496 1498/1498/1498 1492/1492/1492
f 1497/1497/1497 1493/1493/1493 1498/1498/1498
f 1494/1494/1494 1495/1495/1495 1497/1497/1497 1496/1496/1496
f 1498/1498/1498 1496/1496/1496 1497/1497/1497
f 1504/1504/1504 1499/1499/1499 1501/1501/1501 1503/1503/1503
f 1500/1500/1500 1504/1504/1504 1503/1503/1503 1502/1502/1502
f 1511/1511/1511 1506/1506/1506 1505/1505/1505 1509/1509/1509
f 1510/1510/1510 1509/1509/1509 1507/1507/1507
f 1510/1510/1510 1508/1508/1508 1511/1511/1511
f 1509/1509/1509 1510/1510/1510 1511/1511/1511
f 1522/1522/1522 1524/1524/1524 1523/1523/1523 1519/1519/1519
f 1519/1519/1519 1523/1523/1523 1526/1526/1526 1525/1525/1525
f 1526/1526/1526 1512/1512/1512 1516/1516/1516
f 1518/1518/1518 1512/1512/1512 1526/1526/1526
f 1524/1524/1524 1513/1513/1513 1518/1518/1518
f 1518/1518/1518 1523/1523/1523 1524/1524/1524
f 1523/1523/1523 1518/1518/1518 1526/1526/1526
f 1521/1521/1521 1513/1513/1513 1524/1524/1524
f 1516/1516/1516 1525/1525/1525 1526/1526/1526
f 1514/1514/1514 1519/1519/1519 1525/1525/1525
f 1525/1525/1525 1517/1517/1517 1514/1514/1514
f 1517/1517/1517 1525/1525/1525 1516/1516/1516
f 1515/1515/1515 1519/1519/1519 1514/1514/1514
f 1520/1520/1520 1521/1521/1521 1522/1522/1522
f 1522/1522/1522 1521/1521/1521 1524/1524/1524
f 1522/1522/1522 1515/1515/1515 1520/1520/1520
f 1515/1515/1515 1522/1522/1522 1519/1519/1519
f 1537/1537/1537 1539/1539/1539 1538/1538/1538 1536/1536/1536
f 1534/1534/1534 1536/1536/1536 1535/1535/1535 1533/1533/1533
f 1540/1540/1540 1535/1535/1535 1541/1541/1541
f 1535/1535/1535 1538/1538/1538 1541/1541/1541
f 1539/1539/1539 1528/1528/1528 1532/1532/1532
f 1532/1532/1532 1538/1538/1538 1539/1539/1539
f 1538/1538/1538 1532/1532/1532 1541/1541/1541
f 1537/1537/1537 1528/1528/1528 1539/1539/1539
f 1535/1535/1535 1540/1540/1540 1527/1527/1527
f 1533/1533/1533 1535/1535/1535 1527/1527/1527
f 1533/1533/1533 1529/1529/1529 1531/1531/1531
f 1533/1533/1533 1527/1527/1527 1529/1529/1529
f 1534/1534/1534 1533/1533/1533 1531/1531/1531
f 1534/1534/1534 1537/1537/1537 1536/1536/1536
f 1537/1537/1537 1534/1534/1534 1530/1530/1530
f 1531/1531/1531 1530/1530/1530 1534/1534/1534
f 1528/1528/1528 1537/1537/1537 1530/1530/1530
f 1538/1538/1538 1535/1535/1535 1536/1536/1536
f 1542/1542/1542 1559/1559/1559 1558/1558/1558 1543/1543/1543
f 1559/1559/1559 1560/1560/1560 1557/1557/1557 1558/1558/1558
f 1561/1561/1561 1562/1562/1562 1555/1555/1555 1556/1556/1556
f 1563/1563/1563 1564/1564/1564 1553/1553/1553 1554/1554/1554
f 1562/1562/1562 1563/1563/1563 1554/1554/1554 1555/1555/1555
f 1560/1560/1560 1561/1561/1561 1556/1556/1556 1557/1557/1557
f 1552/1552/1552 1553/1553/1553 1564/1564/1564 1565/1565/1565
f 1566/1566/1566 1567/1567/1567 1550/1550/1550 1551/1551/1551
f 1567/1567/1567 1568/1568/1568 1549/1549/1549 1550/1550/1550
f 1569/1569/1569 1570/1570/1570 1547/1547/1547 1548/1548/1548
f 1571/1571/1571 1544/1544/1544 1545/1545/1545 1546/1546/1546
f 1570/1570/1570 1571/1571/1571 1546/1546/1546 1547/1547/1547
f 1568/1568/1568 1569/1569/1569 1548/1548/1548 1549/1549/1549
f 1551/1551/1551 1552/1552/1552 1565/1565/1565 1566/1566/1566
f 1584/1584/1584 1582/1582/1582 1581/1581/1581 1583/1583/1583
f 1581/1581/1581 1579/1579/1579 1578/1578/1578 1580/1580/1580
f 1577/1577/1577 1572/1572/1572 1578/1578/1578
f 1574/1574/1574 1580/1580/1580 1578/1578/1578
f 1579/1579/1579 1577/1577/1577 1578/1578/1578
f 1579/1579/1579 1582/1582/1582 1573/1573/1573
f 1579/1579/1579 1573/1573/1573 1577/1577/1577
f 1583/1583/1583 1581/1581/1581 1580/1580/1580
f 1581/1581/1581 1582/1582/1582 1579/1579/1579
f 1574/1574/1574 1578/1578/1578 1572/1572/1572
f 1580/1580/1580 1585/1585/1585 1586/1586/1586
f 1580/1580/1580 1586/1586/1586 1583/1583/1583
f 1586/1586/1586 1576/1576/1576 1584/1584/1584 1583/1583/1583
f 1575/1575/1575 1582/1582/1582 1584/1584/1584
f 1584/1584/1584 1576/1576/1576 1575/1575/1575
f 1573/1573/1573 1582/1582/1582 1575/1575/1575
f 1574/1574/1574 1585/1585/1585 1580/1580/1580
f 1610/1610/1610 1612/1612/1612 1611/1611/1611 1609/1609/1609
f 1609/1609/1609 1611/1611/1611 1614/1614/1614 1613/1613/1613
f 1602/1602/1602 1601/1601/1601 1597/1597/1597 1598/1598/1598
f 1598/1598/1598 1597/1597/1597 1599/1599/1599 1600/1600/1600
f 1608/1608/1608 1587/1587/1587 1614/1614/1614
f 1591/1591/1591 1614/1614/1614 1587/1587/1587
f 1611/1611/1611 1608/1608/1608 1614/1614/1614
f 1613/1613/1613 1591/1591/1591 1592/1592/1592
f 1609/1609/1609 1613/1613/1613 1593/1593/1593
f 1591/1591/1591 1613/1613/1613 1614/1614/1614
f 1612/1612/1612 1608/1608/1608 1611/1611/1611
f 1607/1607/1607 1588/1588/1588 1612/1612/1612
f 1608/1608/1608 1612/1612/1612 1588/1588/1588
f 1610/1610/1610 1607/1607/1607 1612/1612/1612
f 1605/1605/1605 1610/1610/1610 1609/1609/1609
f 1610/1610/1610 1605/1605/1605 1606/1606/1606
f 1597/1597/1597 1605/1605/1605 1609/1609/1609
f 1607/1607/1607 1610/1610/1610 1606/1606/1606
f 1592/1592/1592 1593/1593/1593 1613/1613/1613
f 1599/1599/1599 1593/1593/1593 1594/1594/1594
f 1594/1594/1594 1595/1595/1595 1600/1600/1600 1599/1599/1599
f 1597/1597/1597 1593/1593/1593 1599/1599/1599
f 1600/1600/1600 1595/1595/1595 1589/1589/1589
f 1600/1600/1600 1589/1589/1589 1596/1596/1596
f 1597/1597/1597 1601/1601/1601 1605/1605/1605
f 1603/1603/1603 1604/1604/1604 1601/1601/1601 1602/1602/1602
f 1601/1601/1601 1604/1604/1604 1605/1605/1605
f 1602/1602/1602 1598/1598/1598 1596/1596/1596
f 1600/1600/1600 1596/1596/1596 1598/1598/1598
f 1603/1603/1603 1602/1602/1602 1590/1590/1590
f 1596/1596/1596 1590/1590/1590 1602/1602/1602
f 1593/1593/1593 1597/1597/1597 1609/1609/1609
f 1627/1627/1627 1629/1629/1629 1628/1628/1628 1626/1626/1626
f 1624/1624/1624 1626/1626/1626 1625/1625/1625 1623/1623/1623
f 1623/1623/1623 1625/1625/1625 1634/1634/1634 1633/1633/1633
f 1634/1634/1634 1630/1630/1630 1615/1615/1615
f 1632/1632/1632 1630/1630/1630 1625/1625/1625
f 1634/1634/1634 1625/1625/1625 1630/1630/1630
f 1628/1628/1628 1632/1632/1632 1625/1625/1625
f 1634/1634/1634 1615/1615/1615 1619/1619/1619
f 1622/1622/1622 1631/1631/1631 1628/1628/1628 1629/1629/1629
f 1616/1616/1616 1622/1622/1622 1629/1629/1629
f 1627/1627/1627 1616/1616/1616 1629/1629/1629
f 1628/1628/1628 1631/1631/1631 1632/1632/1632
f 1626/1626/1626 1628/1628/1628 1625/1625/1625
f 1617/1617/1617 1633/1633/1633 1619/1619/1619
f 1623/1623/1623 1633/1633/1633 1620/1620/1620
f 1617/1617/1617 1620/1620/1620 1633/1633/1633
f 1624/1624/1624 1623/1623/1623 1620/1620/1620
f 1624/1624/1624 1627/1627/1627 1626/1626/1626
f 1621/1621/1621 1624/1624/1624 1618/1618/1618
f 1620/1620/1620 1618/1618/1618 1624/1624/1624
f 1627/1627/1627 1624/1624/1624 1621/1621/1621
f 1616/1616/1616 1627/1627/1627 1621/1621/1621
f 1619/1619/1619 1633/1633/1633 1634/1634/1634
f 1640/1640/1640 1641/1641/1641 1635/1635/1635 1638/1638/1638
f 1638/1638/1638 1636/1636/1636 1637/1637/1637 1639/1639/1639
f 1640/1640/1640 1638/1638/1638 1639/1639/1639
f 1655/1655/1655 1653/1653/1653 1652/1652/1652 1654/1654/1654
f 1652/1652/1652 1650/1650/1650 1649/1649/1649 1651/1651/1651
f 1642/1642/1642 1646/1646/1646 1649/1649/1649 1648/1648/1648
f 1651/1651/1651 1649/1649/1649 1646/1646/1646
f 1650/1650/1650 1648/1648/1648 1649/1649/1649
f 1650/1650/1650 1656/1656/1656 1643/1643/1643
f 1653/1653/1653 1656/1656/1656 1650/1650/1650
f 1648/1648/1648 1650/1650/1650 1643/1643/1643
f 1651/1651/1651 1646/1646/1646 1644/1644/1644
f 1651/1651/1651 1657/1657/1657 1658/1658/1658
f 1644/1644/1644 1657/1657/1657 1651/1651/1651
f 1658/1658/1658 1654/1654/1654 1651/1651/1651
f 1652/1652/1652 1651/1651/1651 1654/1654/1654
f 1645/1645/1645 1655/1655/1655 1647/1647/1647
f 1654/1654/1654 1647/1647/1647 1655/1655/1655
f 1653/1653/1653 1655/1655/1655 1645/1645/1645
f 1647/1647/1647 1654/1654/1654 1658/1658/1658
f 1656/1656/1656 1653/1653/1653 1645/1645/1645
f 1650/1650/1650 1652/1652/1652 1653/1653/1653
f 1666/1666/1666 1659/1659/1659 1663/1663/1663
f 1666/1666/1666 1665/1665/1665 1660/1660/1660
f 1664/1664/1664 1666/1666/1666 1663/1663/1663
f 1666/1666/1666 1664/1664/1664 1665/1665/1665
f 1664/1664/1664 1662/1662/1662 1665/1665/1665
f 1661/1661/1661 1664/1664/1664 1663/1663/1663
f 1674/1674/1674 1667/1667/1667 1671/1671/1671
f 1674/1674/1674 1673/1673/1673 1668/1668/1668
f 1672/1672/1672 1674/1674/1674 1671/1671/1671 1669/1669/1669
f 1674/1674/1674 1672/1672/1672 1670/1670/1670 1673/1673/1673
f 1680/1680/1680 1675/1675/1675 1677/1677/1677 1679/1679/1679
f 1676/1676/1676 1680/1680/1680 1679/1679/1679 1678/1678/1678
f 1688/1688/1688 1681/1681/1681 1685/1685/1685
f 1688/1688/1688 1687/1687/1687 1682/1682/1682
f 1686/1686/1686 1688/1688/1688 1685/1685/1685
f 1688/1688/1688 1686/1686/1686 1687/1687/1687
f 1686/1686/1686 1684/1684/1684 1687/1687/1687
f 1683/1683/1683 1686/1686/1686 1685/1685/1685
f 1694/1694/1694 1689/1689/1689 1691/1691/1691 1693/1693/1693
f 1690/1690/1690 1694/1694/1694 1693/1693/1693 1692/1692/1692
f 1702/1702/1702 1695/1695/1695 1699/1699/1699
f 1702/1702/1702 1701/1701/1701 1696/1696/1696
f 1700/1700/1700 1702/1702/1702 1699/1699/1699
f 1702/1702/1702 1700/1700/1700 1701/1701/1701
f 1700/1700/1700 1698/1698/1698 1701/1701/1701
f 1697/1697/1697 1700/1700/1700 1699/1699/1699
f 1714/1714/1714 1716/1716/1716 1715/1715/1715 1710/1710/1710
f 1710/1710/1710 1715/1715/1715 1718/1718/1718 1717/1717/1717
f 1718/1718/1718 1713/1713/1713 1703/1703/1703
f 1718/1718/1718 1715/1715/1715 1709/1709/1709 1713/1713/1713
f 1718/1718/1718 1703/1703/1703 1707/1707/1707
f 1716/1716/1716 1704/1704/1704 1712/1712/1712
f 1715/1715/1715 1716/1716/1716 1712/1712/1712 1709/1709/1709
f 1711/1711/1711 1704/1704/1704 1716/1716/1716
f 1705/1705/1705 1717/1717/1717 1707/1707/1707
f 1705/1705/1705 1708/1708/1708 1717/1717/1717
f 1710/1710/1710 1717/1717/1717 1708/1708/1708
f 1706/1706/1706 1711/1711/1711 1714/1714/1714
f 1714/1714/1714 1711/1711/1711 1716/1716/1716
f 1714/1714/1714 1708/1708/1708 1706/1706/1706
f 1708/1708/1708 1714/1714/1714 1710/1710/1710
f 1717/1717/1717 1718/1718/1718 1707/1707/1707
f 1728/1728/1728 1719/1719/1719 1721/1721/1721 1723/1723/1723
f 1726/1726/1726 1727/1727/1727 1724/1724/1724 1725/1725/1725
f 1720/1720/1720 1726/1726/1726 1725/1725/1725 1722/1722/1722
f 1727/1727/1727 1728/1728/1728 1723/1723/1723 1724/1724/1724
f 1735/1735/1735 1729/1729/1729 1731/1731/1731 1736/1736/1736
f 1730/1730/1730 1734/1734/1734 1737/1737/1737 1732/1732/1732
f 1734/1734/1734 1735/1735/1735 1736/1736/1736 1733/1733/1733
f 1734/1734/1734 1733/1733/1733 1737/1737/1737
f 1858/1858/1858 1857/1857/1857 1859/1859/1859 1860/1860/1860
f 1836/1836/1836 1837/1837/1837 1841/1841/1841 1838/1838/1838
f 1839/1839/1839 1838/1838/1838 1841/1841/1841
f 1837/1837/1837 1835/1835/1835 1840/1840/1840 1841/1841/1841
f 1756/1756/1756 1755/1755/1755 1754/1754/1754
f 1956/1956/1956 1756/1756/1756 1754/1754/1754
f 1757/1757/1757 1955/1955/1955 1954/1954/1954 1758/1758/1758
f 1759/1759/1759 1953/1953/1953 1952/1952/1952 1760/1760/1760
f 1758/1758/1758 1954/1954/1954 1953/1953/1953 1759/1759/1759
f 1756/1756/1756 1956/1956/1956 1955/1955/1955 1757/1757/1757
f 1761/1761/1761 1951/1951/1951 1950/1950/1950 1762/1762/1762
f 1763/1763/1763 1949/1949/1949 1948/1948/1948 1764/1764/1764
f 1762/1762/1762 1950/1950/1950 1949/1949/1949 1763/1763/1763
f 1765/1765/1765 1947/1947/1947 1946/1946/1946 1766/1766/1766
f 1767/1767/1767 1945/1945/1945 1944/1944/1944 1768/1768/1768
f 1766/1766/1766 1946/1946/1946 1945/1945/1945 1767/1767/1767
f 1764/1764/1764 1948/1948/1948 1947/1947/1947 1765/1765/1765
f 1760/1760/1760 1952/1952/1952 1951/1951/1951 1761/1761/1761
f 1752/1752/1752 1958/1958/1958 1957/1957/1957 1753/1753/1753
f 1956/1956/1956 1754/1754/1754 1753/1753/1753 1957/1957/1957
f 1943/1943/1943 1769/1769/1769 1768/1768/1768 1944/1944/1944
f 1770/1770/1770 1942/1942/1942 1941/1941/1941 1771/1771/1771
f 1771/1771/1771 1941/1941/1941 1940/1940/1940 1772/1772/1772
f 1929/1929/1929 1940/1940/1940 1939/1939/1939 1930/1930/1930
f 1928/1928/1928 1772/1772/1772 1929/1929/1929
f 1772/1772/1772 1926/1926/1926 1925/1925/1925 1773/1773/1773
f 1772/1772/1772 1928/1928/1928 1927/1927/1927
f 1927/1927/1927 1926/1926/1926 1772/1772/1772
f 1772/1772/1772 1940/1940/1940 1929/1929/1929
f 1778/1778/1778 1777/1777/1777 1776/1776/1776
f 1919/1919/1919 1776/1776/1776 1775/1775/1775
f 1779/1779/1779 1778/1778/1778 1780/1780/1780
f 1775/1775/1775 1774/1774/1774 1920/1920/1920
f 1919/1919/1919 1778/1778/1778 1776/1776/1776
f 1918/1918/1918 1780/1780/1780 1778/1778/1778
f 1773/1773/1773 1922/1922/1922 1921/1921/1921 1774/1774/1774
f 1918/1918/1918 1781/1781/1781 1780/1780/1780
f 1773/1773/1773 1924/1924/1924 1923/1923/1923
f 1924/1924/1924 1773/1773/1773 1925/1925/1925
f 1942/1942/1942 1770/1770/1770 1769/1769/1769 1943/1943/1943
f 1775/1775/1775 1920/1920/1920 1919/1919/1919
f 1920/1920/1920 1774/1774/1774 1921/1921/1921
f 1917/1917/1917 1908/1908/1908 1907/1907/1907 1918/1918/1918
f 1781/1781/1781 1918/1918/1918 1907/1907/1907
f 1907/1907/1907 1906/1906/1906 1781/1781/1781
f 1918/1918/1918 1778/1778/1778 1919/1919/1919
f 1922/1922/1922 1773/1773/1773 1923/1923/1923
f 1751/1751/1751 1959/1959/1959 1958/1958/1958 1752/1752/1752
f 1749/1749/1749 1961/1961/1961 1960/1960/1960 1750/1750/1750
f 1959/1959/1959 1751/1751/1751 1750/1750/1750 1960/1960/1960
f 1977/1977/1977 1976/1976/1976 1975/1975/1975
f 1977/1977/1977 1975/1975/1975 1974/1974/1974 1978/1978/1978
f 1962/1962/1962 1746/1746/1746 1745/1745/1745 1963/1963/1963
f 1743/1743/1743 1965/1965/1965 1964/1964/1964
f 1963/1963/1963 1745/1745/1745 1744/1744/1744 1964/1964/1964
f 1961/1961/1961 1749/1749/1749 1748/1748/1748 1962/1962/1962
f 1747/1747/1747 1962/1962/1962 1748/1748/1748
f 1747/1747/1747 1746/1746/1746 1962/1962/1962
f 1965/1965/1965 1743/1743/1743 1966/1966/1966
f 1967/1967/1967 1966/1966/1966 1743/1743/1743
f 1743/1743/1743 1964/1964/1964 1744/1744/1744
f 1743/1743/1743 1742/1742/1742 1967/1967/1967
f 1742/1742/1742 1969/1969/1969 1968/1968/1968
f 1970/1970/1970 1741/1741/1741 1740/1740/1740 1971/1971/1971
f 1741/1741/1741 1970/1970/1970 1969/1969/1969
f 1969/1969/1969 1742/1742/1742 1741/1741/1741
f 1739/1739/1739 1972/1972/1972 1971/1971/1971 1740/1740/1740
f 1967/1967/1967 1742/1742/1742 1968/1968/1968
f 1930/1930/1930 1939/1939/1939 1938/1938/1938 1931/1931/1931
f 1937/1937/1937 1932/1932/1932 1931/1931/1931 1938/1938/1938
f 1933/1933/1933 1936/1936/1936 1935/1935/1935 1934/1934/1934
f 1932/1932/1932 1937/1937/1937 1936/1936/1936 1933/1933/1933
f 1908/1908/1908 1917/1917/1917 1916/1916/1916 1909/1909/1909
f 1915/1915/1915 1910/1910/1910 1909/1909/1909 1916/1916/1916
f 1910/1910/1910 1915/1915/1915 1913/1913/1913
f 1914/1914/1914 1913/1913/1913 1915/1915/1915
f 1912/1912/1912 1910/1910/1910 1913/1913/1913
f 1911/1911/1911 1910/1910/1910 1912/1912/1912
f 1973/1973/1973 1983/1983/1983 1982/1982/1982 1974/1974/1974
f 1982/1982/1982 1978/1978/1978 1974/1974/1974
f 1972/1972/1972 1984/1984/1984 1983/1983/1983 1973/1973/1973
f 1738/1738/1738 1984/1984/1984 1972/1972/1972
f 1984/1984/1984 1738/1738/1738 1985/1985/1985
f 1739/1739/1739 1738/1738/1738 1972/1972/1972
f 1982/1982/1982 1981/1981/1981 1978/1978/1978
f 1978/1978/1978 1981/1981/1981 1980/1980/1980 1979/1979/1979
f 1905/1905/1905 1782/1782/1782 1781/1781/1781 1906/1906/1906
f 1782/1782/1782 1905/1905/1905 1904/1904/1904 1783/1783/1783
f 1783/1783/1783 1904/1904/1904 1903/1903/1903 1784/1784/1784
f 1785/1785/1785 1902/1902/1902 1901/1901/1901 1786/1786/1786
f 1787/1787/1787 1900/1900/1900 1899/1899/1899 1788/1788/1788
f 1786/1786/1786 1901/1901/1901 1900/1900/1900 1787/1787/1787
f 1784/1784/1784 1903/1903/1903 1902/1902/1902 1785/1785/1785
f 1789/1789/1789 1898/1898/1898 1897/1897/1897 1790/1790/1790
f 1791/1791/1791 1896/1896/1896 1895/1895/1895 1792/1792/1792
f 1790/1790/1790 1897/1897/1897 1896/1896/1896 1791/1791/1791
f 1793/1793/1793 1894/1894/1894 1893/1893/1893 1794/1794/1794
f 1794/1794/1794 1893/1893/1893 1892/1892/1892 1795/1795/1795
f 1792/1792/1792 1895/1895/1895 1894/1894/1894 1793/1793/1793
f 1788/1788/1788 1899/1899/1899 1898/1898/1898 1789/1789/1789
f 1881/1881/1881 1795/1795/1795 1892/1892/1892
f 1890/1890/1890 1883/1883/1883 1882/1882/1882 1891/1891/1891
f 1891/1891/1891 1882/1882/1882 1881/1881/1881 1892/1892/1892
f 1880/1880/1880 1796/1796/1796 1795/1795/1795 1881/1881/1881
f 1879/1879/1879 1797/1797/1797 1796/1796/1796
f 1879/1879/1879 1798/1798/1798 1797/1797/1797
f 1878/1878/1878 1800/1800/1800 1799/1799/1799
f 1877/1877/1877 1802/1802/1802 1801/1801/1801
f 1877/1877/1877 1801/1801/1801 1800/1800/1800
f 1878/1878/1878 1799/1799/1799 1798/1798/1798
f 1812/1812/1812 1811/1811/1811 1813/1813/1813
f 1875/1875/1875 1805/1805/1805 1804/1804/1804
f 1874/1874/1874 1807/1807/1807 1806/1806/1806
f 1805/1805/1805 1875/1875/1875 1874/1874/1874 1806/1806/1806
f 1811/1811/1811 1814/1814/1814 1813/1813/1813
f 1876/1876/1876 1804/1804/1804 1803/1803/1803
f 1876/1876/1876 1803/1803/1803 1802/1802/1802
f 1879/1879/1879 1796/1796/1796 1880/1880/1880
f 1878/1878/1878 1877/1877/1877 1800/1800/1800
f 1798/1798/1798 1879/1879/1879 1878/1878/1878
f 1873/1873/1873 1808/1808/1808 1807/1807/1807
f 1876/1876/1876 1802/1802/1802 1877/1877/1877
f 1876/1876/1876 1875/1875/1875 1804/1804/1804
f 1807/1807/1807 1874/1874/1874 1873/1873/1873
f 1872/1872/1872 1810/1810/1810 1809/1809/1809 1873/1873/1873
f 1808/1808/1808 1873/1873/1873 1809/1809/1809
f 1810/1810/1810 1872/1872/1872 1871/1871/1871 1811/1811/1811
f 1816/1816/1816 1815/1815/1815 1870/1870/1870
f 1870/1870/1870 1815/1815/1815 1814/1814/1814 1871/1871/1871
f 1871/1871/1871 1814/1814/1814 1811/1811/1811
f 1889/1889/1889 1884/1884/1884 1883/1883/1883 1890/1890/1890
f 1885/1885/1885 1888/1888/1888 1887/1887/1887 1886/1886/1886
f 1884/1884/1884 1889/1889/1889 1888/1888/1888 1885/1885/1885
f 1859/1859/1859 1857/1857/1857 1853/1853/1853
f 1862/1862/1862 1859/1859/1859 1853/1853/1853
f 1859/1859/1859 1862/1862/1862 1861/1861/1861
f 1860/1860/1860 1861/1861/1861 1856/1856/1856
f 1855/1855/1855 1860/1860/1860 1856/1856/1856
f 1859/1859/1859 1861/1861/1861 1860/1860/1860
f 1860/1860/1860 1855/1855/1855 1858/1858/1858
f 1852/1852/1852 1863/1863/1863 1862/1862/1862
f 1831/1831/1831 1839/1839/1839 1832/1832/1832
f 1832/1832/1832 1839/1839/1839 1833/1833/1833
f 1833/1833/1833 1839/1839/1839 1841/1841/1841
f 1838/1838/1838 1839/1839/1839 1830/1830/1830
f 1827/1827/1827 1826/1826/1826 1828/1828/1828
f 1839/1839/1839 1831/1831/1831 1830/1830/1830
f 1842/1842/1842 1834/1834/1834 1833/1833/1833
f 1833/1833/1833 1840/1840/1840 1842/1842/1842
f 1840/1840/1840 1843/1843/1843 1842/1842/1842
f 1835/1835/1835 1843/1843/1843 1840/1840/1840
f 1833/1833/1833 1841/1841/1841 1840/1840/1840
f 1828/1828/1828 1846/1846/1846 1845/1845/1845 1829/1829/1829
f 1830/1830/1830 1829/1829/1829 1845/1845/1845
f 1830/1830/1830 1836/1836/1836 1838/1838/1838
f 1846/1846/1846 1828/1828/1828 1826/1826/1826
f 1868/1868/1868 1870/1870/1870 1869/1869/1869
f 1867/1867/1867 1818/1818/1818 1817/1817/1817 1868/1868/1868
f 1851/1851/1851 1864/1864/1864 1863/1863/1863 1852/1852/1852
f 1849/1849/1849 1822/1822/1822 1821/1821/1821 1850/1850/1850
f 1850/1850/1850 1865/1865/1865 1864/1864/1864 1851/1851/1851
f 1866/1866/1866 1819/1819/1819 1818/1818/1818 1867/1867/1867
f 1816/1816/1816 1870/1870/1870 1817/1817/1817
f 1819/1819/1819 1866/1866/1866 1865/1865/1865 1820/1820/1820
f 1850/1850/1850 1821/1821/1821 1820/1820/1820
f 1850/1850/1850 1820/1820/1820 1865/1865/1865
f 1868/1868/1868 1817/1817/1817 1870/1870/1870
f 1858/1858/1858 1855/1855/1855 1854/1854/1854
f 1844/1844/1844 1843/1843/1843 1835/1835/1835
f 1857/1857/1857 1854/1854/1854 1853/1853/1853
f 1837/1837/1837 1844/1844/1844 1835/1835/1835
f 1836/1836/1836 1844/1844/1844 1837/1837/1837
f 1836/1836/1836 1845/1845/1845 1844/1844/1844
f 1836/1836/1836 1830/1830/1830 1845/1845/1845
f 1857/1857/1857 1858/1858/1858 1854/1854/1854
f 1848/1848/1848 1824/1824/1824 1823/1823/1823 1849/1849/1849
f 1849/1849/1849 1823/1823/1823 1822/1822/1822
f 1847/1847/1847 1825/1825/1825 1824/1824/1824 1848/1848/1848
f 1847/1847/1847 1846/1846/1846 1825/1825/1825
f 1826/1826/1826 1825/1825/1825 1846/1846/1846
f 1852/1852/1852 1862/1862/1862 1853/1853/1853
f 1989/1989/1989 1988/1988/1988 1991/1991/1991 1992/1992/1992
f 1992/1992/1992 1991/1991/1991 1990/1990/1990 1993/1993/1993
f 1993/1993/1993 1990/1990/1990 1987/1987/1987 1986/1986/1986
f 1998/1998/1998 1999/1999/1999 1996/1996/1996 1994/1994/1994
f 1995/1995/1995 1997/1997/1997 1999/1999/1999 1998/1998/1998
f 2007/2007/2007 2004/2004/2004 2002/2002/2002 2000/2000/2000
f 2001/2001/2001 2003/2003/2003 2005/2005/2005 2006/2006/2006
f 2006/2006/2006 2005/2005/2005 2004/2004/2004 2007/2007/2007
f 2010/2010/2010 2011/2011/2011 2014/2014/2014
f 2013/2013/2013 2010/2010/2010 2014/2014/2014 2015/2015/2015
f 2016/2016/2016 2013/2013/2013 2015/2015/2015
f 2012/2012/2012 2016/2016/2016 2017/2017/2017
f 2012/2012/2012 2017/2017/2017 2018/2018/2018
f 2009/2009/2009 2012/2012/2012 2018/2018/2018 2008/2008/2008
f 2013/2013/2013 2016/2016/2016 2012/2012/2012
f 2019/2019/2019 2028/2028/2028 2027/2027/2027 2020/2020/2020
f 2028/2028/2028 2029/2029/2029 2026/2026/2026 2027/2027/2027
f 2025/2025/2025 2026/2026/2026 2029/2029/2029 2030/2030/2030
f 2031/2031/2031 2032/2032/2032 2023/2023/2023 2024/2024/2024
f 2032/2032/2032 2021/2021/2021 2022/2022/2022 2023/2023/2023
f 2024/2024/2024 2025/2025/2025 2030/2030/2030 2031/2031/2031
f 2034/2034/2034 2040/2040/2040 2039/2039/2039 2033/2033/2033
f 2040/2040/2040 2041/2041/2041 2038/2038/2038 2039/2039/2039
f 2042/2042/2042 2035/2035/2035 2036/2036/2036 2037/2037/2037
f 2037/2037/2037 2038/2038/2038 2041/2041/2041 2042/2042/2042
f 2048/2048/2048 2043/2043/2043 2045/2045/2045 2047/2047/2047
f 2044/2044/2044 2048/2048/2048 2047/2047/2047 2046/2046/2046
f 2053/2053/2053 2049/2049/2049 2051/2051/2051 2054/2054/2054
f 2050/2050/2050 2053/2053/2053 2054/2054/2054 2052/2052/2052
f 2056/2056/2056 2055/2055/2055 2071/2071/2071 2072/2072/2072
f 2072/2072/2072 2071/2071/2071 2070/2070/2070 2073/2073/2073
f 2074/2074/2074 2069/2069/2069 2068/2068/2068 2075/2075/2075
f 2076/2076/2076 2067/2067/2067 2066/2066/2066 2077/2077/2077
f 2075/2075/2075 2068/2068/2068 2067/2067/2067 2076/2076/2076
f 2073/2073/2073 2070/2070/2070 2069/2069/2069 2074/2074/2074
f 2065/2065/2065 2078/2078/2078 2077/2077/2077 2066/2066/2066
f 2079/2079/2079 2064/2064/2064 2063/2063/2063 2080/2080/2080
f 2080/2080/2080 2063/2063/2063 2062/2062/2062 2081/2081/2081
f 2082/2082/2082 2061/2061/2061 2060/2060/2060 2083/2083/2083
f 2084/2084/2084 2059/2059/2059 2058/2058/2058 2057/2057/2057
f 2083/2083/2083 2060/2060/2060 2059/2059/2059 2084/2084/2084
f 2081/2081/2081 2062/2062/2062 2061/2061/2061 2082/2082/2082
f 2064/2064/2064 2079/2079/2079 2078/2078/2078 2065/2065/2065
f 2085/2085/2085 2088/2088/2088 2092/2092/2092 2093/2093/2093
f 2092/2092/2092 2088/2088/2088 2091/2091/2091
f 2089/2089/2089 2086/2086/2086 2087/2087/2087 2090/2090/2090
f 2089/2089/2089 2090/2090/2090 2091/2091/2091
f 2088/2088/2088 2089/2089/2089 2091/2091/2091
f 2094/2094/2094 2097/2097/2097 2101/2101/2101 2102/2102/2102
f 2101/2101/2101 2097/2097/2097 2100/2100/2100
f 2098/2098/2098 2095/2095/2095 2096/2096/2096 2099/2099/2099
f 2098/2098/2098 2099/2099/2099 2100/2100/2100
f 2097/2097/2097 2098/2098/2098 2100/2100/2100
f 2104/2104/2104 2109/2109/2109 2108/2108/2108 2103/2103/2103
f 2109/2109/2109 2110/2110/2110 2107/2107/2107 2108/2108/2108
f 2110/2110/2110 2105/2105/2105 2106/2106/2106 2107/2107/2107
f 2116/2116/2116 2111/2111/2111 2113/2113/2113 2115/2115/2115
f 2112/2112/2112 2116/2116/2116 2115/2115/2115 2114/2114/2114
f 2121/2121/2121 2117/2117/2117 2119/2119/2119 2122/2122/2122
f 2118/2118/2118 2121/2121/2121 2122/2122/2122 2120/2120/2120
f 2123/2123/2123 2129/2129/2129 2124/2124/2124
f 2128/2128/2128 2130/2130/2130 2129/2129/2129
f 2123/2123/2123 2128/2128/2128 2129/2129/2129
f 2131/2131/2131 2130/2130/2130 2128/2128/2128
f 2132/2132/2132 2131/2131/2131 2128/2128/2128
f 2127/2127/2127 2133/2133/2133 2132/2132/2132
f 2127/2127/2127 2134/2134/2134 2133/2133/2133
f 2126/2126/2126 2135/2135/2135 2134/2134/2134 2127/2127/2127
f 2135/2135/2135 2126/2126/2126 2125/2125/2125
f 2128/2128/2128 2127/2127/2127 2132/2132/2132
f 2147/2147/2147 2142/2142/2142 2136/2136/2136
f 2146/2146/2146 2147/2147/2147 2136/2136/2136 2140/2140/2140
f 2142/2142/2142 2147/2147/2147 2148/2148/2148
f 2149/2149/2149 2137/2137/2137 2148/2148/2148
f 2142/2142/2142 2148/2148/2148 2137/2137/2137
f 2149/2149/2149 2150/2150/2150 2143/2143/2143 2137/2137/2137
f 2138/2138/2138 2145/2145/2145 2140/2140/2140
f 2145/2145/2145 2138/2138/2138 2144/2144/2144
f 2139/2139/2139 2143/2143/2143 2151/2151/2151
f 2151/2151/2151 2143/2143/2143 2150/2150/2150
f 2151/2151/2151 2141/2141/2141 2139/2139/2139
f 2140/2140/2140 2145/2145/2145 2146/2146/2146
f 2161/2161/2161 2163/2163/2163 2162/2162/2162 2158/2158/2158
f 2158/2158/2158 2162/2162/2162 2165/2165/2165 2164/2164/2164
f 2160/2160/2160 2152/2152/2152 2165/2165/2165
f 2155/2155/2155 2165/2165/2165 2152/2152/2152
f 2162/2162/2162 2160/2160/2160 2165/2165/2165
f 2159/2159/2159 2160/2160/2160 2163/2163/2163
f 2162/2162/2162 2163/2163/2163 2160/2160/2160
f 2159/2159/2159 2163/2163/2163 2157/2157/2157
f 2163/2163/2163 2161/2161/2161 2157/2157/2157
f 2164/2164/2164 2155/2155/2155 2153/2153/2153
f 2158/2158/2158 2164/2164/2164 2153/2153/2153
f 2165/2165/2165 2155/2155/2155 2164/2164/2164
f 2154/2154/2154 2161/2161/2161 2158/2158/2158
f 2161/2161/2161 2154/2154/2154 2156/2156/2156
f 2154/2154/2154 2158/2158/2158 2153/2153/2153
f 2157/2157/2157 2161/2161/2161 2156/2156/2156
f 2185/2185/2185 2183/2183/2183 2182/2182/2182 2184/2184/2184
f 2182/2182/2182 2180/2180/2180 2179/2179/2179 2181/2181/2181
f 2179/2179/2179 2177/2177/2177 2176/2176/2176 2178/2178/2178
f 2176/2176/2176 2174/2174/2174 2170/2170/2170 2175/2175/2175
f 2167/2167/2167 2186/2186/2186 2173/2173/2173 2166/2166/2166
f 2170/2170/2170 2187/2187/2187 2175/2175/2175
f 2168/2168/2168 2175/2175/2175 2187/2187/2187
f 2186/2186/2186 2187/2187/2187 2170/2170/2170
f 2170/2170/2170 2173/2173/2173 2186/2186/2186
f 2172/2172/2172 2173/2173/2173 2170/2170/2170
f 2177/2177/2177 2174/2174/2174 2176/2176/2176
f 2172/2172/2172 2174/2174/2174 2177/2177/2177
f 2170/2170/2170 2174/2174/2174 2172/2172/2172
f 2180/2180/2180 2172/2172/2172 2177/2177/2177
f 2176/2176/2176 2175/2175/2175 2178/2178/2178
f 2181/2181/2181 2179/2179/2179 2178/2178/2178
f 2168/2168/2168 2181/2181/2181 2178/2178/2178
f 2184/2184/2184 2181/2181/2181 2168/2168/2168
f 2168/2168/2168 2178/2178/2178 2175/2175/2175
f 2177/2177/2177 2179/2179/2179 2180/2180/2180
f 2181/2181/2181 2184/2184/2184 2182/2182/2182
f 2180/2180/2180 2182/2182/2182 2183/2183/2183
f 2171/2171/2171 2185/2185/2185 2169/2169/2169
f 2184/2184/2184 2169/2169/2169 2185/2185/2185
f 2183/2183/2183 2185/2185/2185 2171/2171/2171
f 2169/2169/2169 2184/2184/2184 2168/2168/2168
f 2183/2183/2183 2171/2171/2171 2172/2172/2172
f 2180/2180/2180 2183/2183/2183 2172/2172/2172
f 2193/2193/2193 2188/2188/2188 2190/2190/2190 2192/2192/2192
f 2189/2189/2189 2193/2193/2193 2192/2192/2192 2191/2191/2191
f 2198/2198/2198 2194/2194/2194 2196/2196/2196 2199/2199/2199
f 2195/2195/2195 2198/2198/2198 2199/2199/2199 2197/2197/2197
f 2228/2228/2228 2227/2227/2227 2225/2225/2225 2226/2226/2226
f 2225/2225/2225 2224/2224/2224 2222/2222/2222 2223/2223/2223
f 2222/2222/2222 2221/2221/2221 2219/2219/2219 2220/2220/2220
f 2219/2219/2219 2218/2218/2218 2204/2204/2204 2217/2217/2217
f 2201/2201/2201 2200/2200/2200 2216/2216/2216 2229/2229/2229
f 2230/2230/2230 2215/2215/2215 2214/2214/2214 2231/2231/2231
f 2231/2231/2231 2214/2214/2214 2213/2213/2213 2232/2232/2232
f 2229/2229/2229 2216/2216/2216 2215/2215/2215 2230/2230/2230
f 2233/2233/2233 2212/2212/2212 2211/2211/2211 2234/2234/2234
f 2234/2234/2234 2204/2204/2204 2235/2235/2235
f 2235/2235/2235 2204/2204/2204 2236/2236/2236
f 2234/2234/2234 2211/2211/2211 2204/2204/2204
f 2232/2232/2232 2213/2213/2213 2212/2212/2212 2233/2233/2233
f 2210/2210/2210 2209/2209/2209 2217/2217/2217
f 2209/2209/2209 2208/2208/2208 2217/2217/2217
f 2204/2204/2204 2211/2211/2211 2210/2210/2210
f 2204/2204/2204 2237/2237/2237 2236/2236/2236
f 2218/2218/2218 2238/2238/2238 2237/2237/2237 2204/2204/2204
f 2221/2221/2221 2218/2218/2218 2219/2219/2219
f 2220/2220/2220 2219/2219/2219 2217/2217/2217
f 2218/2218/2218 2239/2239/2239 2238/2238/2238
f 2210/2210/2210 2217/2217/2217 2204/2204/2204
f 2218/2218/2218 2221/2221/2221 2202/2202/2202
f 2221/2221/2221 2222/2222/2222 2224/2224/2224
f 2223/2223/2223 2222/2222/2222 2220/2220/2220
f 2224/2224/2224 2202/2202/2202 2221/2221/2221
f 2202/2202/2202 2239/2239/2239 2218/2218/2218
f 2207/2207/2207 2220/2220/2220 2217/2217/2217
f 2223/2223/2223 2220/2220/2220 2206/2206/2206
f 2220/2220/2220 2207/2207/2207 2206/2206/2206
f 2223/2223/2223 2206/2206/2206 2226/2226/2226
f 2225/2225/2225 2223/2223/2223 2226/2226/2226
f 2225/2225/2225 2227/2227/2227 2224/2224/2224
f 2205/2205/2205 2203/2203/2203 2228/2228/2228
f 2227/2227/2227 2228/2228/2228 2203/2203/2203
f 2226/2226/2226 2205/2205/2205 2228/2228/2228
f 2203/2203/2203 2202/2202/2202 2227/2227/2227
f 2206/2206/2206 2205/2205/2205 2226/2226/2226
f 2227/2227/2227 2202/2202/2202 2224/2224/2224
f 2208/2208/2208 2207/2207/2207 2217/2217/2217
f 2243/2243/2243 2246/2246/2246 2247/2247/2247 2240/2240/2240
f 2246/2246/2246 2243/2243/2243 2244/2244/2244 2245/2245/2245
f 2241/2241/2241 2242/2242/2242 2245/2245/2245 2244/2244/2244
f 2307/2307/2307 2305/2305/2305 2303/2303/2303
f 2302/2302/2302 2304/2304/2304 2307/2307/2307
f 2303/2303/2303 2302/2302/2302 2307/2307/2307
f 2306/2306/2306 2305/2305/2305 2307/2307/2307 2309/2309/2309
f 2309/2309/2309 2307/2307/2307 2304/2304/2304 2308/2308/2308
f 2310/2310/2310 2302/2302/2302 2300/2300/2300
f 2260/2260/2260 2301/2301/2301 2310/2310/2310
f 2300/2300/2300 2260/2260/2260 2310/2310/2310
f 2304/2304/2304 2302/2302/2302 2310/2310/2310 2312/2312/2312
f 2312/2312/2312 2310/2310/2310 2301/2301/2301 2311/2311/2311
f 2313/2313/2313 2260/2260/2260 2258/2258/2258
f 2257/2257/2257 2259/2259/2259 2313/2313/2313
f 2258/2258/2258 2257/2257/2257 2313/2313/2313
f 2301/2301/2301 2260/2260/2260 2313/2313/2313 2315/2315/2315
f 2315/2315/2315 2313/2313/2313 2259/2259/2259 2314/2314/2314
f 2280/2280/2280 2257/2257/2257 2255/2255/2255
f 2254/2254/2254 2256/2256/2256 2280/2280/2280
f 2255/2255/2255 2254/2254/2254 2280/2280/2280
f 2259/2259/2259 2257/2257/2257 2280/2280/2280 2281/2281/2281
f 2281/2281/2281 2280/2280/2280 2256/2256/2256 2272/2272/2272
f 2265/2265/2265 2267/2267/2267 2266/2266/2266 2264/2264/2264
f 2255/2255/2255 2264/2264/2264 2263/2263/2263 2254/2254/2254
f 2276/2276/2276 2272/2272/2272 2277/2277/2277 2279/2279/2279
f 2283/2283/2283 2279/2279/2279 2277/2277/2277
f 2275/2275/2275 2278/2278/2278 2283/2283/2283
f 2277/2277/2277 2275/2275/2275 2283/2283/2283
f 2282/2282/2282 2279/2279/2279 2283/2283/2283 2285/2285/2285
f 2292/2292/2292 2285/2285/2285 2283/2283/2283
f 2278/2278/2278 2284/2284/2284 2292/2292/2292
f 2283/2283/2283 2278/2278/2278 2292/2292/2292
f 2291/2291/2291 2285/2285/2285 2292/2292/2292 2294/2294/2294
f 2294/2294/2294 2292/2292/2292 2284/2284/2284 2293/2293/2293
f 2277/2277/2277 2272/2272/2272 2256/2256/2256
f 2273/2273/2273 2275/2275/2275 2277/2277/2277
f 2256/2256/2256 2273/2273/2273 2277/2277/2277
f 2286/2286/2286 2275/2275/2275 2273/2273/2273
f 2271/2271/2271 2274/2274/2274 2286/2286/2286
f 2273/2273/2273 2271/2271/2271 2286/2286/2286
f 2284/2284/2284 2278/2278/2278 2295/2295/2295 2297/2297/2297
f 2297/2297/2297 2295/2295/2295 2288/2288/2288 2296/2296/2296
f 2295/2295/2295 2278/2278/2278 2275/2275/2275
f 2286/2286/2286 2288/2288/2288 2295/2295/2295
f 2275/2275/2275 2286/2286/2286 2295/2295/2295
f 2288/2288/2288 2286/2286/2286 2274/2274/2274 2287/2287/2287
f 2273/2273/2273 2256/2256/2256 2254/2254/2254
f 2270/2270/2270 2271/2271/2271 2273/2273/2273
f 2254/2254/2254 2270/2270/2270 2273/2273/2273
f 2274/2274/2274 2271/2271/2271 2289/2289/2289 2290/2290/2290
f 2252/2252/2252 2270/2270/2270 2248/2248/2248
f 2250/2250/2250 2290/2290/2290 2289/2289/2289
f 2289/2289/2289 2270/2270/2270 2252/2252/2252
f 2317/2317/2317 2316/2316/2316 2263/2263/2263
f 2270/2270/2270 2263/2263/2263 2316/2316/2316
f 2263/2263/2263 2270/2270/2270 2254/2254/2254
f 2270/2270/2270 2316/2316/2316 2248/2248/2248
f 2271/2271/2271 2270/2270/2270 2289/2289/2289
f 2287/2287/2287 2274/2274/2274 2290/2290/2290
f 2272/2272/2272 2276/2276/2276 2281/2281/2281
f 2296/2296/2296 2288/2288/2288 2287/2287/2287
f 2314/2314/2314 2259/2259/2259 2281/2281/2281
f 2287/2287/2287 2290/2290/2290 2250/2250/2250
f 2250/2250/2250 2289/2289/2289 2252/2252/2252
f 2317/2317/2317 2263/2263/2263 2266/2266/2266
f 2266/2266/2266 2263/2263/2263 2264/2264/2264
f 2262/2262/2262 2317/2317/2317 2266/2266/2266 2267/2267/2267
f 2267/2267/2267 2249/2249/2249 2262/2262/2262
f 2249/2249/2249 2267/2267/2267 2265/2265/2265
f 2261/2261/2261 2249/2249/2249 2265/2265/2265
f 2265/2265/2265 2264/2264/2264 2255/2255/2255
f 2258/2258/2258 2255/2255/2255 2257/2257/2257
f 2300/2300/2300 2261/2261/2261 2258/2258/2258
f 2255/2255/2255 2258/2258/2258 2261/2261/2261
f 2258/2258/2258 2260/2260/2260 2300/2300/2300
f 2303/2303/2303 2261/2261/2261 2300/2300/2300
f 2265/2265/2265 2255/2255/2255 2261/2261/2261
f 2268/2268/2268 2297/2297/2297 2296/2296/2296
f 2293/2293/2293 2284/2284/2284 2297/2297/2297
f 2282/2282/2282 2276/2276/2276 2279/2279/2279
f 2291/2291/2291 2282/2282/2282 2285/2285/2285
f 2298/2298/2298 2276/2276/2276 2282/2282/2282
f 2293/2293/2293 2297/2297/2297 2268/2268/2268
f 2250/2250/2250 2268/2268/2268 2296/2296/2296
f 2269/2269/2269 2293/2293/2293 2268/2268/2268
f 2269/2269/2269 2291/2291/2291 2294/2294/2294
f 2298/2298/2298 2282/2282/2282 2291/2291/2291
f 2269/2269/2269 2294/2294/2294 2293/2293/2293
f 2298/2298/2298 2291/2291/2291 2269/2269/2269
f 2296/2296/2296 2287/2287/2287 2250/2250/2250
f 2281/2281/2281 2298/2298/2298 2314/2314/2314
f 2311/2311/2311 2315/2315/2315 2314/2314/2314
f 2311/2311/2311 2301/2301/2301 2315/2315/2315
f 2300/2300/2300 2302/2302/2302 2303/2303/2303
f 2298/2298/2298 2299/2299/2299 2311/2311/2311
f 2314/2314/2314 2298/2298/2298 2311/2311/2311
f 2312/2312/2312 2308/2308/2308 2304/2304/2304
f 2309/2309/2309 2299/2299/2299 2253/2253/2253
f 2308/2308/2308 2312/2312/2312 2299/2299/2299
f 2311/2311/2311 2299/2299/2299 2312/2312/2312
f 2299/2299/2299 2309/2309/2309 2308/2308/2308
f 2305/2305/2305 2306/2306/2306 2251/2251/2251
f 2253/2253/2253 2306/2306/2306 2309/2309/2309
f 2306/2306/2306 2253/2253/2253 2251/2251/2251
f 2303/2303/2303 2305/2305/2305 2251/2251/2251
f 2261/2261/2261 2303/2303/2303 2251/2251/2251
f 2276/2276/2276 2298/2298/2298 2281/2281/2281
f 2318/2318/2318 2321/2321/2321 2324/2324/2324 2325/2325/2325
f 2321/2321/2321 2322/2322/2322 2323/2323/2323 2324/2324/2324
f 2322/2322/2322 2319/2319/2319 2320/2320/2320 2323/2323/2323
f 2326/2326/2326 2327/2327/2327 2333/2333/2333
f 2332/2332/2332 2333/2333/2333 2334/2334/2334
f 2326/2326/2326 2333/2333/2333 2332/2332/2332
f 2335/2335/2335 2332/2332/2332 2334/2334/2334
f 2331/2331/2331 2332/2332/2332 2335/2335/2335
f 2336/2336/2336 2337/2337/2337 2330/2330/2330 2331/2331/2331
f 2330/2330/2330 2337/2337/2337 2338/2338/2338
f 2329/2329/2329 2330/2330/2330 2338/2338/2338 2328/2328/2328
f 2335/2335/2335 2336/2336/2336 2331/2331/2331
f 2343/2343/2343 2339/2339/2339 2341/2341/2341 2344/2344/2344
f 2340/2340/2340 2343/2343/2343 2344/2344/2344 2342/2342/2342
f 2350/2350/2350 2345/2345/2345 2347/2347/2347 2349/2349/2349
f 2346/2346/2346 2350/2350/2350 2349/2349/2349 2348/2348/2348
f 2352/2352/2352 2351/2351/2351 2367/2367/2367
f 2368/2368/2368 2352/2352/2352 2367/2367/2367
f 2368/2368/2368 2366/2366/2366 2365/2365/2365 2369/2369/2369
f 2369/2369/2369 2364/2364/2364 2363/2363/2363 2370/2370/2370
f 2368/2368/2368 2367/2367/2367 2366/2366/2366
f 2370/2370/2370 2363/2363/2363 2362/2362/2362
f 2364/2364/2364 2369/2369/2369 2365/2365/2365
f 2362/2362/2362 2361/2361/2361 2370/2370/2370
f 2360/2360/2360 2371/2371/2371 2361/2361/2361
f 2370/2370/2370 2361/2361/2361 2371/2371/2371
f 2371/2371/2371 2360/2360/2360 2359/2359/2359
f 2372/2372/2372 2371/2371/2371 2359/2359/2359
f 2372/2372/2372 2358/2358/2358 2357/2357/2357 2373/2373/2373
f 2373/2373/2373 2356/2356/2356 2355/2355/2355 2353/2353/2353
f 2372/2372/2372 2359/2359/2359 2358/2358/2358
f 2353/2353/2353 2355/2355/2355 2354/2354/2354
f 2356/2356/2356 2373/2373/2373 2357/2357/2357
f 2374/2374/2374 2377/2377/2377 2381/2381/2381 2382/2382/2382
f 2381/2381/2381 2377/2377/2377 2380/2380/2380
f 2378/2378/2378 2375/2375/2375 2376/2376/2376 2379/2379/2379
f 2378/2378/2378 2379/2379/2379 2380/2380/2380
f 2377/2377/2377 2378/2378/2378 2380/2380/2380
usemtl Plaster
v 2291.581787109375 245 -1606.697509765625
v 2352.492431640625 245 -1606.697509765625
v 2413.403076171875 245 -1606.697509765625
v 2474.313720703125 245 -1606.697509765625
v 2535.224609375 245 -1606.697509765625
v 2535.224609375 245 -1628.7872314453125
v 2535.224609375 245 -1650.8768310546875
v 2413.254150390625 245 -1628.7872314453125
v 2475.458984375 245 -1628.7872314453125
v 2413.254150390625 245 -1617.521484375
v 2475.458984375 245 -1617.521484375
v 2413.254150390625 245 -1640.052978515625
v 2475.458984375 245 -1640.052978515625
v 2474.2392578125 245 -1650.8768310546875
v 2413.254150390625 245 -1650.8768310546875
v 2352.268798828125 245 -1650.8768310546875
v 2291.28369140625 245 -1650.8768310546875
v 2291.4326171875 245 -1628.7872314453125
v 2351.049072265625 245 -1628.7872314453125
v 2351.049072265625 245 -1640.052978515625
v 2351.049072265625 245 -1617.521484375
v 2535.224609375 245 -1606.697509765625
v 2535.224609375 260 -1606.697509765625
v 2291.581787109375 245 -1606.697509765625
v 2291.581787109375 260 -1606.697509765625
v 2474.313720703125 245 -1606.697509765625
v 2413.403076171875 245 -1606.697509765625
v 2352.492431640625 245 -1606.697509765625
v 2352.492431640625 260 -1606.697509765625
v 2413.403076171875 260 -1606.697509765625
v 2474.313720703125 260 -1606.697509765625
v 2535.224609375 245 -1650.8768310546875
v 2535.224609375 260 -1650.8768310546875
v 2535.224609375 245 -1606.697509765625
v 2535.224609375 260 -1606.697509765625
v 2535.224609375 245 -1628.7872314453125
v 2535.224609375 260 -1628.7872314453125
v 2291.28369140625 245 -1650.8768310546875
v 2291.28369140625 260 -1650.8768310546875
v 2535.224609375 245 -1650.8768310546875
v 2535.224609375 260 -1650.8768310546875
v 2352.268798828125 245 -1650.8768310546875
v 2413.254150390625 245 -1650.8768310546875
v 2474.2392578125 245 -1650.8768310546875
v 2474.2392578125 260 -1650.8768310546875
v 2413.254150390625 260 -1650.8768310546875
v 2352.268798828125 260 -1650.8768310546875
v 2291.581787109375 245 -1606.697509765625
v 2291.581787109375 260 -1606.697509765625
v 2291.28369140625 245 -1650.8768310546875
v 2291.28369140625 260 -1650.8768310546875
v 2291.4326171875 245 -1628.7872314453125
v 2291.4326171875 260 -1628.7872314453125
v 2291.581787109375 260 -1606.697509765625
v 2352.492431640625 260 -1606.697509765625
v 2413.403076171875 260 -1606.697509765625
v 2474.313720703125 260 -1606.697509765625
v 2535.224609375 260 -1606.697509765625
v 2535.224609375 260 -1628.7872314453125
v 2535.224609375 260 -1650.8768310546875
v 2413.254150390625 260 -1628.7872314453125
v 2475.458984375 260 -1628.7872314453125
v 2413.254150390625 260 -1617.521484375
v 2475.458984375 260 -1617.521484375
v 2413.254150390625 260 -1640.052978515625
v 2475.458984375 260 -1640.052978515625
v 2474.2392578125 260 -1650.8768310546875
v 2413.254150390625 260 -1650.8768310546875
v 2352.268798828125 260 -1650.8768310546875
v 2291.28369140625 260 -1650.8768310546875
v 2291.4326171875 260 -1628.7872314453125
v 2351.049072265625 260 -1628.7872314453125
v 2351.049072265625 260 -1640.052978515625
v 2351.049072265625 260 -1617.521484375
vt 0.1173989325761795 0.5482858419418335
vt 0.33549931645393372 0.5482858419418335
vt 0.55359971523284912 0.5482858419418335
vt 0.77170008420944214 0.5482858419418335
vt 0.98980045318603516 0.5482858419418335
vt 0.98980045318603516 0.62751150131225586
vt 0.98980045318603516 0.70673716068267822
vt 0.55306577682495117 0.62751150131225586
vt 0.77580046653747559 0.62751150131225586
vt 0.55306577682495117 0.58710640668869019
vt 0.77580046653747559 0.58710640668869019
vt 0.55306577682495117 0.66791659593582153
vt 0.77580046653747559 0.66791659593582153
vt 0.77143311500549316 0.70673716068267822
vt 0.55306577682495117 0.70673716068267822
vt 0.33469846844673157 0.70673716068267822
vt 0.11633110046386719 0.70673716068267822
vt 0.11686501652002335 0.62751150131225586
vt 0.33033108711242676 0.62751150131225586
vt 0.33033108711242676 0.66791659593582153
vt 0.33033108711242676 0.58710640668869019
vt 0.052333362400531769 0
vt 0 0
vt 0.052333362400531769 0.87344062328338623
vt 0 0.87344062328338623
vt 0.052333362400531769 0.21836015582084656
vt 0.052333362400531769 0.43672031164169312
vt 0.052333362400531769 0.65508049726486206
vt 0 0.65508049726486206
vt 0 0.43672031164169312
vt 0 0.21836015582084656
vt 0.10759641230106354 0
vt 0.10759641230106354 0.053798206150531769
vt 0.26604771614074707 0
vt 0.26604771614074707 0.053798206150531769
vt 0.18682205677032471 0
vt 0.18682205677032471 0.053798206150531769
vt 0.10613156855106354 0
vt 0.053798206150531769 0
vt 0.10613156855106354 0.87344062328338623
vt 0.053798206150531769 0.87344062328338623
vt 0.10613156855106354 0.21836015582084656
vt 0.10613156855106354 0.43672031164169312
vt 0.10613156855106354 0.65508049726486206
vt 0.053798206150531769 0.65508049726486206
vt 0.053798206150531769 0.43672031164169312
vt 0.053798206150531769 0.21836015582084656
vt 0.10759641230106354 0.10924860090017319
vt 0.10759641230106354 0.16304680705070496
vt 0.26605132222175598 0.10924860090017319
vt 0.26605132222175598 0.16304680705070496
vt 0.18682385981082916 0.10924860090017319
vt 0.18682385981082916 0.16304680705070496
vt 0.1173989325761795 0.22008171677589417
vt 0.33549931645393372 0.22008171677589417
vt 0.55359971523284912 0.22008171677589417
vt 0.77170008420944214 0.22008171677589417
vt 0.98980045318603516 0.22008171677589417
vt 0.98980045318603516 0.29930734634399414
vt 0.98980045318603516 0.3785330057144165
vt 0.55306577682495117 0.29930734634399414
vt 0.77580046653747559 0.29930734634399414
vt 0.55306577682495117 0.25890228152275085
vt 0.77580046653747559 0.25890228152275085
vt 0.55306577682495117 0.33971244096755981
vt 0.77580046653747559 0.33971244096755981
vt 0.77143311500549316 0.3785330057144165
vt 0.55306577682495117 0.3785330057144165
vt 0.33469846844673157 0.3785330057144165
vt 0.11633110046386719 0.3785330057144165
vt 0.11686501652002335 0.29930734634399414
vt 0.33033108711242676 0.29930734634399414
vt 0.33033108711242676 0.33971244096755981
vt 0.33033108711242676 0.25890228152275085
vn 0 -1 0
vn 0 -1 0
vn 0 -1 0
vn 0 -1 0
vn 0 -1 0
vn 0 -1 0
vn 0 -1 0
vn 0 -1 0
vn 0 -1 0
vn 0 -1 0
vn 0 -1 0
vn 0 -1 0
vn 0 -1 0
vn 0 -1 0
vn 0 -1 0
vn 0 -1 0
vn 0 -1 0
vn 0 -1 0
vn 0 -1 0
vn 0 -1 0
vn 0 -1 0
vn 0 0 1
vn 0 0 1
vn 0 0 1
vn 0 0 1
vn 0 0 1
vn 0 0 1
vn 0 0 1
vn 0 0 1
vn 0 0 1
vn 0 0 1
vn 1 0 0
vn 1 0 0
vn 1 0 0
vn 1 0 0
vn 1 0 0
vn 1 0 0
vn 0 0 -1
vn 0 0 -1
vn 0 0 -1
vn 0 0 -1
vn 0 0 -1
vn 0 0 -1
vn 0 0 -1
vn 0 0 -1
vn 0 0 -1
vn 0 0 -1
vn -0.9999772310256958 0 0.0067501007579267025
vn -0.9999772310256958 0 0.0067501007579267025
vn -0.9999772310256958 0 0.0067501007579267025
vn -0.9999772310256958 0 0.0067501007579267025
vn -0.9999772310256958 0 0.0067501007579267025
vn -0.9999772310256958 0 0.0067501007579267025
vn 0 1 0
vn 0 1 0
vn 0 1 0
vn 0 1 0
vn 0 1 0
vn 0 1 0
vn 0 1 0
vn 0 1 0
vn 0 1 0
vn 0 1 0
vn 0 1 0
vn 0 1 0
vn 0 1 0
vn 0 1 0
vn 0 1 0
vn 0 1 0
vn 0 1 0
vn 0 1 0
vn 0 1 0
vn 0 1 0
vn 0 1 0
f 2395/2395/2395 2391/2391/2391 2390/2390/2390 2394/2394/2394
f 2394/2394/2394 2390/2390/2390 2401/2401/2401 2402/2402/2402
f 2390/2390/2390 2392/2392/2392 2403/2403/2403 2401/2401/2401
f 2391/2391/2391 2393/2393/2393 2392/2392/2392 2390/2390/2390
f 2403/2403/2403 2383/2383/2383 2400/2400/2400
f 2384/2384/2384 2383/2383/2383 2403/2403/2403
f 2392/2392/2392 2385/2385/2385 2384/2384/2384 2403/2403/2403
f 2401/2401/2401 2403/2403/2403 2400/2400/2400
f 2402/2402/2402 2400/2400/2400 2399/2399/2399
f 2402/2402/2402 2398/2398/2398 2397/2397/2397 2394/2394/2394
f 2401/2401/2401 2400/2400/2400 2402/2402/2402
f 2399/2399/2399 2398/2398/2398 2402/2402/2402
f 2393/2393/2393 2386/2386/2386 2385/2385/2385 2392/2392/2392
f 2388/2388/2388 2393/2393/2393 2391/2391/2391
f 2386/2386/2386 2393/2393/2393 2387/2387/2387
f 2387/2387/2387 2393/2393/2393 2388/2388/2388
f 2396/2396/2396 2395/2395/2395 2394/2394/2394 2397/2397/2397
f 2389/2389/2389 2388/2388/2388 2395/2395/2395
f 2396/2396/2396 2389/2389/2389 2395/2395/2395
f 2395/2395/2395 2388/2388/2388 2391/2391/2391
f 2408/2408/2408 2404/2404/2404 2405/2405/2405 2413/2413/2413
f 2413/2413/2413 2412/2412/2412 2409/2409/2409 2408/2408/2408
f 2406/2406/2406 2410/2410/2410 2411/2411/2411 2407/2407/2407
f 2410/2410/2410 2409/2409/2409 2412/2412/2412 2411/2411/2411
f 2415/2415/2415 2419/2419/2419 2418/2418/2418 2414/2414/2414
f 2416/2416/2416 2418/2418/2418 2419/2419/2419 2417/2417/2417
f 2420/2420/2420 2421/2421/2421 2429/2429/2429 2424/2424/2424
f 2428/2428/2428 2425/2425/2425 2424/2424/2424 2429/2429/2429
f 2426/2426/2426 2427/2427/2427 2423/2423/2423 2422/2422/2422
f 2427/2427/2427 2426/2426/2426 2425/2425/2425 2428/2428/2428
f 2431/2431/2431 2435/2435/2435 2434/2434/2434 2430/2430/2430
f 2432/2432/2432 2434/2434/2434 2435/2435/2435 2433/2433/2433
f 2448/2448/2448 2447/2447/2447 2443/2443/2443 2444/2444/2444
f 2447/2447/2447 2455/2455/2455 2454/2454/2454 2443/2443/2443
f 2443/2443/2443 2454/2454/2454 2456/2456/2456 2445/2445/2445
f 2444/2444/2444 2443/2443/2443 2445/2445/2445 2446/2446/2446
f 2456/2456/2456 2453/2453/2453 2436/2436/2436
f 2437/2437/2437 2456/2456/2456 2436/2436/2436
f 2445/2445/2445 2456/2456/2456 2437/2437/2437 2438/2438/2438
f 2454/2454/2454 2453/2453/2453 2456/2456/2456
f 2455/2455/2455 2452/2452/2452 2453/2453/2453
f 2455/2455/2455 2447/2447/2447 2450/2450/2450 2451/2451/2451
f 2454/2454/2454 2455/2455/2455 2453/2453/2453
f 2452/2452/2452 2455/2455/2455 2451/2451/2451
f 2446/2446/2446 2445/2445/2445 2438/2438/2438 2439/2439/2439
f 2441/2441/2441 2444/2444/2444 2446/2446/2446
f 2439/2439/2439 2440/2440/2440 2446/2446/2446
f 2440/2440/2440 2441/2441/2441 2446/2446/2446
f 2449/2449/2449 2450/2450/2450 2447/2447/2447 2448/2448/2448
f 2442/2442/2442 2448/2448/2448 2441/2441/2441
f 2449/2449/2449 2448/2448/2448 2442/2442/2442
f 2448/2448/2448 2444/2444/2444 2441/2441/2441
usemtl Plaster
v 2291.581787109375 0 -1606.697509765625
v 2413.403076171875 0 -1606.697509765625
v 2535.224609375 0 -1606.697509765625
v 2535.224609375 0 -1650.8768310546875
v 2413.254150390625 0 -1650.8768310546875
v 2291.28369140625 0 -1650.8768310546875
v 2535.224609375 0 -1606.697509765625
v 2535.224609375 100 -1606.697509765625
v 2291.581787109375 0 -1606.697509765625
v 2291.581787109375 100 -1606.697509765625
v 2413.403076171875 0 -1606.697509765625
v 2291.581787109375 50 -1606.697509765625
v 2413.403076171875 100 -1606.697509765625
v 2535.224609375 50 -1606.697509765625
v 2535.224609375 0 -1650.8768310546875
v 2535.224609375 100 -1650.8768310546875
v 2535.224609375 0 -1606.697509765625
v 2535.224609375 100 -1606.697509765625
v 2535.224609375 50 -1606.697509765625
v 2535.224609375 50 -1650.8768310546875
v 2291.28369140625 0 -1650.8768310546875
v 2291.28369140625 100 -1650.8768310546875
v 2535.224609375 0 -1650.8768310546875
v 2535.224609375 100 -1650.8768310546875
v 2413.254150390625 0 -1650.8768310546875
v 2535.224609375 50 -1650.8768310546875
v 2413.254150390625 100 -1650.8768310546875
v 2291.28369140625 50 -1650.8768310546875
v 2291.581787109375 0 -1606.697509765625
v 2291.581787109375 100 -1606.697509765625
v 2291.28369140625 0 -1650.8768310546875
v 2291.28369140625 100 -1650.8768310546875
v 2291.581787109375 50 -1606.697509765625
v 2291.28369140625 50 -1650.8768310546875
v 2291.581787109375 100 -1606.697509765625
v 2413.403076171875 100 -1606.697509765625
v 2535.224609375 100 -1606.697509765625
v 2535.224609375 100 -1650.8768310546875
v 2413.254150390625 100 -1650.8768310546875
v 2291.28369140625 100 -1650.8768310546875
vt 0.87108564376831055 0.0082458164542913437
vt 0.87108564376831055 0.37517493963241577
vt 0.87108564376831055 0.74210405349731445
vt 0.73945242166519165 0.74210405349731445
vt 0.73945242166519165 0.3747258186340332
vt 0.73945242166519165 0.0073475651443004608
vt 0.2997378408908844 0.26614177227020264
vt 0 0.26614177227020264
vt 0.2997378408908844 0.99853515625
vt 0 0.99853515625
vt 0.2997378408908844 0.63233846426010132
vt 0.1498689204454422 0.99853515625
vt 0 0.63233846426010132
vt 0.1498689204454422 0.26614177227020264
vt 0.2997378408908844 0
vt 0 0
vt 0.2997378408908844 0.13160452246665955
vt 0 0.13160452246665955
vt 0.1498689204454422 0.13160452246665955
vt 0.1498689204454422 0
vt 0.6009405255317688 0
vt 0.3012026846408844 0
vt 0.6009405255317688 0.7347564697265625
vt 0.3012026846408844 0.7347564697265625
vt 0.6009405255317688 0.36737823486328125
vt 0.45107159018516541 0.7347564697265625
vt 0.3012026846408844 0.36737823486328125
vt 0.45107159018516541 0
vt 0.2997378408908844 0.13306936621665955
vt 0 0.13306936621665955
vt 0.2997378408908844 0.26467692852020264
vt 0 0.26467692852020264
vt 0.1498689204454422 0.13306936621665955
vt 0.1498689204454422 0.26467692852020264
vt 0.73535490036010742 0.0082458164542913437
vt 0.73535490036010742 0.37517493963241577
vt 0.73535490036010742 0.74210405349731445
vt 0.60372167825698853 0.74210405349731445
vt 0.60372167825698853 0.3747258186340332
vt 0.60372167825698853 0.0073475651443004608
vn 0 -1 0
vn 0 -1 0
vn 0 -1 0
vn 0 -1 0
vn 0 -1 0
vn 0 -1 0
vn 0 0 1
vn 0 0 1
vn 0 0 1
vn 0 0 1
vn 0 0 1
vn 0 0 1
vn 0 0 1
vn 0 0 1
vn 1 0 0
vn 1 0 0
vn 1 0 0
vn 1 0 0
vn 1 0 0
vn 1 0 0
vn 0 0 -1
vn 0 0 -1
vn 0 0 -1
vn 0 0 -1
vn 0 0 -1
vn 0 0 -1
vn 0 0 -1
vn 0 0 -1
vn -0.9999772310256958 0 0.0067501007579267025
vn -0.9999772310256958 0 0.0067501007579267025
vn -0.9999772310256958 0 0.0067501007579267025
vn -0.9999772310256958 0 0.0067501007579267025
vn -0.9999772310256958 0 0.0067501007579267025
vn -0.9999772310256958 0 0.0067501007579267025
vn 0 1 0
vn 0 1 0
vn 0 1 0
vn 0 1 0
vn 0 1 0
vn 0 1 0
f 2461/2461/2461 2458/2458/2458 2457/2457/2457 2462/2462/2462
f 2458/2458/2458 2461/2461/2461 2460/2460/2460 2459/2459/2459
f 2470/2470/2470 2467/2467/2467 2463/2463/2463
f 2470/2470/2470 2464/2464/2464 2469/2469/2469
f 2469/2469/2469 2467/2467/2467 2470/2470/2470
f 2467/2467/2467 2469/2469/2469 2468/2468/2468
f 2468/2468/2468 2469/2469/2469 2466/2466/2466
f 2465/2465/2465 2467/2467/2467 2468/2468/2468
f 2476/2476/2476 2475/2475/2475 2473/2473/2473 2471/2471/2471
f 2472/2472/2472 2474/2474/2474 2475/2475/2475 2476/2476/2476
f 2484/2484/2484 2481/2481/2481 2477/2477/2477
f 2484/2484/2484 2478/2478/2478 2483/2483/2483
f 2482/2482/2482 2481/2481/2481 2484/2484/2484
f 2484/2484/2484 2483/2483/2483 2482/2482/2482
f 2482/2482/2482 2483/2483/2483 2480/2480/2480
f 2479/2479/2479 2481/2481/2481 2482/2482/2482
f 2489/2489/2489 2490/2490/2490 2487/2487/2487 2485/2485/2485
f 2486/2486/2486 2488/2488/2488 2490/2490/2490 2489/2489/2489
f 2495/2495/2495 2496/2496/2496 2491/2491/2491 2492/2492/2492
f 2492/2492/2492 2493/2493/2493 2494/2494/2494 2495/2495/2495
usemtl Plaster
v 2641.166015625 245 -752.0306396484375
v 2641.166015625 245 -1179.3641357421875
v 2641.166015625 245 -1606.697509765625
v 2687.78857421875 245 -752.0306396484375
v 2687.78857421875 245 -1606.697509765625
v 2641.166015625 245 -1545.64990234375
v 2641.166015625 245 -1484.602294921875
v 2641.166015625 245 -1423.5546875
v 2641.166015625 245 -1362.5069580078125
v 2641.166015625 245 -1301.4593505859375
v 2641.166015625 245 -1240.4117431640625
v 2641.166015625 245 -1118.3165283203125
v 2641.166015625 245 -1057.268798828125
v 2641.166015625 245 -996.22119140625
v 2641.166015625 245 -935.173583984375
v 2641.166015625 245 -874.12591552734375
v 2641.166015625 245 -813.07830810546875
v 2664.477294921875 245 -752.0306396484375
v 2664.477294921875 245 -858.864013671875
v 2664.477294921875 245 -805.44732666015625
v 2652.821533203125 245 -858.864013671875
v 2652.821533203125 245 -805.44732666015625
v 2676.133056640625 245 -858.864013671875
v 2676.133056640625 245 -805.44732666015625
v 2687.78857421875 245 -813.07830810546875
v 2687.78857421875 245 -874.12591552734375
v 2687.78857421875 245 -935.173583984375
v 2687.78857421875 245 -996.22119140625
v 2687.78857421875 245 -1057.268798828125
v 2687.78857421875 245 -1118.3165283203125
v 2687.78857421875 245 -1179.3641357421875
v 2687.78857421875 245 -1240.4117431640625
v 2687.78857421875 245 -1301.4593505859375
v 2687.78857421875 245 -1362.5069580078125
v 2687.78857421875 245 -1423.5546875
v 2687.78857421875 245 -1484.602294921875
v 2687.78857421875 245 -1545.64990234375
v 2664.477294921875 245 -1606.697509765625
v 2664.477294921875 245 -1499.8641357421875
v 2664.477294921875 245 -1553.2808837890625
v 2676.133056640625 245 -1499.8641357421875
v 2676.133056640625 245 -1553.2808837890625
v 2652.821533203125 245 -1499.8641357421875
v 2652.821533203125 245 -1553.2808837890625
v 2641.166015625 245 -752.0306396484375
v 2641.166015625 260 -752.0306396484375
v 2641.166015625 245 -1179.3641357421875
v 2641.166015625 260 -1179.3641357421875
v 2641.166015625 245 -1606.697509765625
v 2641.166015625 260 -1606.697509765625
v 2641.166015625 245 -813.07830810546875
v 2641.166015625 245 -874.12591552734375
v 2641.166015625 245 -935.173583984375
v 2641.166015625 245 -996.22119140625
v 2641.166015625 245 -1057.268798828125
v 2641.166015625 245 -1118.3165283203125
v 2641.166015625 245 -1240.4117431640625
v 2641.166015625 245 -1301.4593505859375
v 2641.166015625 245 -1362.5069580078125
v 2641.166015625 245 -1423.5546875
v 2641.166015625 245 -1484.602294921875
v 2641.166015625 245 -1545.64990234375
v 2641.166015625 260 -1545.64990234375
v 2641.166015625 260 -1484.602294921875
v 2641.166015625 260 -1423.5546875
v 2641.166015625 260 -1362.5069580078125
v 2641.166015625 260 -1301.4593505859375
v 2641.166015625 260 -1240.4117431640625
v 2641.166015625 260 -1118.3165283203125
v 2641.166015625 260 -1057.268798828125
v 2641.166015625 260 -996.22119140625
v 2641.166015625 260 -935.173583984375
v 2641.166015625 260 -874.12591552734375
v 2641.166015625 260 -813.07830810546875
v 2687.78857421875 245 -752.0306396484375
v 2687.78857421875 260 -752.0306396484375
v 2641.166015625 245 -752.0306396484375
v 2641.166015625 260 -752.0306396484375
v 2664.477294921875 245 -752.0306396484375
v 2664.477294921875 260 -752.0306396484375
v 2687.78857421875 245 -1606.697509765625
v 2687.78857421875 260 -1606.697509765625
v 2687.78857421875 245 -752.0306396484375
v 2687.78857421875 260 -752.0306396484375
v 2687.78857421875 245 -1545.64990234375
v 2687.78857421875 245 -1484.602294921875
v 2687.78857421875 245 -1423.5546875
v 2687.78857421875 245 -1362.5069580078125
v 2687.78857421875 245 -1301.4593505859375
v 2687.78857421875 245 -1240.4117431640625
v 2687.78857421875 245 -1179.3641357421875
v 2687.78857421875 245 -1118.3165283203125
v 2687.78857421875 245 -1057.268798828125
v 2687.78857421875 245 -996.22119140625
v 2687.78857421875 245 -935.173583984375
v 2687.78857421875 245 -874.12591552734375
v 2687.78857421875 245 -813.07830810546875
v 2687.78857421875 260 -813.07830810546875
v 2687.78857421875 260 -874.12591552734375
v 2687.78857421875 260 -935.173583984375
v 2687.78857421875 260 -996.22119140625
v 2687.78857421875 260 -1057.268798828125
v 2687.78857421875 260 -1118.3165283203125
v 2687.78857421875 260 -1179.3641357421875
v 2687.78857421875 260 -1240.4117431640625
v 2687.78857421875 260 -1301.4593505859375
v 2687.78857421875 260 -1362.5069580078125
v 2687.78857421875 260 -1423.5546875
v 2687.78857421875 260 -1484.602294921875
v 2687.78857421875 260 -1545.64990234375
v 2641.166015625 245 -1606.697509765625
v 2641.166015625 260 -1606.697509765625
v 2687.78857421875 245 -1606.697509765625
v 2687.78857421875 260 -1606.697509765625
v 2664.477294921875 245 -1606.697509765625
v 2664.477294921875 260 -1606.697509765625
v 2641.166015625 260 -752.0306396484375
v 2641.166015625 260 -1179.3641357421875
v 2641.166015625 260 -1606.697509765625
v 2687.78857421875 260 -752.0306396484375
v 2687.78857421875 260 -1606.697509765625
v 2641.166015625 260 -1545.64990234375
v 2641.166015625 260 -1484.602294921875
v 2641.166015625 260 -1423.5546875
v 2641.166015625 260 -1362.5069580078125
v 2641.166015625 260 -1301.4593505859375
v 2641.166015625 260 -1240.4117431640625
v 2641.166015625 260 -1118.3165283203125
v 2641.166015625 260 -1057.268798828125
v 2641.166015625 260 -996.22119140625
v 2641.166015625 260 -935.173583984375
v 2641.166015625 260 -874.12591552734375
v 2641.166015625 260 -813.07830810546875
v 2664.477294921875 260 -752.0306396484375
v 2664.477294921875 260 -858.864013671875
v 2664.477294921875 260 -805.44732666015625
v 2652.821533203125 260 -858.864013671875
v 2652.821533203125 260 -805.44732666015625
v 2676.133056640625 260 -858.864013671875
v 2676.133056640625 260 -805.44732666015625
v 2687.78857421875 260 -813.07830810546875
v 2687.78857421875 260 -874.12591552734375
v 2687.78857421875 260 -935.173583984375
v 2687.78857421875 260 -996.22119140625
v 2687.78857421875 260 -1057.268798828125
v 2687.78857421875 260 -1118.3165283203125
v 2687.78857421875 260 -1179.3641357421875
v 2687.78857421875 260 -1240.4117431640625
v 2687.78857421875 260 -1301.4593505859375
v 2687.78857421875 260 -1362.5069580078125
v 2687.78857421875 260 -1423.5546875
v 2687.78857421875 260 -1484.602294921875
v 2687.78857421875 260 -1545.64990234375
v 2664.477294921875 260 -1606.697509765625
v 2664.477294921875 260 -1499.8641357421875
v 2664.477294921875 260 -1553.2808837890625
v 2676.133056640625 260 -1499.8641357421875
v 2676.133056640625 260 -1553.2808837890625
v 2652.821533203125 260 -1499.8641357421875
v 2652.821533203125 260 -1553.2808837890625
vt 0.99853515625 0.60062575340270996
vt 0.51622313261032104 0.60062575340270996
vt 0.033911067992448807 0.60062575340270996
vt 0.99853515625 0.65332651138305664
vt 0.033911067992448807 0.65332651138305664
vt 0.10281281173229218 0.60062575340270996
vt 0.17171449959278107 0.60062575340270996
vt 0.24061624705791473 0.60062575340270996
vt 0.30951792001724243 0.60062575340270996
vt 0.3784196674823761 0.60062575340270996
vt 0.44732135534286499 0.60062575340270996
vt 0.58512485027313232 0.60062575340270996
vt 0.6540265679359436 0.60062575340270996
vt 0.72292828559875488 0.60062575340270996
vt 0.79183000326156616 0.60062575340270996
vt 0.86073172092437744 0.60062575340270996
vt 0.92963343858718872 0.60062575340270996
vt 0.99853515625 0.6269761323928833
vt 0.87795716524124146 0.6269761323928833
vt 0.93824613094329834 0.6269761323928833
vt 0.87795716524124146 0.61380094289779663
vt 0.93824613094329834 0.61380094289779663
vt 0.87795716524124146 0.64015132188796997
vt 0.93824613094329834 0.64015132188796997
vt 0.92963343858718872 0.65332651138305664
vt 0.86073172092437744 0.65332651138305664
vt 0.79183000326156616 0.65332651138305664
vt 0.72292828559875488 0.65332651138305664
vt 0.6540265679359436 0.65332651138305664
vt 0.58512485027313232 0.65332651138305664
vt 0.51622313261032104 0.65332651138305664
vt 0.44732135534286499 0.65332651138305664
vt 0.3784196674823761 0.65332651138305664
vt 0.30951792001724243 0.65332651138305664
vt 0.24061624705791473 0.65332651138305664
vt 0.17171449959278107 0.65332651138305664
vt 0.10281281173229218 0.65332651138305664
vt 0.033911067992448807 0.6269761323928833
vt 0.15448908507823944 0.6269761323928833
vt 0.094200074672698975 0.6269761323928833
vt 0.15448908507823944 0.64015132188796997
vt 0.094200074672698975 0.64015132188796997
vt 0.15448908507823944 0.61380094289779663
vt 0.094200074672698975 0.61380094289779663
vt 0.032446224242448807 0
vt 0.016955533996224403 0
vt 0.032446224242448807 0.48231205344200134
vt 0.016955533996224403 0.48231205344200134
vt 0.032446224242448807 0.96462410688400269
vt 0.016955533996224403 0.96462410688400269
vt 0.032446224242448807 0.068901725113391876
vt 0.032446224242448807 0.13780345022678375
vt 0.032446224242448807 0.20670516788959503
vt 0.032446224242448807 0.2756069004535675
vt 0.032446224242448807 0.34450861811637878
vt 0.032446224242448807 0.41341033577919006
vt 0.032446224242448807 0.55121380090713501
vt 0.032446224242448807 0.62011545896530151
vt 0.032446224242448807 0.68901723623275757
vt 0.032446224242448807 0.75791889429092407
vt 0.032446224242448807 0.82682067155838013
vt 0.032446224242448807 0.89572232961654663
vt 0.016955533996224403 0.89572232961654663
vt 0.016955533996224403 0.82682067155838013
vt 0.016955533996224403 0.75791889429092407
vt 0.016955533996224403 0.68901723623275757
vt 0.016955533996224403 0.62011545896530151
vt 0.016955533996224403 0.55121380090713501
vt 0.016955533996224403 0.41341033577919006
vt 0.016955533996224403 0.34450861811637878
vt 0.016955533996224403 0.2756069004535675
vt 0.016955533996224403 0.20670516788959503
vt 0.016955533996224403 0.13780345022678375
vt 0.016955533996224403 0.068901725113391876
vt 0.033911067992448807 0.11758130788803101
vt 0.033911067992448807 0.13453684747219086
vt 0.086611822247505188 0.11758130788803101
vt 0.086611822247505188 0.13453684747219086
vt 0.060261443257331848 0.11758130788803101
vt 0.060261443257331848 0.13453684747219086
vt 0.015490691177546978 0
vt 0 0
vt 0.015490691177546978 0.96462410688400269
vt 0 0.96462410688400269
vt 0.015490691177546978 0.068901725113391876
vt 0.015490691177546978 0.13780345022678375
vt 0.015490691177546978 0.20670516788959503
vt 0.015490691177546978 0.2756069004535675
vt 0.015490691177546978 0.34450861811637878
vt 0.015490691177546978 0.41341033577919006
vt 0.015490691177546978 0.48231205344200134
vt 0.015490691177546978 0.55121380090713501
vt 0.015490691177546978 0.62011545896530151
vt 0.015490691177546978 0.68901723623275757
vt 0.015490691177546978 0.75791889429092407
vt 0.015490691177546978 0.82682067155838013
vt 0.015490691177546978 0.89572232961654663
vt 0 0.89572232961654663
vt 0 0.82682067155838013
vt 0 0.75791889429092407
vt 0 0.68901723623275757
vt 0 0.62011545896530151
vt 0 0.55121380090713501
vt 0 0.48231205344200134
vt 0 0.41341033577919006
vt 0 0.34450861811637878
vt 0 0.2756069004535675
vt 0 0.20670516788959503
vt 0 0.13780345022678375
vt 0 0.068901725113391876
vt 0.033911067992448807 0
vt 0.033911067992448807 0.016955533996224403
vt 0.086611822247505188 0
vt 0.086611822247505188 0.016955533996224403
vt 0.060261443257331848 0
vt 0.060261443257331848 0.016955533996224403
vt 0.99853515625 0.23516261577606201
vt 0.51622313261032104 0.23516261577606201
vt 0.033911067992448807 0.23516261577606201
vt 0.99853515625 0.28786337375640869
vt 0.033911067992448807 0.28786337375640869
vt 0.10281281173229218 0.23516261577606201
vt 0.17171449959278107 0.23516261577606201
vt 0.24061624705791473 0.23516261577606201
vt 0.30951792001724243 0.23516261577606201
vt 0.3784196674823761 0.23516261577606201
vt 0.44732135534286499 0.23516261577606201
vt 0.58512485027313232 0.23516261577606201
vt 0.6540265679359436 0.23516261577606201
vt 0.72292828559875488 0.23516261577606201
vt 0.79183000326156616 0.23516261577606201
vt 0.86073172092437744 0.23516261577606201
vt 0.92963343858718872 0.23516261577606201
vt 0.99853515625 0.26151299476623535
vt 0.87795716524124146 0.26151299476623535
vt 0.93824613094329834 0.26151299476623535
vt 0.87795716524124146 0.24833780527114868
vt 0.93824613094329834 0.24833780527114868
vt 0.87795716524124146 0.27468818426132202
vt 0.93824613094329834 0.27468818426132202
vt 0.92963343858718872 0.28786337375640869
vt 0.86073172092437744 0.28786337375640869
vt 0.79183000326156616 0.28786337375640869
vt 0.72292828559875488 0.28786337375640869
vt 0.6540265679359436 0.28786337375640869
vt 0.58512485027313232 0.28786337375640869
vt 0.51622313261032104 0.28786337375640869
vt 0.44732135534286499 0.28786337375640869
vt 0.3784196674823761 0.28786337375640869
vt 0.30951792001724243 0.28786337375640869
vt 0.24061624705791473 0.28786337375640869
vt 0.17171449959278107 0.28786337375640869
vt 0.10281281173229218 0.28786337375640869
vt 0.033911067992448807 0.26151299476623535
vt 0.15448908507823944 0.26151299476623535
vt 0.094200074672698975 0.26151299476623535
vt 0.15448908507823944 0.27468818426132202
vt 0.094200074672698975 0.27468818426132202
vt 0.15448908507823944 0.24833780527114868
vt 0.094200074672698975 0.24833780527114868
vn 0 -1 0
vn 0 -1 0
vn 0 -1 0
vn 0 -1 0
vn 0 -1 0
vn 0 -1 0
vn 0 -1 0
vn 0 -1 0
vn 0 -1 0
vn 0 -1 0
vn 0 -1 0
vn 0 -1 0
vn 0 -1 0
vn 0 -1 0
vn 0 -1 0
vn 0 -1 0
vn 0 -1 0
vn 0 -1 0
vn 0 -1 0
vn 0 -1 0
vn 0 -1 0
vn 0 -1 0
vn 0 -1 0
vn 0 -1 0
vn 0 -1 0
vn 0 -1 0
vn 0 -1 0
vn 0 -1 0
vn 0 -1 0
vn 0 -1 0
vn 0 -1 0
vn 0 -1 0
vn 0 -1 0
vn 0 -1 0
vn 0 -1 0
vn 0 -1 0
vn 0 -1 0
vn 0 -1 0
vn 0 -1 0
vn 0 -1 0
vn 0 -1 0
vn 0 -1 0
vn 0 -1 0
vn 0 -1 0
vn -1 0 0
vn -1 0 0
vn -1 0 0
vn -1 0 0
vn -1 0 0
vn -1 0 0
vn -1 0 0
vn -1 0 0
vn -1 0 0
vn -1 0 0
vn -1 0 0
vn -1 0 0
vn -1 0 0
vn -1 0 0
vn -1 0 0
vn -1 0 0
vn -1 0 0
vn -1 0 0
vn -1 0 0
vn -1 0 0
vn -1 0 0
vn -1 0 0
vn -1 0 0
vn -1 0 0
vn -1 0 0
vn -1 0 0
vn -1 0 0
vn -1 0 0
vn -1 0 0
vn -1 0 0
vn 0 0 1
vn 0 0 1
vn 0 0 1
vn 0 0 1
vn 0 0 1
vn 0 0 1
vn 1 0 0
vn 1 0 0
vn 1 0 0
vn 1 0 0
vn 1 0 0
vn 1 0 0
vn 1 0 0
vn 1 0 0
vn 1 0 0
vn 1 0 0
vn 1 0 0
vn 1 0 0
vn 1 0 0
vn 1 0 0
vn 1 0 0
vn 1 0 0
vn 1 0 0
vn 1 0 0
vn 1 0 0
vn 1 0 0
vn 1 0 0
vn 1 0 0
vn 1 0 0
vn 1 0 0
vn 1 0 0
vn 1 0 0
vn 1 0 0
vn 1 0 0
vn 1 0 0
vn 1 0 0
vn 0 0 -1
vn 0 0 -1
vn 0 0 -1
vn 0 0 -1
vn 0 0 -1
vn 0 0 -1
vn 0 1 0
vn 0 1 0
vn 0 1 0
vn 0 1 0
vn 0 1 0
vn 0 1 0
vn 0 1 0
vn 0 1 0
vn 0 1 0
vn 0 1 0
vn 0 1 0
vn 0 1 0
vn 0 1 0
vn 0 1 0
vn 0 1 0
vn 0 1 0
vn 0 1 0
vn 0 1 0
vn 0 1 0
vn 0 1 0
vn 0 1 0
vn 0 1 0
vn 0 1 0
vn 0 1 0
vn 0 1 0
vn 0 1 0
vn 0 1 0
vn 0 1 0
vn 0 1 0
vn 0 1 0
vn 0 1 0
vn 0 1 0
vn 0 1 0
vn 0 1 0
vn 0 1 0
vn 0 1 0
vn 0 1 0
vn 0 1 0
vn 0 1 0
vn 0 1 0
vn 0 1 0
vn 0 1 0
vn 0 1 0
vn 0 1 0
f 2515/2515/2515 2516/2516/2516 2518/2518/2518 2517/2517/2517
f 2519/2519/2519 2520/2520/2520 2516/2516/2516 2515/2515/2515
f 2538/2538/2538 2537/2537/2537 2535/2535/2535 2536/2536/2536
f 2536/2536/2536 2535/2535/2535 2539/2539/2539 2540/2540/2540
f 2518/2518/2518 2497/2497/2497 2513/2513/2513
f 2517/2517/2517 2512/2512/2512 2511/2511/2511
f 2515/2515/2515 2511/2511/2511 2510/2510/2510
f 2512/2512/2512 2517/2517/2517 2518/2518/2518 2513/2513/2513
f 2518/2518/2518 2516/2516/2516 2514/2514/2514
f 2517/2517/2517 2511/2511/2511 2515/2515/2515
f 2508/2508/2508 2526/2526/2526 2525/2525/2525 2509/2509/2509
f 2509/2509/2509 2525/2525/2525 2524/2524/2524 2510/2510/2510
f 2498/2498/2498 2527/2527/2527 2526/2526/2526 2508/2508/2508
f 2514/2514/2514 2497/2497/2497 2518/2518/2518
f 2506/2506/2506 2529/2529/2529 2528/2528/2528 2507/2507/2507
f 2530/2530/2530 2505/2505/2505 2535/2535/2535
f 2535/2535/2535 2505/2505/2505 2504/2504/2504
f 2505/2505/2505 2530/2530/2530 2529/2529/2529 2506/2506/2506
f 2503/2503/2503 2539/2539/2539 2504/2504/2504
f 2535/2535/2535 2504/2504/2504 2539/2539/2539
f 2502/2502/2502 2540/2540/2540 2539/2539/2539 2503/2503/2503
f 2499/2499/2499 2540/2540/2540 2502/2502/2502
f 2534/2534/2534 2536/2536/2536 2540/2540/2540 2499/2499/2499
f 2507/2507/2507 2528/2528/2528 2527/2527/2527 2498/2498/2498
f 2524/2524/2524 2515/2515/2515 2510/2510/2510
f 2520/2520/2520 2500/2500/2500 2514/2514/2514
f 2519/2519/2519 2522/2522/2522 2521/2521/2521 2520/2520/2520
f 2500/2500/2500 2520/2520/2520 2521/2521/2521
f 2515/2515/2515 2523/2523/2523 2519/2519/2519
f 2519/2519/2519 2523/2523/2523 2522/2522/2522
f 2523/2523/2523 2515/2515/2515 2524/2524/2524
f 2538/2538/2538 2533/2533/2533 2532/2532/2532 2537/2537/2537
f 2534/2534/2534 2538/2538/2538 2536/2536/2536
f 2501/2501/2501 2538/2538/2538 2534/2534/2534
f 2531/2531/2531 2530/2530/2530 2535/2535/2535
f 2535/2535/2535 2537/2537/2537 2531/2531/2531
f 2538/2538/2538 2501/2501/2501 2533/2533/2533
f 2537/2537/2537 2532/2532/2532 2531/2531/2531
f 2514/2514/2514 2516/2516/2516 2520/2520/2520
f 2547/2547/2547 2541/2541/2541 2542/2542/2542 2570/2570/2570
f 2548/2548/2548 2547/2547/2547 2570/2570/2570 2569/2569/2569
f 2550/2550/2550 2549/2549/2549 2568/2568/2568 2567/2567/2567
f 2552/2552/2552 2551/2551/2551 2566/2566/2566 2565/2565/2565
f 2551/2551/2551 2550/2550/2550 2567/2567/2567 2566/2566/2566
f 2549/2549/2549 2548/2548/2548 2569/2569/2569 2568/2568/2568
f 2543/2543/2543 2552/2552/2552 2565/2565/2565 2544/2544/2544
f 2553/2553/2553 2564/2564/2564 2563/2563/2563 2554/2554/2554
f 2554/2554/2554 2563/2563/2563 2562/2562/2562 2555/2555/2555
f 2556/2556/2556 2561/2561/2561 2560/2560/2560 2557/2557/2557
f 2558/2558/2558 2559/2559/2559 2546/2546/2546 2545/2545/2545
f 2557/2557/2557 2560/2560/2560 2559/2559/2559 2558/2558/2558
f 2555/2555/2555 2562/2562/2562 2561/2561/2561 2556/2556/2556
f 2564/2564/2564 2553/2553/2553 2543/2543/2543 2544/2544/2544
f 2571/2571/2571 2572/2572/2572 2576/2576/2576 2575/2575/2575
f 2574/2574/2574 2573/2573/2573 2575/2575/2575 2576/2576/2576
f 2577/2577/2577 2578/2578/2578 2606/2606/2606 2581/2581/2581
f 2581/2581/2581 2606/2606/2606 2605/2605/2605 2582/2582/2582
f 2583/2583/2583 2604/2604/2604 2603/2603/2603 2584/2584/2584
f 2585/2585/2585 2602/2602/2602 2601/2601/2601 2586/2586/2586
f 2584/2584/2584 2603/2603/2603 2602/2602/2602 2585/2585/2585
f 2583/2583/2583 2582/2582/2582 2605/2605/2605 2604/2604/2604
f 2600/2600/2600 2587/2587/2587 2586/2586/2586 2601/2601/2601
f 2588/2588/2588 2599/2599/2599 2598/2598/2598 2589/2589/2589
f 2589/2589/2589 2598/2598/2598 2597/2597/2597 2590/2590/2590
f 2591/2591/2591 2596/2596/2596 2595/2595/2595 2592/2592/2592
f 2593/2593/2593 2594/2594/2594 2580/2580/2580 2579/2579/2579
f 2592/2592/2592 2595/2595/2595 2594/2594/2594 2593/2593/2593
f 2590/2590/2590 2597/2597/2597 2596/2596/2596 2591/2591/2591
f 2588/2588/2588 2587/2587/2587 2600/2600/2600 2599/2599/2599
f 2608/2608/2608 2612/2612/2612 2611/2611/2611 2607/2607/2607
f 2609/2609/2609 2611/2611/2611 2612/2612/2612 2610/2610/2610
f 2631/2631/2631 2633/2633/2633 2634/2634/2634 2632/2632/2632
f 2635/2635/2635 2631/2631/2631 2632/2632/2632 2636/2636/2636
f 2654/2654/2654 2652/2652/2652 2651/2651/2651 2653/2653/2653
f 2652/2652/2652 2656/2656/2656 2655/2655/2655 2651/2651/2651
f 2634/2634/2634 2629/2629/2629 2613/2613/2613
f 2633/2633/2633 2627/2627/2627 2628/2628/2628
f 2631/2631/2631 2626/2626/2626 2627/2627/2627
f 2628/2628/2628 2629/2629/2629 2634/2634/2634 2633/2633/2633
f 2634/2634/2634 2630/2630/2630 2632/2632/2632
f 2633/2633/2633 2631/2631/2631 2627/2627/2627
f 2624/2624/2624 2625/2625/2625 2641/2641/2641 2642/2642/2642
f 2625/2625/2625 2626/2626/2626 2640/2640/2640 2641/2641/2641
f 2614/2614/2614 2624/2624/2624 2642/2642/2642 2643/2643/2643
f 2630/2630/2630 2634/2634/2634 2613/2613/2613
f 2622/2622/2622 2623/2623/2623 2644/2644/2644 2645/2645/2645
f 2646/2646/2646 2651/2651/2651 2621/2621/2621
f 2651/2651/2651 2620/2620/2620 2621/2621/2621
f 2621/2621/2621 2622/2622/2622 2645/2645/2645 2646/2646/2646
f 2619/2619/2619 2620/2620/2620 2655/2655/2655
f 2651/2651/2651 2655/2655/2655 2620/2620/2620
f 2618/2618/2618 2619/2619/2619 2655/2655/2655 2656/2656/2656
f 2615/2615/2615 2618/2618/2618 2656/2656/2656
f 2650/2650/2650 2615/2615/2615 2656/2656/2656 2652/2652/2652
f 2623/2623/2623 2614/2614/2614 2643/2643/2643 2644/2644/2644
f 2640/2640/2640 2626/2626/2626 2631/2631/2631
f 2636/2636/2636 2630/2630/2630 2616/2616/2616
f 2635/2635/2635 2636/2636/2636 2637/2637/2637 2638/2638/2638
f 2616/2616/2616 2637/2637/2637 2636/2636/2636
f 2631/2631/2631 2635/2635/2635 2639/2639/2639
f 2635/2635/2635 2638/2638/2638 2639/2639/2639
f 2639/2639/2639 2640/2640/2640 2631/2631/2631
f 2654/2654/2654 2653/2653/2653 2648/2648/2648 2649/2649/2649
f 2650/2650/2650 2652/2652/2652 2654/2654/2654
f 2617/2617/2617 2650/2650/2650 2654/2654/2654
f 2647/2647/2647 2651/2651/2651 2646/2646/2646
f 2651/2651/2651 2647/2647/2647 2653/2653/2653
f 2654/2654/2654 2649/2649/2649 2617/2617/2617
f 2653/2653/2653 2647/2647/2647 2648/2648/2648
f 2630/2630/2630 2636/2636/2636 2632/2632/2632
usemtl Plaster
v 2641.166015625 0 -752.0306396484375
v 2641.166015625 0 -1179.3641357421875
v 2641.166015625 0 -1606.697509765625
v 2687.78857421875 0 -752.0306396484375
v 2687.78857421875 0 -1606.697509765625
v 2641.166015625 0 -1464.2530517578125
v 2641.166015625 0 -1321.80859375
v 2641.166015625 0 -1036.919677734375
v 2641.166015625 0 -894.47515869140625
v 2687.78857421875 0 -894.47515869140625
v 2687.78857421875 0 -1036.919677734375
v 2687.78857421875 0 -1179.3641357421875
v 2687.78857421875 0 -1321.80859375
v 2687.78857421875 0 -1464.2530517578125
v 2641.166015625 0 -752.0306396484375
v 2641.166015625 100 -752.0306396484375
v 2641.166015625 0 -1179.3641357421875
v 2641.166015625 100 -1179.3641357421875
v 2641.166015625 0 -1606.697509765625
v 2641.166015625 100 -1606.697509765625
v 2641.166015625 0 -894.47515869140625
v 2641.166015625 0 -1036.919677734375
v 2641.166015625 0 -1321.80859375
v 2641.166015625 0 -1464.2530517578125
v 2641.166015625 50 -1606.697509765625
v 2641.166015625 50 -1393.0308837890625
v 2641.166015625 50 -1499.8641357421875
v 2641.166015625 25 -1393.0308837890625
v 2641.166015625 25 -1499.8641357421875
v 2641.166015625 75 -1393.0308837890625
v 2641.166015625 75 -1499.8641357421875
v 2641.166015625 100 -1464.2530517578125
v 2641.166015625 100 -1321.80859375
v 2641.166015625 100 -1036.919677734375
v 2641.166015625 100 -894.47515869140625
v 2641.166015625 50 -752.0306396484375
v 2641.166015625 50 -965.6973876953125
v 2641.166015625 75 -965.6973876953125
v 2641.166015625 50 -858.864013671875
v 2641.166015625 75 -858.864013671875
v 2641.166015625 25 -965.6973876953125
v 2641.166015625 25 -858.864013671875
v 2687.78857421875 0 -752.0306396484375
v 2687.78857421875 100 -752.0306396484375
v 2641.166015625 0 -752.0306396484375
v 2641.166015625 100 -752.0306396484375
v 2641.166015625 50 -752.0306396484375
v 2687.78857421875 50 -752.0306396484375
v 2687.78857421875 0 -1606.697509765625
v 2687.78857421875 100 -1606.697509765625
v 2687.78857421875 0 -752.0306396484375
v 2687.78857421875 100 -752.0306396484375
v 2687.78857421875 0 -1464.2530517578125
v 2687.78857421875 0 -1321.80859375
v 2687.78857421875 0 -1179.3641357421875
v 2687.78857421875 0 -1036.919677734375
v 2687.78857421875 0 -894.47515869140625
v 2687.78857421875 50 -752.0306396484375
v 2687.78857421875 50 -965.6973876953125
v 2687.78857421875 50 -858.864013671875
v 2687.78857421875 25 -965.6973876953125
v 2687.78857421875 25 -858.864013671875
v 2687.78857421875 75 -965.6973876953125
v 2687.78857421875 75 -858.864013671875
v 2687.78857421875 100 -894.47515869140625
v 2687.78857421875 100 -1036.919677734375
v 2687.78857421875 100 -1179.3641357421875
v 2687.78857421875 100 -1321.80859375
v 2687.78857421875 100 -1464.2530517578125
v 2687.78857421875 50 -1606.697509765625
v 2687.78857421875 50 -1393.0308837890625
v 2687.78857421875 75 -1393.0308837890625
v 2687.78857421875 50 -1499.8641357421875
v 2687.78857421875 75 -1499.8641357421875
v 2687.78857421875 25 -1393.0308837890625
v 2687.78857421875 25 -1499.8641357421875
v 2641.166015625 0 -1606.697509765625
v 2641.166015625 100 -1606.697509765625
v 2687.78857421875 0 -1606.697509765625
v 2687.78857421875 100 -1606.697509765625
v 2641.166015625 50 -1606.697509765625
v 2687.78857421875 50 -1606.697509765625
v 2641.166015625 100 -752.0306396484375
v 2641.166015625 100 -1179.3641357421875
v 2641.166015625 100 -1606.697509765625
v 2687.78857421875 100 -752.0306396484375
v 2687.78857421875 100 -1606.697509765625
v 2641.166015625 100 -1464.2530517578125
v 2641.166015625 100 -1321.80859375
v 2641.166015625 100 -1036.919677734375
v 2641.166015625 100 -894.47515869140625
v 2687.78857421875 100 -894.47515869140625
v 2687.78857421875 100 -1036.919677734375
v 2687.78857421875 100 -1179.3641357421875
v 2687.78857421875 100 -1321.80859375
v 2687.78857421875 100 -1464.2530517578125
vt 0.04918452724814415 0
vt 0.04918452724814415 0.45008304715156555
vt 0.04918452724814415 0.9001660943031311
vt 0.0969042107462883 0
vt 0.0969042107462883 0.9001660943031311
vt 0.04918452724814415 0.75013840198516846
vt 0.04918452724814415 0.60011076927185059
vt 0.04918452724814415 0.30005538463592529
vt 0.04918452724814415 0.15002769231796265
vt 0.0969042107462883 0.15002769231796265
vt 0.0969042107462883 0.30005538463592529
vt 0.0969042107462883 0.45008304715156555
vt 0.0969042107462883 0.60011076927185059
vt 0.0969042107462883 0.75013840198516846
vt 0.0983690544962883 0.59416437149047852
vt 0.0983690544962883 0.69965940713882446
vt 0.54845207929611206 0.59416437149047852
vt 0.54845207929611206 0.69965940713882446
vt 0.99853515625 0.59416437149047852
vt 0.99853515625 0.69965940713882446
vt 0.24839673936367035 0.59416437149047852
vt 0.39842444658279419 0.59416437149047852
vt 0.69847983121871948 0.59416437149047852
vt 0.84850746393203735 0.59416437149047852
vt 0.99853515625 0.64691191911697388
vt 0.77349364757537842 0.64691191911697388
vt 0.88601440191268921 0.64691191911697388
vt 0.77349364757537842 0.62053817510604858
vt 0.88601440191268921 0.62053817510604858
vt 0.77349364757537842 0.67328566312789917
vt 0.88601440191268921 0.67328566312789917
vt 0.84850746393203735 0.69965940713882446
vt 0.69847983121871948 0.69965940713882446
vt 0.39842444658279419 0.69965940713882446
vt 0.24839673936367035 0.69965940713882446
vt 0.0983690544962883 0.64691191911697388
vt 0.32341057062149048 0.64691191911697388
vt 0.32341057062149048 0.67328566312789917
vt 0.21088981628417969 0.64691191911697388
vt 0.21088981628417969 0.67328566312789917
vt 0.32341057062149048 0.62053817510604858
vt 0.21088981628417969 0.62053817510604858
vt 0.20386406779289246 0.14334893226623535
vt 0.0983690544962883 0.14334893226623535
vt 0.20386406779289246 0.19253344833850861
vt 0.0983690544962883 0.19253344833850861
vt 0.15111656486988068 0.19253344833850861
vt 0.15111656486988068 0.14334893226623535
vt 0.0983690544962883 0.2866978645324707
vt 0.0983690544962883 0.39219287037849426
vt 0.99853515625 0.2866978645324707
vt 0.99853515625 0.39219287037849426
vt 0.24839673936367035 0.2866978645324707
vt 0.39842444658279419 0.2866978645324707
vt 0.54845207929611206 0.2866978645324707
vt 0.69847983121871948 0.2866978645324707
vt 0.84850746393203735 0.2866978645324707
vt 0.99853515625 0.33944535255432129
vt 0.77349364757537842 0.33944535255432129
vt 0.88601440191268921 0.33944535255432129
vt 0.77349364757537842 0.313071608543396
vt 0.88601440191268921 0.313071608543396
vt 0.77349364757537842 0.36581912636756897
vt 0.88601440191268921 0.36581912636756897
vt 0.84850746393203735 0.39219287037849426
vt 0.69847983121871948 0.39219287037849426
vt 0.54845207929611206 0.39219287037849426
vt 0.39842444658279419 0.39219287037849426
vt 0.24839673936367035 0.39219287037849426
vt 0.0983690544962883 0.33944535255432129
vt 0.32341057062149048 0.33944535255432129
vt 0.32341057062149048 0.36581912636756897
vt 0.21088981628417969 0.33944535255432129
vt 0.21088981628417969 0.36581912636756897
vt 0.32341057062149048 0.313071608543396
vt 0.21088981628417969 0.313071608543396
vt 0.20386406779289246 0
vt 0.0983690544962883 0
vt 0.20386406779289246 0.04918452724814415
vt 0.0983690544962883 0.04918452724814415
vt 0.15111656486988068 0
vt 0.15111656486988068 0.04918452724814415
vt 0 0
vt 0 0.45008304715156555
vt 0 0.9001660943031311
vt 0.04771968349814415 0
vt 0.04771968349814415 0.9001660943031311
vt 0 0.75013840198516846
vt 0 0.60011076927185059
vt 0 0.30005538463592529
vt 0 0.15002769231796265
vt 0.04771968349814415 0.15002769231796265
vt 0.04771968349814415 0.30005538463592529
vt 0.04771968349814415 0.45008304715156555
vt 0.04771968349814415 0.60011076927185059
vt 0.04771968349814415 0.75013840198516846
vn 0 -1 0
vn 0 -1 0
vn 0 -1 0
vn 0 -1 0
vn 0 -1 0
vn 0 -1 0
vn 0 -1 0
vn 0 -1 0
vn 0 -1 0
vn 0 -1 0
vn 0 -1 0
vn 0 -1 0
vn 0 -1 0
vn 0 -1 0
vn -1 0 0
vn -1 0 0
vn -1 0 0
vn -1 0 0
vn -1 0 0
vn -1 0 0
vn -1 0 0
vn -1 0 0
vn -1 0 0
vn -1 0 0
vn -1 0 0
vn -1 0 0
vn -1 0 0
vn -1 0 0
vn -1 0 0
vn -1 0 0
vn -1 0 0
vn -1 0 0
vn -1 0 0
vn -1 0 0
vn -1 0 0
vn -1 0 0
vn -1 0 0
vn -1 0 0
vn -1 0 0
vn -1 0 0
vn -1 0 0
vn -1 0 0
vn 0 0 1
vn 0 0 1
vn 0 0 1
vn 0 0 1
vn 0 0 1
vn 0 0 1
vn 1 0 0
vn 1 0 0
vn 1 0 0
vn 1 0 0
vn 1 0 0
vn 1 0 0
vn 1 0 0
vn 1 0 0
vn 1 0 0
vn 1 0 0
vn 1 0 0
vn 1 0 0
vn 1 0 0
vn 1 0 0
vn 1 0 0
vn 1 0 0
vn 1 0 0
vn 1 0 0
vn 1 0 0
vn 1 0 0
vn 1 0 0
vn 1 0 0
vn 1 0 0
vn 1 0 0
vn 1 0 0
vn 1 0 0
vn 1 0 0
vn 1 0 0
vn 0 0 -1
vn 0 0 -1
vn 0 0 -1
vn 0 0 -1
vn 0 0 -1
vn 0 0 -1
vn 0 1 0
vn 0 1 0
vn 0 1 0
vn 0 1 0
vn 0 1 0
vn 0 1 0
vn 0 1 0
vn 0 1 0
vn 0 1 0
vn 0 1 0
vn 0 1 0
vn 0 1 0
vn 0 1 0
vn 0 1 0
f 2665/2665/2665 2666/2666/2666 2660/2660/2660 2657/2657/2657
f 2664/2664/2664 2667/2667/2667 2666/2666/2666 2665/2665/2665
f 2663/2663/2663 2669/2669/2669 2668/2668/2668 2658/2658/2658
f 2659/2659/2659 2661/2661/2661 2670/2670/2670 2662/2662/2662
f 2662/2662/2662 2670/2670/2670 2669/2669/2669 2663/2663/2663
f 2658/2658/2658 2668/2668/2668 2667/2667/2667 2664/2664/2664
f 2694/2694/2694 2693/2693/2693 2695/2695/2695 2696/2696/2696
f 2693/2693/2693 2697/2697/2697 2698/2698/2698 2695/2695/2695
f 2687/2687/2687 2683/2683/2683 2682/2682/2682 2686/2686/2686
f 2683/2683/2683 2685/2685/2685 2684/2684/2684 2682/2682/2682
f 2692/2692/2692 2698/2698/2698 2671/2671/2671
f 2677/2677/2677 2671/2671/2671 2698/2698/2698
f 2698/2698/2698 2692/2692/2692 2695/2695/2695
f 2697/2697/2697 2678/2678/2678 2677/2677/2677
f 2693/2693/2693 2673/2673/2673 2697/2697/2697
f 2678/2678/2678 2697/2697/2697 2673/2673/2673
f 2698/2698/2698 2697/2697/2697 2677/2677/2677
f 2672/2672/2672 2696/2696/2696 2692/2692/2692
f 2695/2695/2695 2692/2692/2692 2696/2696/2696
f 2691/2691/2691 2696/2696/2696 2672/2672/2672
f 2696/2696/2696 2691/2691/2691 2694/2694/2694
f 2674/2674/2674 2694/2694/2694 2690/2690/2690
f 2694/2694/2694 2691/2691/2691 2690/2690/2690
f 2693/2693/2693 2694/2694/2694 2674/2674/2674
f 2682/2682/2682 2673/2673/2673 2693/2693/2693
f 2673/2673/2673 2682/2682/2682 2684/2684/2684
f 2679/2679/2679 2684/2684/2684 2685/2685/2685 2680/2680/2680
f 2693/2693/2693 2674/2674/2674 2682/2682/2682
f 2685/2685/2685 2675/2675/2675 2680/2680/2680
f 2685/2685/2685 2683/2683/2683 2681/2681/2681
f 2681/2681/2681 2675/2675/2675 2685/2685/2685
f 2689/2689/2689 2686/2686/2686 2674/2674/2674
f 2682/2682/2682 2674/2674/2674 2686/2686/2686
f 2688/2688/2688 2687/2687/2687 2686/2686/2686 2689/2689/2689
f 2676/2676/2676 2681/2681/2681 2687/2687/2687
f 2687/2687/2687 2688/2688/2688 2676/2676/2676
f 2687/2687/2687 2681/2681/2681 2683/2683/2683
f 2684/2684/2684 2679/2679/2679 2673/2673/2673
f 2704/2704/2704 2703/2703/2703 2701/2701/2701 2699/2699/2699
f 2700/2700/2700 2702/2702/2702 2703/2703/2703 2704/2704/2704
f 2728/2728/2728 2727/2727/2727 2729/2729/2729 2730/2730/2730
f 2727/2727/2727 2731/2731/2731 2732/2732/2732 2729/2729/2729
f 2720/2720/2720 2716/2716/2716 2715/2715/2715 2719/2719/2719
f 2716/2716/2716 2718/2718/2718 2717/2717/2717 2715/2715/2715
f 2726/2726/2726 2732/2732/2732 2705/2705/2705
f 2709/2709/2709 2705/2705/2705 2732/2732/2732
f 2732/2732/2732 2726/2726/2726 2729/2729/2729
f 2731/2731/2731 2710/2710/2710 2709/2709/2709
f 2727/2727/2727 2711/2711/2711 2731/2731/2731
f 2710/2710/2710 2731/2731/2731 2711/2711/2711
f 2732/2732/2732 2731/2731/2731 2709/2709/2709
f 2706/2706/2706 2730/2730/2730 2726/2726/2726
f 2729/2729/2729 2726/2726/2726 2730/2730/2730
f 2725/2725/2725 2730/2730/2730 2706/2706/2706
f 2730/2730/2730 2725/2725/2725 2728/2728/2728
f 2723/2723/2723 2728/2728/2728 2724/2724/2724
f 2728/2728/2728 2725/2725/2725 2724/2724/2724
f 2727/2727/2727 2728/2728/2728 2723/2723/2723
f 2723/2723/2723 2711/2711/2711 2727/2727/2727
f 2711/2711/2711 2715/2715/2715 2717/2717/2717
f 2713/2713/2713 2712/2712/2712 2717/2717/2717
f 2711/2711/2711 2723/2723/2723 2715/2715/2715
f 2718/2718/2718 2707/2707/2707 2713/2713/2713
f 2718/2718/2718 2716/2716/2716 2714/2714/2714
f 2714/2714/2714 2707/2707/2707 2718/2718/2718
f 2713/2713/2713 2717/2717/2717 2718/2718/2718
f 2722/2722/2722 2719/2719/2719 2723/2723/2723
f 2719/2719/2719 2715/2715/2715 2723/2723/2723
f 2721/2721/2721 2719/2719/2719 2722/2722/2722
f 2708/2708/2708 2714/2714/2714 2720/2720/2720
f 2720/2720/2720 2721/2721/2721 2708/2708/2708
f 2719/2719/2719 2721/2721/2721 2720/2720/2720
f 2716/2716/2716 2720/2720/2720 2714/2714/2714
f 2717/2717/2717 2712/2712/2712 2711/2711/2711
f 2737/2737/2737 2738/2738/2738 2735/2735/2735 2733/2733/2733
f 2734/2734/2734 2736/2736/2736 2738/2738/2738 2737/2737/2737
f 2747/2747/2747 2739/2739/2739 2742/2742/2742 2748/2748/2748
f 2746/2746/2746 2747/2747/2747 2748/2748/2748 2749/2749/2749
f 2745/2745/2745 2740/2740/2740 2750/2750/2750 2751/2751/2751
f 2741/2741/2741 2744/2744/2744 2752/2752/2752 2743/2743/2743
f 2744/2744/2744 2745/2745/2745 2751/2751/2751 2752/2752/2752
f 2740/2740/2740 2746/2746/2746 2749/2749/2749 2750/2750/2750
usemtl Plaster
v 4546.5537109375 0 -1791.3084716796875
v 4546.5537109375 0 -1576.8543701171875
v 4546.5537109375 0 -1362.400146484375
v 4607.826171875 0 -1362.400146484375
v 4607.826171875 0 -1221.0018310546875
v 4544.19677734375 0 -1221.0018310546875
v 4544.19677734375 0 -912.2821044921875
v 4544.19677734375 0 -603.5623779296875
v 3825.421875 0 -603.5623779296875
v 3106.64697265625 0 -603.5623779296875
v 2387.8720703125 0 -603.5623779296875
v 2387.8720703125 0 -752.0306396484375
v 3058.728759765625 0 -752.0306396484375
v 3729.585205078125 0 -752.0306396484375
v 4400.44189453125 0 -752.0306396484375
v 4400.44189453125 0 -1271.6695556640625
v 4400.44189453125 0 -1791.3084716796875
v 4546.5537109375 0 -1362.400146484375
v 4546.5537109375 260 -1362.400146484375
v 4546.5537109375 0 -1791.3084716796875
v 4546.5537109375 260 -1791.3084716796875
v 4546.5537109375 0 -1576.8543701171875
v 4546.5537109375 130 -1791.3084716796875
v 4546.5537109375 260 -1576.8543701171875
v 4546.5537109375 130 -1362.400146484375
v 4607.826171875 0 -1362.400146484375
v 4607.826171875 260 -1362.400146484375
v 4546.5537109375 0 -1362.400146484375
v 4546.5537109375 260 -1362.400146484375
v 4546.5537109375 130 -1362.400146484375
v 4607.826171875 130 -1362.400146484375
v 4607.826171875 0 -1221.0018310546875
v 4607.826171875 260 -1221.0018310546875
v 4607.826171875 0 -1362.400146484375
v 4607.826171875 260 -1362.400146484375
v 4607.826171875 130 -1362.400146484375
v 4607.826171875 130 -1221.0018310546875
v 4544.19677734375 0 -1221.0018310546875
v 4544.19677734375 260 -1221.0018310546875
v 4607.826171875 0 -1221.0018310546875
v 4607.826171875 260 -1221.0018310546875
v 4607.826171875 130 -1221.0018310546875
v 4544.19677734375 130 -1221.0018310546875
v 4544.19677734375 0 -603.5623779296875
v 4544.19677734375 260 -603.5623779296875
v 4544.19677734375 0 -1221.0018310546875
v 4544.19677734375 260 -1221.0018310546875
v 4544.19677734375 0 -912.2821044921875
v 4544.19677734375 130 -1221.0018310546875
v 4544.19677734375 260 -912.2821044921875
v 2387.8720703125 0 -603.5623779296875
v 2387.8720703125 260 -603.5623779296875
v 4544.19677734375 0 -603.5623779296875
v 4544.19677734375 260 -603.5623779296875
v 3106.64697265625 0 -603.5623779296875
v 3825.421875 0 -603.5623779296875
v 3825.421875 260 -603.5623779296875
v 3106.64697265625 260 -603.5623779296875
v 2387.8720703125 130 -603.5623779296875
v 2926.953125 130 -603.5623779296875
v 2926.953125 195 -603.5623779296875
v 2657.41259765625 130 -603.5623779296875
v 2657.41259765625 195 -603.5623779296875
v 2926.953125 65 -603.5623779296875
v 2657.41259765625 65 -603.5623779296875
v 2387.8720703125 0 -752.0306396484375
v 2387.8720703125 260 -752.0306396484375
v 2387.8720703125 0 -603.5623779296875
v 2387.8720703125 260 -603.5623779296875
v 2387.8720703125 130 -603.5623779296875
v 2387.8720703125 130 -752.0306396484375
v 4400.44189453125 0 -752.0306396484375
v 4400.44189453125 260 -752.0306396484375
v 2387.8720703125 0 -752.0306396484375
v 2387.8720703125 260 -752.0306396484375
v 3729.585205078125 0 -752.0306396484375
v 3058.728759765625 0 -752.0306396484375
v 2387.8720703125 130 -752.0306396484375
v 3058.728759765625 260 -752.0306396484375
v 3729.585205078125 260 -752.0306396484375
v 4400.44189453125 0 -1791.3084716796875
v 4400.44189453125 260 -1791.3084716796875
v 4400.44189453125 0 -752.0306396484375
v 4400.44189453125 260 -752.0306396484375
v 4400.44189453125 0 -1271.6695556640625
v 4400.44189453125 260 -1271.6695556640625
v 4400.44189453125 130 -1791.3084716796875
v 4546.5537109375 0 -1791.3084716796875
v 4546.5537109375 260 -1791.3084716796875
v 4400.44189453125 0 -1791.3084716796875
v 4400.44189453125 260 -1791.3084716796875
v 4546.5537109375 130 -1791.3084716796875
v 4400.44189453125 130 -1791.3084716796875
v 4546.5537109375 260 -1791.3084716796875
v 4546.5537109375 260 -1576.8543701171875
v 4546.5537109375 260 -1362.400146484375
v 4607.826171875 260 -1362.400146484375
v 4607.826171875 260 -1221.0018310546875
v 4544.19677734375 260 -1221.0018310546875
v 4544.19677734375 260 -912.2821044921875
v 4544.19677734375 260 -603.5623779296875
v 3825.421875 260 -603.5623779296875
v 3106.64697265625 260 -603.5623779296875
v 2387.8720703125 260 -603.5623779296875
v 2387.8720703125 260 -752.0306396484375
v 3058.728759765625 260 -752.0306396484375
v 3729.585205078125 260 -752.0306396484375
v 4400.44189453125 260 -752.0306396484375
v 4400.44189453125 260 -1271.6695556640625
v 4400.44189453125 260 -1791.3084716796875
vt 0.97266882658004761 0.62208884954452515
vt 0.97266882658004761 0.68842339515686035
vt 0.97266882658004761 0.75475788116455078
vt 0.99165594577789307 0.75475788116455078
vt 0.99165594577789307 0.79849493503570557
vt 0.97193855047225952 0.79849493503570557
vt 0.97193855047225952 0.89398747682571411
vt 0.97193855047225952 0.98948001861572266
vt 0.74920445680618286 0.98948001861572266
vt 0.5264703631401062 0.98948001861572266
vt 0.30373629927635193 0.98948001861572266
vt 0.30373629927635193 0.94355612993240356
vt 0.51162141561508179 0.94355612993240356
vt 0.71950656175613403 0.94355612993240356
vt 0.92739170789718628 0.94355612993240356
vt 0.92739170789718628 0.78282248973846436
vt 0.92739170789718628 0.62208884954452515
vt 0.21465522050857544 0
vt 0.13538303971290588 0
vt 0.21465522050857544 0.13318763673305511
vt 0.13538303971290588 0.13318763673305511
vt 0.21465522050857544 0.066593818366527557
vt 0.17501913011074066 0.13318763673305511
vt 0.13538303971290588 0.066593818366527557
vt 0.17501913011074066 0
vt 0.080737031996250153 0
vt 0 0
vt 0.080737031996250153 0.019026804715394974
vt 0 0.019026804715394974
vt 0.040368515998125076 0.019026804715394974
vt 0.040368515998125076 0
vt 0 0.32275694608688354
vt 0 0.4034939706325531
vt 0.042443167418241501 0.32275694608688354
vt 0.042443167418241501 0.4034939706325531
vt 0.042443167418241501 0.36312544345855713
vt 0 0.36312544345855713
vt 0.080737031996250153 0.15833358466625214
vt 0 0.15833358466625214
vt 0.080737031996250153 0.17809219658374786
vt 0 0.17809219658374786
vt 0.040368515998125076 0.17809219658374786
vt 0.040368515998125076 0.15833358466625214
vt 0.296857088804245 0
vt 0.296857088804245 0.079272188246250153
vt 0.48858875036239624 0
vt 0.48858875036239624 0.079272188246250153
vt 0.39272293448448181 0
vt 0.48858875036239624 0.039636094123125076
vt 0.39272293448448181 0.079272188246250153
vt 0.296857088804245 0.16147406399250031
vt 0.296857088804245 0.24074625968933105
vt 0.96645426750183105 0.16147406399250031
vt 0.96645426750183105 0.24074625968933105
vt 0.52005618810653687 0.16147406399250031
vt 0.74325525760650635 0.16147406399250031
vt 0.74325525760650635 0.24074625968933105
vt 0.52005618810653687 0.24074625968933105
vt 0.296857088804245 0.20111015439033508
vt 0.4642564058303833 0.20111015439033508
vt 0.4642564058303833 0.22092820703983307
vt 0.38055676221847534 0.20111015439033508
vt 0.38055676221847534 0.22092820703983307
vt 0.4642564058303833 0.18129211664199829
vt 0.38055676221847534 0.18129211664199829
vt 0.089279621839523315 0
vt 0.089279621839523315 0.080737031996250153
vt 0.13391819596290588 0
vt 0.13391819596290588 0.080737031996250153
vt 0.13391819596290588 0.040368515998125076
vt 0.089279621839523315 0.040368515998125076
vt 0.295392245054245 0
vt 0.21612006425857544 0
vt 0.295392245054245 0.6249573826789856
vt 0.21612006425857544 0.6249573826789856
vt 0.295392245054245 0.20831912755966187
vt 0.295392245054245 0.41663825511932373
vt 0.25575616955757141 0.6249573826789856
vt 0.21612006425857544 0.41663825511932373
vt 0.21612006425857544 0.20831912755966187
vt 0.296857088804245 0.080737031996250153
vt 0.296857088804245 0.16000922024250031
vt 0.61958098411560059 0.080737031996250153
vt 0.61958098411560059 0.16000922024250031
vt 0.45821905136108398 0.080737031996250153
vt 0.45821905136108398 0.16000922024250031
vt 0.296857088804245 0.12037312984466553
vt 0.043908011168241501 0.32275694608688354
vt 0.043908011168241501 0.4034939706325531
vt 0.087814778089523315 0.32275694608688354
vt 0.087814778089523315 0.4034939706325531
vt 0.043908011168241501 0.36312544345855713
vt 0.087814778089523315 0.36312544345855713
vt 0.97266882658004761 0.24588501453399658
vt 0.97266882658004761 0.3122195303440094
vt 0.97266882658004761 0.37855404615402222
vt 0.99165594577789307 0.37855404615402222
vt 0.99165594577789307 0.422291100025177
vt 0.97193855047225952 0.422291100025177
vt 0.97193855047225952 0.51778364181518555
vt 0.97193855047225952 0.61327618360519409
vt 0.74920445680618286 0.61327618360519409
vt 0.5264703631401062 0.61327618360519409
vt 0.30373629927635193 0.61327618360519409
vt 0.30373629927635193 0.567352294921875
vt 0.51162141561508179 0.567352294921875
vt 0.71950656175613403 0.567352294921875
vt 0.92739170789718628 0.567352294921875
vt 0.92739170789718628 0.40661865472793579
vt 0.92739170789718628 0.24588501453399658
vn 0 -1 0
vn 0 -1 0
vn 0 -1 0
vn 0 -1 0
vn 0 -1 0
vn 0 -1 0
vn 0 -1 0
vn 0 -1 0
vn 0 -1 0
vn 0 -1 0
vn 0 -1 0
vn 0 -1 0
vn 0 -1 0
vn 0 -1 0
vn 0 -1 0
vn 0 -1 0
vn 0 -1 0
vn 1 0 0
vn 1 0 0
vn 1 0 0
vn 1 0 0
vn 1 0 0
vn 1 0 0
vn 1 0 0
vn 1 0 0
vn 0 0 -1
vn 0 0 -1
vn 0 0 -1
vn 0 0 -1
vn 0 0 -1
vn 0 0 -1
vn 1 0 0
vn 1 0 0
vn 1 0 0
vn 1 0 0
vn 1 0 0
vn 1 0 0
vn 0 0 1
vn 0 0 1
vn 0 0 1
vn 0 0 1
vn 0 0 1
vn 0 0 1
vn 1 0 0
vn 1 0 0
vn 1 0 0
vn 1 0 0
vn 1 0 0
vn 1 0 0
vn 1 0 0
vn 0 0 1
vn 0 0 1
vn 0 0 1
vn 0 0 1
vn 0 0 1
vn 0 0 1
vn 0 0 1
vn 0 0 1
vn 0 0 1
vn 0 0 1
vn 0 0 1
vn 0 0 1
vn 0 0 1
vn 0 0 1
vn 0 0 1
vn -1 0 0
vn -1 0 0
vn -1 0 0
vn -1 0 0
vn -1 0 0
vn -1 0 0
vn 0 0 -1
vn 0 0 -1
vn 0 0 -1
vn 0 0 -1
vn 0 0 -1
vn 0 0 -1
vn 0 0 -1
vn 0 0 -1
vn 0 0 -1
vn -1 0 0
vn -1 0 0
vn -1 0 0
vn -1 0 0
vn -1 0 0
vn -1 0 0
vn -1 0 0
vn 0 0 -1
vn 0 0 -1
vn 0 0 -1
vn 0 0 -1
vn 0 0 -1
vn 0 0 -1
vn 0 1 0
vn 0 1 0
vn 0 1 0
vn 0 1 0
vn 0 1 0
vn 0 1 0
vn 0 1 0
vn 0 1 0
vn 0 1 0
vn 0 1 0
vn 0 1 0
vn 0 1 0
vn 0 1 0
vn 0 1 0
vn 0 1 0
vn 0 1 0
vn 0 1 0
f 2764/2764/2764 2765/2765/2765 2762/2762/2762 2763/2763/2763
f 2768/2768/2768 2769/2769/2769 2754/2754/2754 2755/2755/2755
f 2761/2761/2761 2762/2762/2762 2765/2765/2765 2766/2766/2766
f 2766/2766/2766 2767/2767/2767 2760/2760/2760 2761/2761/2761
f 2767/2767/2767 2768/2768/2768 2758/2758/2758 2759/2759/2759
f 2755/2755/2755 2756/2756/2756 2757/2757/2757 2758/2758/2758
f 2755/2755/2755 2758/2758/2758 2768/2768/2768
f 2767/2767/2767 2759/2759/2759 2760/2760/2760
f 2753/2753/2753 2754/2754/2754 2769/2769/2769
f 2777/2777/2777 2770/2770/2770 2774/2774/2774
f 2777/2777/2777 2776/2776/2776 2771/2771/2771
f 2775/2775/2775 2777/2777/2777 2774/2774/2774
f 2777/2777/2777 2775/2775/2775 2776/2776/2776
f 2775/2775/2775 2773/2773/2773 2776/2776/2776
f 2772/2772/2772 2775/2775/2775 2774/2774/2774
f 2783/2783/2783 2778/2778/2778 2780/2780/2780 2782/2782/2782
f 2779/2779/2779 2783/2783/2783 2782/2782/2782 2781/2781/2781
f 2789/2789/2789 2784/2784/2784 2786/2786/2786 2788/2788/2788
f 2785/2785/2785 2789/2789/2789 2788/2788/2788 2787/2787/2787
f 2795/2795/2795 2790/2790/2790 2792/2792/2792 2794/2794/2794
f 2791/2791/2791 2795/2795/2795 2794/2794/2794 2793/2793/2793
f 2797/2797/2797 2796/2796/2796 2800/2800/2800 2802/2802/2802
f 2800/2800/2800 2801/2801/2801 2802/2802/2802
f 2801/2801/2801 2799/2799/2799 2802/2802/2802
f 2798/2798/2798 2801/2801/2801 2800/2800/2800
f 2813/2813/2813 2815/2815/2815 2814/2814/2814 2812/2812/2812
f 2812/2812/2812 2814/2814/2814 2817/2817/2817 2816/2816/2816
f 2816/2816/2816 2817/2817/2817 2807/2807/2807
f 2803/2803/2803 2807/2807/2807 2817/2817/2817
f 2811/2811/2811 2803/2803/2803 2817/2817/2817
f 2815/2815/2815 2804/2804/2804 2811/2811/2811
f 2811/2811/2811 2814/2814/2814 2815/2815/2815
f 2814/2814/2814 2811/2811/2811 2817/2817/2817
f 2810/2810/2810 2804/2804/2804 2815/2815/2815 2813/2813/2813
f 2808/2808/2808 2812/2812/2812 2807/2807/2807
f 2816/2816/2816 2807/2807/2807 2812/2812/2812
f 2809/2809/2809 2812/2812/2812 2808/2808/2808
f 2805/2805/2805 2806/2806/2806 2809/2809/2809 2808/2808/2808
f 2810/2810/2810 2813/2813/2813 2812/2812/2812
f 2809/2809/2809 2810/2810/2810 2812/2812/2812
f 2823/2823/2823 2818/2818/2818 2820/2820/2820 2822/2822/2822
f 2819/2819/2819 2823/2823/2823 2822/2822/2822 2821/2821/2821
f 2828/2828/2828 2832/2832/2832 2825/2825/2825 2824/2824/2824
f 2828/2828/2828 2829/2829/2829 2831/2831/2831 2832/2832/2832
f 2830/2830/2830 2829/2829/2829 2826/2826/2826
f 2827/2827/2827 2831/2831/2831 2830/2830/2830
f 2829/2829/2829 2830/2830/2830 2831/2831/2831
f 2837/2837/2837 2839/2839/2839 2833/2833/2833
f 2838/2838/2838 2834/2834/2834 2839/2839/2839
f 2835/2835/2835 2836/2836/2836 2838/2838/2838 2837/2837/2837
f 2839/2839/2839 2837/2837/2837 2838/2838/2838
f 2844/2844/2844 2840/2840/2840 2842/2842/2842 2845/2845/2845
f 2841/2841/2841 2844/2844/2844 2845/2845/2845 2843/2843/2843
f 2857/2857/2857 2856/2856/2856 2855/2855/2855 2858/2858/2858
f 2861/2861/2861 2848/2848/2848 2847/2847/2847 2862/2862/2862
f 2854/2854/2854 2859/2859/2859 2858/2858/2858 2855/2855/2855
f 2859/2859/2859 2854/2854/2854 2853/2853/2853 2860/2860/2860
f 2860/2860/2860 2852/2852/2852 2851/2851/2851 2861/2861/2861
f 2848/2848/2848 2851/2851/2851 2850/2850/2850 2849/2849/2849
f 2848/2848/2848 2861/2861/2861 2851/2851/2851
f 2860/2860/2860 2853/2853/2853 2852/2852/2852
f 2846/2846/2846 2862/2862/2862 2847/2847/2847
usemtl Plaster
v 3223.3583984375 0 -1427.9281005859375
v 3269.665283203125 0 -1427.9281005859375
v 3269.665283203125 0 -1915.89990234375
v 3269.665283203125 0 -2403.871826171875
v 3125.096435546875 0 -2403.871826171875
v 2980.527587890625 0 -2403.871826171875
v 2980.527587890625 0 -2362.124755859375
v 3023.82080078125 0 -2362.124755859375
v 3023.82080078125 0 -2006.5008544921875
v 3023.82080078125 0 -1650.8768310546875
v 2779.522705078125 0 -1650.8768310546875
v 2535.224609375 0 -1650.8768310546875
v 2535.224609375 0 -1606.697509765625
v 2879.29150390625 0 -1606.697509765625
v 3223.3583984375 0 -1606.697509765625
v 3269.665283203125 0 -1427.9281005859375
v 3269.665283203125 260 -1427.9281005859375
v 3223.3583984375 0 -1427.9281005859375
v 3223.3583984375 260 -1427.9281005859375
v 3223.3583984375 130 -1427.9281005859375
v 3269.665283203125 130 -1427.9281005859375
v 3269.665283203125 0 -2403.871826171875
v 3269.665283203125 260 -2403.871826171875
v 3269.665283203125 0 -1427.9281005859375
v 3269.665283203125 260 -1427.9281005859375
v 3269.665283203125 0 -1915.89990234375
v 3269.665283203125 130 -1427.9281005859375
v 3269.665283203125 130 -2403.871826171875
v 3269.665283203125 260 -1915.89990234375
v 2980.527587890625 0 -2403.871826171875
v 2980.527587890625 260 -2403.871826171875
v 3269.665283203125 0 -2403.871826171875
v 3269.665283203125 260 -2403.871826171875
v 3125.096435546875 0 -2403.871826171875
v 3269.665283203125 130 -2403.871826171875
v 3125.096435546875 260 -2403.871826171875
v 2980.527587890625 173.33332824707031 -2403.871826171875
v 2980.527587890625 86.666664123535156 -2403.871826171875
v 2980.527587890625 0 -2362.124755859375
v 2980.527587890625 260 -2362.124755859375
v 2980.527587890625 0 -2403.871826171875
v 2980.527587890625 260 -2403.871826171875
v 2980.527587890625 86.666664123535156 -2403.871826171875
v 2980.527587890625 173.33332824707031 -2403.871826171875
v 2980.527587890625 173.33332824707031 -2362.124755859375
v 2980.527587890625 86.666664123535156 -2362.124755859375
v 3023.82080078125 0 -2362.124755859375
v 3023.82080078125 260 -2362.124755859375
v 2980.527587890625 0 -2362.124755859375
v 2980.527587890625 260 -2362.124755859375
v 2980.527587890625 86.666664123535156 -2362.124755859375
v 2980.527587890625 173.33332824707031 -2362.124755859375
v 3023.82080078125 173.33332824707031 -2362.124755859375
v 3023.82080078125 86.666664123535156 -2362.124755859375
v 3023.82080078125 0 -1650.8768310546875
v 3023.82080078125 260 -1650.8768310546875
v 3023.82080078125 0 -2362.124755859375
v 3023.82080078125 260 -2362.124755859375
v 3023.82080078125 0 -2006.5008544921875
v 3023.82080078125 86.666664123535156 -2362.124755859375
v 3023.82080078125 173.33332824707031 -2362.124755859375
v 3023.82080078125 130 -2006.5008544921875
v 3023.82080078125 130 -2184.312744140625
v 3023.82080078125 65 -2006.5008544921875
v 3023.82080078125 65 -2184.312744140625
v 3023.82080078125 195 -2006.5008544921875
v 3023.82080078125 195 -2184.312744140625
v 3023.82080078125 260 -2006.5008544921875
v 2535.224609375 0 -1650.8768310546875
v 2535.224609375 260 -1650.8768310546875
v 3023.82080078125 0 -1650.8768310546875
v 3023.82080078125 260 -1650.8768310546875
v 2779.522705078125 0 -1650.8768310546875
v 2779.522705078125 260 -1650.8768310546875
v 2535.224609375 130 -1650.8768310546875
v 2535.224609375 0 -1606.697509765625
v 2535.224609375 260 -1606.697509765625
v 2535.224609375 0 -1650.8768310546875
v 2535.224609375 260 -1650.8768310546875
v 2535.224609375 130 -1650.8768310546875
v 2535.224609375 130 -1606.697509765625
v 3223.3583984375 0 -1606.697509765625
v 3223.3583984375 260 -1606.697509765625
v 2535.224609375 0 -1606.697509765625
v 2535.224609375 260 -1606.697509765625
v 2879.29150390625 0 -1606.697509765625
v 2535.224609375 130 -1606.697509765625
v 2879.29150390625 260 -1606.697509765625
v 3223.3583984375 130 -1606.697509765625
v 3223.3583984375 0 -1427.9281005859375
v 3223.3583984375 260 -1427.9281005859375
v 3223.3583984375 0 -1606.697509765625
v 3223.3583984375 260 -1606.697509765625
v 3223.3583984375 130 -1427.9281005859375
v 3223.3583984375 130 -1606.697509765625
v 3223.3583984375 260 -1427.9281005859375
v 3269.665283203125 260 -1427.9281005859375
v 3269.665283203125 260 -1915.89990234375
v 3269.665283203125 260 -2403.871826171875
v 3125.096435546875 260 -2403.871826171875
v 2980.527587890625 260 -2403.871826171875
v 2980.527587890625 260 -2362.124755859375
v 3023.82080078125 260 -2362.124755859375
v 3023.82080078125 260 -2006.5008544921875
v 3023.82080078125 260 -1650.8768310546875
v 2779.522705078125 260 -1650.8768310546875
v 2535.224609375 260 -1650.8768310546875
v 2535.224609375 260 -1606.697509765625
v 2879.29150390625 260 -1606.697509765625
v 3223.3583984375 260 -1606.697509765625
vt 0.97435814142227173 0.0044170212931931019
vt 0.99522548913955688 0.0044170212931931019
vt 0.99522548913955688 0.22526808083057404
vt 0.99522548913955688 0.44611909985542297
vt 0.93007785081863403 0.44611909985542297
vt 0.86493015289306641 0.44611909985542297
vt 0.86493015289306641 0.4272247850894928
vt 0.88443964719772339 0.4272247850894928
vt 0.88443964719772339 0.26627308130264282
vt 0.88443964719772339 0.10532136261463165
vt 0.77435046434402466 0.10532136261463165
vt 0.6642613410949707 0.10532136261463165
vt 0.6642613410949707 0.085326246917247772
vt 0.8193097710609436 0.085326246917247772
vt 0.97435814142227173 0.085326246917247772
vt 0.11767331510782242 0.43335813283920288
vt 0 0.43335813283920288
vt 0.11767331510782242 0.45431607961654663
vt 0 0.45431607961654663
vt 0.058836657553911209 0.45431607961654663
vt 0.058836657553911209 0.43335813283920288
vt 0 0
vt 0 0.11620847135782242
vt 0.44170209765434265 0
vt 0.44170209765434265 0.11620847135782242
vt 0.22085104882717133 0
vt 0.44170209765434265 0.058104235678911209
vt 0 0.058104235678911209
vt 0.22085104882717133 0.11620847135782242
vt 0.24882763624191284 0.46214780211448669
vt 0.13115431368350983 0.46214780211448669
vt 0.24882763624191284 0.59300851821899414
vt 0.13115431368350983 0.59300851821899414
vt 0.24882763624191284 0.52757817506790161
vt 0.18999098241329193 0.59300851821899414
vt 0.13115431368350983 0.52757817506790161
vt 0.17037875950336456 0.46214780211448669
vt 0.20960319042205811 0.46214780211448669
vt 0.11767331510782242 0.35301995277404785
vt 0 0.35301995277404785
vt 0.11767331510782242 0.37191429734230042
vt 0 0.37191429734230042
vt 0.078448876738548279 0.37191429734230042
vt 0.039224438369274139 0.37191429734230042
vt 0.039224438369274139 0.35301995277404785
vt 0.078448876738548279 0.35301995277404785
vt 0.11767331510782242 0.37897488474845886
vt 0 0.37897488474845886
vt 0.11767331510782242 0.39856898784637451
vt 0 0.39856898784637451
vt 0.078448876738548279 0.39856898784637451
vt 0.039224438369274139 0.39856898784637451
vt 0.039224438369274139 0.37897488474845886
vt 0.078448876738548279 0.37897488474845886
vt 0 0.64190965890884399
vt 0 0.7595829963684082
vt 0.32043859362602234 0.64190965890884399
vt 0.32043859362602234 0.7595829963684082
vt 0.16021929681301117 0.64190965890884399
vt 0.32043859362602234 0.68113410472869873
vt 0.32043859362602234 0.72035855054855347
vt 0.16021929681301117 0.70074629783630371
vt 0.24032893776893616 0.70074629783630371
vt 0.16021929681301117 0.67132800817489624
vt 0.24032893776893616 0.67132800817489624
vt 0.16021929681301117 0.73016464710235596
vt 0.24032893776893616 0.73016464710235596
vt 0.16021929681301117 0.7595829963684082
vt 0 0.11767331510782242
vt 0 0.23388178646564484
vt 0.22113366425037384 0.11767331510782242
vt 0.22113366425037384 0.23388178646564484
vt 0.11056683212518692 0.11767331510782242
vt 0.11056683212518692 0.23388178646564484
vt 0 0.17577755451202393
vt 0.11767331510782242 0.40589109063148499
vt 0 0.40589109063148499
vt 0.11767331510782242 0.42588621377944946
vt 0 0.42588621377944946
vt 0.058836657553911209 0.42588621377944946
vt 0.058836657553911209 0.40589109063148499
vt 0 0.23534663021564484
vt 0 0.35155510902404785
vt 0.31144234538078308 0.23534663021564484
vt 0.31144234538078308 0.35155510902404785
vt 0.15572117269039154 0.23534663021564484
vt 0.31144234538078308 0.29345086216926575
vt 0.15572117269039154 0.35155510902404785
vt 0 0.29345086216926575
vt 0 0.46214780211448669
vt 0 0.57982110977172852
vt 0.080909229815006256 0.46214780211448669
vt 0.080909229815006256 0.57982110977172852
vt 0 0.5209844708442688
vt 0.080909229815006256 0.5209844708442688
vt 0.63530987501144409 0.35742262005805969
vt 0.65617722272872925 0.35742262005805969
vt 0.65617722272872925 0.57755559682846069
vt 0.65617722272872925 0.79768860340118408
vt 0.59102952480316162 0.79768860340118408
vt 0.52588188648223877 0.79768860340118408
vt 0.52588188648223877 0.77885568141937256
vt 0.54539132118225098 0.77885568141937256
vt 0.54539132118225098 0.61842727661132813
vt 0.54539132118225098 0.45799887180328369
vt 0.43530219793319702 0.45799887180328369
vt 0.32521307468414307 0.45799887180328369
vt 0.32521307468414307 0.43806877732276917
vt 0.48026147484779358 0.43806877732276917
vt 0.63530987501144409 0.43806877732276917
vn 0 -1 0
vn 0 -1 0
vn 0 -1 0
vn 0 -1 0
vn 0 -1 0
vn 0 -1 0
vn 0 -1 0
vn 0 -1 0
vn 0 -1 0
vn 0 -1 0
vn 0 -1 0
vn 0 -1 0
vn 0 -1 0
vn 0 -1 0
vn 0 -1 0
vn 0 0 1
vn 0 0 1
vn 0 0 1
vn 0 0 1
vn 0 0 1
vn 0 0 1
vn 1 0 0
vn 1 0 0
vn 1 0 0
vn 1 0 0
vn 1 0 0
vn 1 0 0
vn 1 0 0
vn 1 0 0
vn 0 0 -1
vn 0 0 -1
vn 0 0 -1
vn 0 0 -1
vn 0 0 -1
vn 0 0 -1
vn 0 0 -1
vn 0 0 -1
vn 0 0 -1
vn -1 0 0
vn -1 0 0
vn -1 0 0
vn -1 0 0
vn -1 0 0
vn -1 0 0
vn -1 0 0
vn -1 0 0
vn 0 0 1
vn 0 0 1
vn 0 0 1
vn 0 0 1
vn 0 0 1
vn 0 0 1
vn 0 0 1
vn 0 0 1
vn -1 0 0
vn -1 0 0
vn -1 0 0
vn -1 0 0
vn -1 0 0
vn -1 0 0
vn -1 0 0
vn -1 0 0
vn -1 0 0
vn -1 0 0
vn -1 0 0
vn -1 0 0
vn -1 0 0
vn -1 0 0
vn 0 0 -1
vn 0 0 -1
vn 0 0 -1
vn 0 0 -1
vn 0 0 -1
vn 0 0 -1
vn 0 0 -1
vn -1 0 0
vn -1 0 0
vn -1 0 0
vn -1 0 0
vn -1 0 0
vn -1 0 0
vn 0 0 1
vn 0 0 1
vn 0 0 1
vn 0 0 1
vn 0 0 1
vn 0 0 1
vn 0 0 1
vn 0 0 1
vn -1 0 0
vn -1 0 0
vn -1 0 0
vn -1 0 0
vn -1 0 0
vn -1 0 0
vn 0 1 0
vn 0 1 0
vn 0 1 0
vn 0 1 0
vn 0 1 0
vn 0 1 0
vn 0 1 0
vn 0 1 0
vn 0 1 0
vn 0 1 0
vn 0 1 0
vn 0 1 0
vn 0 1 0
vn 0 1 0
vn 0 1 0
f 2873/2873/2873 2876/2876/2876 2875/2875/2875 2874/2874/2874
f 2868/2868/2868 2870/2870/2870 2869/2869/2869
f 2872/2872/2872 2876/2876/2876 2873/2873/2873
f 2877/2877/2877 2872/2872/2872 2865/2865/2865
f 2864/2864/2864 2863/2863/2863 2877/2877/2877
f 2877/2877/2877 2865/2865/2865 2864/2864/2864
f 2872/2872/2872 2871/2871/2871 2865/2865/2865
f 2867/2867/2867 2871/2871/2871 2870/2870/2870
f 2865/2865/2865 2871/2871/2871 2867/2867/2867
f 2867/2867/2867 2866/2866/2866 2865/2865/2865
f 2868/2868/2868 2867/2867/2867 2870/2870/2870
f 2877/2877/2877 2876/2876/2876 2872/2872/2872
f 2883/2883/2883 2882/2882/2882 2880/2880/2880 2878/2878/2878
f 2879/2879/2879 2881/2881/2881 2882/2882/2882 2883/2883/2883
f 2890/2890/2890 2888/2888/2888 2884/2884/2884
f 2890/2890/2890 2885/2885/2885 2891/2891/2891
f 2889/2889/2889 2888/2888/2888 2890/2890/2890
f 2890/2890/2890 2891/2891/2891 2889/2889/2889
f 2889/2889/2889 2891/2891/2891 2887/2887/2887
f 2886/2886/2886 2888/2888/2888 2889/2889/2889
f 2896/2896/2896 2892/2892/2892 2900/2900/2900
f 2898/2898/2898 2899/2899/2899 2893/2893/2893
f 2899/2899/2899 2898/2898/2898 2900/2900/2900
f 2897/2897/2897 2894/2894/2894 2896/2896/2896
f 2895/2895/2895 2897/2897/2897 2898/2898/2898
f 2896/2896/2896 2898/2898/2898 2897/2897/2897
f 2900/2900/2900 2898/2898/2898 2896/2896/2896
f 2908/2908/2908 2905/2905/2905 2903/2903/2903 2901/2901/2901
f 2902/2902/2902 2904/2904/2904 2906/2906/2906 2907/2907/2907
f 2907/2907/2907 2906/2906/2906 2905/2905/2905 2908/2908/2908
f 2916/2916/2916 2913/2913/2913 2911/2911/2911 2909/2909/2909
f 2910/2910/2910 2912/2912/2912 2914/2914/2914 2915/2915/2915
f 2915/2915/2915 2914/2914/2914 2913/2913/2913 2916/2916/2916
f 2929/2929/2929 2925/2925/2925 2924/2924/2924 2928/2928/2928
f 2925/2925/2925 2927/2927/2927 2926/2926/2926 2924/2924/2924
f 2926/2926/2926 2921/2921/2921 2917/2917/2917
f 2924/2924/2924 2926/2926/2926 2917/2917/2917
f 2928/2928/2928 2924/2924/2924 2918/2918/2918
f 2917/2917/2917 2918/2918/2918 2924/2924/2924
f 2918/2918/2918 2930/2930/2930 2928/2928/2928
f 2928/2928/2928 2930/2930/2930 2929/2929/2929
f 2921/2921/2921 2926/2926/2926 2927/2927/2927
f 2922/2922/2922 2919/2919/2919 2927/2927/2927
f 2921/2921/2921 2927/2927/2927 2919/2919/2919
f 2925/2925/2925 2922/2922/2922 2927/2927/2927
f 2923/2923/2923 2925/2925/2925 2929/2929/2929
f 2929/2929/2929 2920/2920/2920 2923/2923/2923
f 2923/2923/2923 2922/2922/2922 2925/2925/2925
f 2930/2930/2930 2920/2920/2920 2929/2929/2929
f 2935/2935/2935 2931/2931/2931 2937/2937/2937
f 2936/2936/2936 2937/2937/2937 2932/2932/2932
f 2933/2933/2933 2935/2935/2935 2936/2936/2936 2934/2934/2934
f 2937/2937/2937 2936/2936/2936 2935/2935/2935
f 2943/2943/2943 2942/2942/2942 2940/2940/2940 2938/2938/2938
f 2939/2939/2939 2941/2941/2941 2942/2942/2942 2943/2943/2943
f 2951/2951/2951 2948/2948/2948 2944/2944/2944
f 2951/2951/2951 2945/2945/2945 2950/2950/2950
f 2950/2950/2950 2948/2948/2948 2951/2951/2951
f 2948/2948/2948 2950/2950/2950 2949/2949/2949
f 2949/2949/2949 2950/2950/2950 2947/2947/2947
f 2946/2946/2946 2948/2948/2948 2949/2949/2949
f 2956/2956/2956 2957/2957/2957 2954/2954/2954 2952/2952/2952
f 2953/2953/2953 2955/2955/2955 2957/2957/2957 2956/2956/2956
f 2968/2968/2968 2969/2969/2969 2970/2970/2970 2971/2971/2971
f 2963/2963/2963 2964/2964/2964 2965/2965/2965
f 2967/2967/2967 2968/2968/2968 2971/2971/2971
f 2972/2972/2972 2960/2960/2960 2967/2967/2967
f 2959/2959/2959 2972/2972/2972 2958/2958/2958
f 2972/2972/2972 2959/2959/2959 2960/2960/2960
f 2967/2967/2967 2960/2960/2960 2966/2966/2966
f 2962/2962/2962 2965/2965/2965 2966/2966/2966
f 2960/2960/2960 2962/2962/2962 2966/2966/2966
f 2962/2962/2962 2960/2960/2960 2961/2961/2961
f 2963/2963/2963 2965/2965/2965 2962/2962/2962
f 2972/2972/2972 2967/2967/2967 2971/2971/2971
usemtl Plaster
v 1312.392578125 0 -2356.28662109375
v 1312.392578125 0 -2402.6259765625
v 1674.5899658203125 0 -2356.28662109375
v 1674.5899658203125 0 -2402.6259765625
v 1433.125 0 -2356.28662109375
v 1553.8575439453125 0 -2356.28662109375
v 1553.8575439453125 0 -2402.6259765625
v 1433.125 0 -2402.6259765625
v 1674.5899658203125 0 -2356.28662109375
v 1674.5899658203125 260 -2356.28662109375
v 1312.392578125 0 -2356.28662109375
v 1312.392578125 260 -2356.28662109375
v 1553.8575439453125 0 -2356.28662109375
v 1433.125 0 -2356.28662109375
v 1312.392578125 130 -2356.28662109375
v 1433.125 260 -2356.28662109375
v 1553.8575439453125 260 -2356.28662109375
v 1674.5899658203125 130 -2356.28662109375
v 1674.5899658203125 0 -2402.6259765625
v 1674.5899658203125 260 -2402.6259765625
v 1674.5899658203125 0 -2356.28662109375
v 1674.5899658203125 260 -2356.28662109375
v 1674.5899658203125 130 -2356.28662109375
v 1674.5899658203125 130 -2402.6259765625
v 1312.392578125 0 -2402.6259765625
v 1312.392578125 260 -2402.6259765625
v 1674.5899658203125 0 -2402.6259765625
v 1674.5899658203125 260 -2402.6259765625
v 1433.125 0 -2402.6259765625
v 1553.8575439453125 0 -2402.6259765625
v 1674.5899658203125 130 -2402.6259765625
v 1553.8575439453125 260 -2402.6259765625
v 1433.125 260 -2402.6259765625
v 1312.392578125 130 -2402.6259765625
v 1312.392578125 0 -2356.28662109375
v 1312.392578125 260 -2356.28662109375
v 1312.392578125 0 -2402.6259765625
v 1312.392578125 260 -2402.6259765625
v 1312.392578125 130 -2402.6259765625
v 1312.392578125 130 -2356.28662109375
v 1312.392578125 260 -2356.28662109375
v 1312.392578125 260 -2402.6259765625
v 1674.5899658203125 260 -2356.28662109375
v 1674.5899658203125 260 -2402.6259765625
v 1433.125 260 -2356.28662109375
v 1553.8575439453125 260 -2356.28662109375
v 1553.8575439453125 260 -2402.6259765625
v 1433.125 260 -2402.6259765625
vt 0.33705350756645203 0
vt 0.25388875603675842 0
vt 0.33705350756645203 0.66148161888122559
vt 0.25388875603675842 0.66148161888122559
vt 0.33705350756645203 0.22049388289451599
vt 0.33705350756645203 0.44098776578903198
vt 0.25388875603675842 0.44098776578903198
vt 0.25388875603675842 0.22049388289451599
vt 0.33851835131645203 0.4748382568359375
vt 0.33851835131645203 0.948211669921875
vt 0.99853515625 0.4748382568359375
vt 0.99853515625 0.948211669921875
vt 0.55852395296096802 0.4748382568359375
vt 0.7785295844078064 0.4748382568359375
vt 0.99853515625 0.71152496337890625
vt 0.7785295844078064 0.948211669921875
vt 0.55852395296096802 0.948211669921875
vt 0.33851835131645203 0.71152496337890625
vt 0 0
vt 0 0.4748382568359375
vt 0.083164744079113007 0
vt 0.083164744079113007 0.4748382568359375
vt 0.083164744079113007 0.23741912841796875
vt 0 0.23741912841796875
vt 0.33851835131645203 0
vt 0.33851835131645203 0.4733734130859375
vt 0.99853515625 0
vt 0.99853515625 0.4733734130859375
vt 0.55852395296096802 0
vt 0.7785295844078064 0
vt 0.99853515625 0.23668670654296875
vt 0.7785295844078064 0.4733734130859375
vt 0.55852395296096802 0.4733734130859375
vt 0.33851835131645203 0.23668670654296875
vt 0.084629587829113007 0
vt 0.084629587829113007 0.4748382568359375
vt 0.16779433190822601 0
vt 0.16779433190822601 0.4748382568359375
vt 0.16779433190822601 0.23741912841796875
vt 0.084629587829113007 0.23741912841796875
vt 0.25242391228675842 0
vt 0.16925917565822601 0
vt 0.25242391228675842 0.66148161888122559
vt 0.16925917565822601 0.66148161888122559
vt 0.25242391228675842 0.22049388289451599
vt 0.25242391228675842 0.44098776578903198
vt 0.16925917565822601 0.44098776578903198
vt 0.16925917565822601 0.22049388289451599
vn 0 -1 0
vn 0 -1 0
vn 0 -1 0
vn 0 -1 0
vn 0 -1 0
vn 0 -1 0
vn 0 -1 0
vn 0 -1 0
vn 0 0 1
vn 0 0 1
vn 0 0 1
vn 0 0 1
vn 0 0 1
vn 0 0 1
vn 0 0 1
vn 0 0 1
vn 0 0 1
vn 0 0 1
vn 1 0 0
vn 1 0 0
vn 1 0 0
vn 1 0 0
vn 1 0 0
vn 1 0 0
vn 0 0 -1
vn 0 0 -1
vn 0 0 -1
vn 0 0 -1
vn 0 0 -1
vn 0 0 -1
vn 0 0 -1
vn 0 0 -1
vn 0 0 -1
vn 0 0 -1
vn -1 0 0
vn -1 0 0
vn -1 0 0
vn -1 0 0
vn -1 0 0
vn -1 0 0
vn 0 1 0
vn 0 1 0
vn 0 1 0
vn 0 1 0
vn 0 1 0
vn 0 1 0
vn 0 1 0
vn 0 1 0
f 2973/2973/2973 2974/2974/2974 2980/2980/2980 2977/2977/2977
f 2979/2979/2979 2978/2978/2978 2977/2977/2977 2980/2980/2980
f 2978/2978/2978 2979/2979/2979 2976/2976/2976 2975/2975/2975
f 2990/2990/2990 2985/2985/2985 2981/2981/2981
f 2982/2982/2982 2989/2989/2989 2990/2990/2990
f 2990/2990/2990 2989/2989/2989 2988/2988/2988 2987/2987/2987
f 2987/2987/2987 2986/2986/2986 2985/2985/2985 2990/2990/2990
f 2987/2987/2987 2983/2983/2983 2986/2986/2986
f 2984/2984/2984 2987/2987/2987 2988/2988/2988
f 2996/2996/2996 2995/2995/2995 2993/2993/2993 2991/2991/2991
f 2992/2992/2992 2994/2994/2994 2995/2995/2995 2996/2996/2996
f 3006/3006/3006 3001/3001/3001 2997/2997/2997
f 2998/2998/2998 3005/3005/3005 3006/3006/3006
f 3006/3006/3006 3005/3005/3005 3004/3004/3004 3003/3003/3003
f 3002/3002/3002 3001/3001/3001 3006/3006/3006
f 3003/3003/3003 2999/2999/2999 3002/3002/3002
f 3000/3000/3000 3003/3003/3003 3004/3004/3004
f 3002/3002/3002 3006/3006/3006 3003/3003/3003
f 3012/3012/3012 3011/3011/3011 3009/3009/3009 3007/3007/3007
f 3008/3008/3008 3010/3010/3010 3011/3011/3011 3012/3012/3012
f 3013/3013/3013 3017/3017/3017 3020/3020/3020 3014/3014/3014
f 3019/3019/3019 3020/3020/3020 3017/3017/3017 3018/3018/3018
f 3018/3018/3018 3015/3015/3015 3016/3016/3016 3019/3019/3019
usemtl Clipboard-700cea7e-5acd-4770-aad3-25635cf34ce3
v 0.058161977678537369 0 -0.056954968720674515
v 0.058161977678537369 0 -5990.83837890625
v 7324.03173828125 0 -0.056954968720674515
v 7324.03173828125 0 -5990.83837890625
vt 0 0
vt 0 1
vt 1 0
vt 1 1
vn 0 1 0
vn 0 1 0
vn 0 1 0
vn 0 1 0
f 3024/3024/3024 3022/3022/3022 3021/3021/3021 3023/3023/3023
